0 verbose cli /home/engine/.nvm/versions/node/v24.16.0/bin/node /home/engine/.nvm/versions/node/v24.16.0/bin/npm
1 info using npm@11.13.0
2 info using node@v24.16.0
3 silly config load:file:/home/engine/.nvm/versions/node/v24.16.0/lib/node_modules/npm/npmrc
4 silly config load:file:/home/team/shared/site/.npmrc
5 silly config load:file:/home/agent-frontend-engineer/.npmrc
6 silly config load:file:/home/engine/.nvm/versions/node/v24.16.0/etc/npmrc
7 verbose title npm install
8 verbose argv "install" "--cache" ".npm_cache" "--legacy-peer-deps"
9 verbose logfile logs-max:10 dir:/home/team/shared/site/.npm_cache/_logs/2026-06-28T08_25_47_517Z-
10 verbose logfile /home/team/shared/site/.npm_cache/_logs/2026-06-28T08_25_47_517Z-debug-0.log
11 silly logfile done cleaning log files
12 silly packumentCache heap:3298820096 maxSize:824705024 maxEntrySize:412352512
13 silly idealTree buildDeps
14 silly fetch manifest next@15.0.3
15 silly packumentCache full:https://registry.npmjs.org/next cache-miss
16 http cache https://registry.npmjs.org/next 90ms (cache hit)
17 silly packumentCache full:https://registry.npmjs.org/next set size:30876914 disposed:false
18 silly fetch manifest react@19.0.0-rc-66a323a31e-20241107
19 silly packumentCache full:https://registry.npmjs.org/react cache-miss
20 http cache https://registry.npmjs.org/react 96ms (cache hit)
21 silly packumentCache full:https://registry.npmjs.org/react set size:6742652 disposed:false
22 silly fetch manifest react-dom@19.0.0-rc-66a323a31e-20241107
23 silly packumentCache full:https://registry.npmjs.org/react-dom cache-miss
24 http fetch GET 200 https://registry.npmjs.org/react-dom 275ms (cache miss)
25 silly packumentCache full:https://registry.npmjs.org/react-dom set size:undefined disposed:false
26 silly fetch manifest framer-motion@latest
27 silly packumentCache full:https://registry.npmjs.org/framer-motion cache-miss
28 http fetch GET 200 https://registry.npmjs.org/framer-motion 194ms (cache miss)
29 silly packumentCache full:https://registry.npmjs.org/framer-motion set size:undefined disposed:false
30 silly fetch manifest lucide-react@latest
31 silly packumentCache full:https://registry.npmjs.org/lucide-react cache-miss
32 http fetch GET 200 https://registry.npmjs.org/lucide-react 95ms (cache miss)
33 silly packumentCache full:https://registry.npmjs.org/lucide-react set size:undefined disposed:false
34 silly fetch manifest vazirmatn@latest
35 silly packumentCache full:https://registry.npmjs.org/vazirmatn cache-miss
36 http fetch GET 200 https://registry.npmjs.org/vazirmatn 35ms (cache miss)
37 silly packumentCache full:https://registry.npmjs.org/vazirmatn set size:undefined disposed:false
38 silly fetch manifest typescript@latest
39 silly packumentCache full:https://registry.npmjs.org/typescript cache-miss
40 http fetch GET 200 https://registry.npmjs.org/typescript 339ms (cache miss)
41 silly packumentCache full:https://registry.npmjs.org/typescript set size:undefined disposed:false
42 silly fetch manifest @types/node@latest
43 silly packumentCache full:https://registry.npmjs.org/@types%2fnode cache-miss
44 http fetch GET 200 https://registry.npmjs.org/@types%2fnode 267ms (cache miss)
45 silly packumentCache full:https://registry.npmjs.org/@types%2fnode set size:undefined disposed:false
46 silly fetch manifest @types/react@latest
47 silly packumentCache full:https://registry.npmjs.org/@types%2freact cache-miss
48 http fetch GET 200 https://registry.npmjs.org/@types%2freact 140ms (cache miss)
49 silly packumentCache full:https://registry.npmjs.org/@types%2freact set size:undefined disposed:false
50 silly fetch manifest @types/react-dom@latest
51 silly packumentCache full:https://registry.npmjs.org/@types%2freact-dom cache-miss
52 http fetch GET 200 https://registry.npmjs.org/@types%2freact-dom 62ms (cache miss)
53 silly packumentCache full:https://registry.npmjs.org/@types%2freact-dom set size:undefined disposed:false
54 silly fetch manifest postcss@latest
55 silly packumentCache full:https://registry.npmjs.org/postcss cache-miss
56 http fetch GET 200 https://registry.npmjs.org/postcss 60ms (cache miss)
57 silly packumentCache full:https://registry.npmjs.org/postcss set size:undefined disposed:false
58 silly fetch manifest tailwindcss@latest
59 silly packumentCache full:https://registry.npmjs.org/tailwindcss cache-miss
60 http fetch GET 200 https://registry.npmjs.org/tailwindcss 244ms (cache miss)
61 silly packumentCache full:https://registry.npmjs.org/tailwindcss set size:undefined disposed:false
62 silly fetch manifest eslint@latest
63 silly packumentCache full:https://registry.npmjs.org/eslint cache-miss
64 http fetch GET 200 https://registry.npmjs.org/eslint 76ms (cache miss)
65 silly packumentCache full:https://registry.npmjs.org/eslint set size:undefined disposed:false
66 silly fetch manifest eslint-config-next@15.0.3
67 silly packumentCache full:https://registry.npmjs.org/eslint-config-next cache-miss
68 http fetch GET 200 https://registry.npmjs.org/eslint-config-next 212ms (cache miss)
69 silly packumentCache full:https://registry.npmjs.org/eslint-config-next set size:undefined disposed:false
70 silly placeDep ROOT @types/node@26.0.1 OK for: homeino-studio@0.1.0 want: latest
71 silly placeDep ROOT @types/react@19.2.17 OK for: homeino-studio@0.1.0 want: latest
72 silly placeDep ROOT @types/react-dom@19.2.3 OK for: homeino-studio@0.1.0 want: latest
73 silly placeDep ROOT eslint@10.6.0 OK for: homeino-studio@0.1.0 want: latest
74 silly placeDep ROOT eslint-config-next@15.0.3 OK for: homeino-studio@0.1.0 want: 15.0.3
75 silly placeDep ROOT framer-motion@12.42.0 OK for: homeino-studio@0.1.0 want: latest
76 silly placeDep ROOT lucide-react@1.21.0 OK for: homeino-studio@0.1.0 want: latest
77 silly placeDep ROOT next@15.0.3 OK for: homeino-studio@0.1.0 want: 15.0.3
78 silly placeDep ROOT postcss@8.5.15 OK for: homeino-studio@0.1.0 want: latest
79 silly placeDep ROOT react@ OK for: homeino-studio@0.1.0 want: 19.0.0-rc-66a323a31e-20241107
80 silly placeDep ROOT react-dom@ OK for: homeino-studio@0.1.0 want: 19.0.0-rc-66a323a31e-20241107
81 silly placeDep ROOT tailwindcss@4.3.1 OK for: homeino-studio@0.1.0 want: latest
82 silly placeDep ROOT typescript@6.0.3 OK for: homeino-studio@0.1.0 want: latest
83 silly placeDep ROOT vazirmatn@33.0.3 OK for: homeino-studio@0.1.0 want: latest
84 silly fetch manifest undici-types@~8.3.0
85 silly packumentCache full:https://registry.npmjs.org/undici-types cache-miss
86 http fetch GET 200 https://registry.npmjs.org/undici-types 41ms (cache miss)
87 silly packumentCache full:https://registry.npmjs.org/undici-types set size:undefined disposed:false
88 silly fetch manifest csstype@^3.2.2
89 silly packumentCache full:https://registry.npmjs.org/csstype cache-miss
90 http fetch GET 200 https://registry.npmjs.org/csstype 39ms (cache miss)
91 silly packumentCache full:https://registry.npmjs.org/csstype set size:undefined disposed:false
92 silly fetch manifest @eslint-community/eslint-utils@^4.8.0
93 silly packumentCache full:https://registry.npmjs.org/@eslint-community%2feslint-utils cache-miss
94 http fetch GET 200 https://registry.npmjs.org/@eslint-community%2feslint-utils 179ms (cache miss)
95 silly packumentCache full:https://registry.npmjs.org/@eslint-community%2feslint-utils set size:undefined disposed:false
96 silly fetch manifest @eslint-community/regexpp@^4.12.2
97 silly packumentCache full:https://registry.npmjs.org/@eslint-community%2fregexpp cache-miss
98 http fetch GET 200 https://registry.npmjs.org/@eslint-community%2fregexpp 58ms (cache miss)
99 silly packumentCache full:https://registry.npmjs.org/@eslint-community%2fregexpp set size:undefined disposed:false
100 silly fetch manifest @eslint/config-array@^0.23.5
101 silly packumentCache full:https://registry.npmjs.org/@eslint%2fconfig-array cache-miss
102 http fetch GET 200 https://registry.npmjs.org/@eslint%2fconfig-array 57ms (cache miss)
103 silly packumentCache full:https://registry.npmjs.org/@eslint%2fconfig-array set size:undefined disposed:false
104 silly fetch manifest @eslint/config-helpers@^0.6.0
105 silly packumentCache full:https://registry.npmjs.org/@eslint%2fconfig-helpers cache-miss
106 http fetch GET 200 https://registry.npmjs.org/@eslint%2fconfig-helpers 49ms (cache miss)
107 silly packumentCache full:https://registry.npmjs.org/@eslint%2fconfig-helpers set size:undefined disposed:false
108 silly fetch manifest @eslint/core@^1.2.1
109 silly packumentCache full:https://registry.npmjs.org/@eslint%2fcore cache-miss
110 http fetch GET 200 https://registry.npmjs.org/@eslint%2fcore 52ms (cache miss)
111 silly packumentCache full:https://registry.npmjs.org/@eslint%2fcore set size:undefined disposed:false
112 silly fetch manifest @eslint/plugin-kit@^0.7.2
113 silly packumentCache full:https://registry.npmjs.org/@eslint%2fplugin-kit cache-miss
114 http fetch GET 200 https://registry.npmjs.org/@eslint%2fplugin-kit 48ms (cache miss)
115 silly packumentCache full:https://registry.npmjs.org/@eslint%2fplugin-kit set size:undefined disposed:false
116 silly fetch manifest @humanfs/node@^0.16.6
117 silly packumentCache full:https://registry.npmjs.org/@humanfs%2fnode cache-miss
118 http fetch GET 200 https://registry.npmjs.org/@humanfs%2fnode 55ms (cache miss)
119 silly packumentCache full:https://registry.npmjs.org/@humanfs%2fnode set size:undefined disposed:false
120 silly fetch manifest @humanwhocodes/module-importer@^1.0.1
121 silly packumentCache full:https://registry.npmjs.org/@humanwhocodes%2fmodule-importer cache-miss
122 http fetch GET 200 https://registry.npmjs.org/@humanwhocodes%2fmodule-importer 51ms (cache miss)
123 silly packumentCache full:https://registry.npmjs.org/@humanwhocodes%2fmodule-importer set size:undefined disposed:false
124 silly fetch manifest @humanwhocodes/retry@^0.4.2
125 silly packumentCache full:https://registry.npmjs.org/@humanwhocodes%2fretry cache-miss
126 http fetch GET 200 https://registry.npmjs.org/@humanwhocodes%2fretry 49ms (cache miss)
127 silly packumentCache full:https://registry.npmjs.org/@humanwhocodes%2fretry set size:undefined disposed:false
128 silly fetch manifest @types/estree@^1.0.6
129 silly packumentCache full:https://registry.npmjs.org/@types%2festree cache-miss
130 http fetch GET 200 https://registry.npmjs.org/@types%2festree 49ms (cache miss)
131 silly packumentCache full:https://registry.npmjs.org/@types%2festree set size:undefined disposed:false
132 silly fetch manifest ajv@^6.14.0
133 silly packumentCache full:https://registry.npmjs.org/ajv cache-miss
134 http fetch GET 200 https://registry.npmjs.org/ajv 62ms (cache miss)
135 silly packumentCache full:https://registry.npmjs.org/ajv set size:undefined disposed:false
136 silly fetch manifest cross-spawn@^7.0.6
137 silly packumentCache full:https://registry.npmjs.org/cross-spawn cache-miss
138 http fetch GET 200 https://registry.npmjs.org/cross-spawn 39ms (cache miss)
139 silly packumentCache full:https://registry.npmjs.org/cross-spawn set size:undefined disposed:false
140 silly fetch manifest debug@^4.3.2
141 silly packumentCache full:https://registry.npmjs.org/debug cache-miss
142 http fetch GET 200 https://registry.npmjs.org/debug 41ms (cache miss)
143 silly packumentCache full:https://registry.npmjs.org/debug set size:undefined disposed:false
144 silly fetch manifest escape-string-regexp@^4.0.0
145 silly packumentCache full:https://registry.npmjs.org/escape-string-regexp cache-miss
146 http fetch GET 200 https://registry.npmjs.org/escape-string-regexp 31ms (cache miss)
147 silly packumentCache full:https://registry.npmjs.org/escape-string-regexp set size:undefined disposed:false
148 silly fetch manifest eslint-scope@^9.1.2
149 silly packumentCache full:https://registry.npmjs.org/eslint-scope cache-miss
150 http fetch GET 200 https://registry.npmjs.org/eslint-scope 39ms (cache miss)
151 silly packumentCache full:https://registry.npmjs.org/eslint-scope set size:undefined disposed:false
152 silly fetch manifest eslint-visitor-keys@^5.0.1
153 silly packumentCache full:https://registry.npmjs.org/eslint-visitor-keys cache-miss
154 http fetch GET 200 https://registry.npmjs.org/eslint-visitor-keys 34ms (cache miss)
155 silly packumentCache full:https://registry.npmjs.org/eslint-visitor-keys set size:undefined disposed:false
156 silly fetch manifest espree@^11.2.0
157 silly packumentCache full:https://registry.npmjs.org/espree cache-miss
158 http fetch GET 200 https://registry.npmjs.org/espree 38ms (cache miss)
159 silly packumentCache full:https://registry.npmjs.org/espree set size:undefined disposed:false
160 silly fetch manifest esquery@^1.7.0
161 silly packumentCache full:https://registry.npmjs.org/esquery cache-miss
162 http fetch GET 200 https://registry.npmjs.org/esquery 30ms (cache miss)
163 silly packumentCache full:https://registry.npmjs.org/esquery set size:undefined disposed:false
164 silly fetch manifest esutils@^2.0.2
165 silly packumentCache full:https://registry.npmjs.org/esutils cache-miss
166 http fetch GET 200 https://registry.npmjs.org/esutils 37ms (cache miss)
167 silly packumentCache full:https://registry.npmjs.org/esutils set size:undefined disposed:false
168 silly fetch manifest fast-deep-equal@^3.1.3
169 silly packumentCache full:https://registry.npmjs.org/fast-deep-equal cache-miss
170 http fetch GET 200 https://registry.npmjs.org/fast-deep-equal 31ms (cache miss)
171 silly packumentCache full:https://registry.npmjs.org/fast-deep-equal set size:undefined disposed:false
172 silly fetch manifest file-entry-cache@^8.0.0
173 silly packumentCache full:https://registry.npmjs.org/file-entry-cache cache-miss
174 http fetch GET 200 https://registry.npmjs.org/file-entry-cache 41ms (cache miss)
175 silly packumentCache full:https://registry.npmjs.org/file-entry-cache set size:undefined disposed:false
176 silly fetch manifest find-up@^5.0.0
177 silly packumentCache full:https://registry.npmjs.org/find-up cache-miss
178 http fetch GET 200 https://registry.npmjs.org/find-up 34ms (cache miss)
179 silly packumentCache full:https://registry.npmjs.org/find-up set size:undefined disposed:false
180 silly fetch manifest glob-parent@^6.0.2
181 silly packumentCache full:https://registry.npmjs.org/glob-parent cache-miss
182 http fetch GET 200 https://registry.npmjs.org/glob-parent 31ms (cache miss)
183 silly packumentCache full:https://registry.npmjs.org/glob-parent set size:undefined disposed:false
184 silly fetch manifest ignore@^5.2.0
185 silly packumentCache full:https://registry.npmjs.org/ignore cache-miss
186 http fetch GET 200 https://registry.npmjs.org/ignore 47ms (cache miss)
187 silly packumentCache full:https://registry.npmjs.org/ignore set size:undefined disposed:false
188 silly fetch manifest imurmurhash@^0.1.4
189 silly packumentCache full:https://registry.npmjs.org/imurmurhash cache-miss
190 http fetch GET 200 https://registry.npmjs.org/imurmurhash 29ms (cache miss)
191 silly packumentCache full:https://registry.npmjs.org/imurmurhash set size:undefined disposed:false
192 silly fetch manifest is-glob@^4.0.0
193 silly packumentCache full:https://registry.npmjs.org/is-glob cache-miss
194 http fetch GET 200 https://registry.npmjs.org/is-glob 32ms (cache miss)
195 silly packumentCache full:https://registry.npmjs.org/is-glob set size:undefined disposed:false
196 silly fetch manifest json-stable-stringify-without-jsonify@^1.0.1
197 silly packumentCache full:https://registry.npmjs.org/json-stable-stringify-without-jsonify cache-miss
198 http fetch GET 200 https://registry.npmjs.org/json-stable-stringify-without-jsonify 30ms (cache miss)
199 silly packumentCache full:https://registry.npmjs.org/json-stable-stringify-without-jsonify set size:undefined disposed:false
200 silly fetch manifest minimatch@^10.2.4
201 silly packumentCache full:https://registry.npmjs.org/minimatch cache-miss
202 http fetch GET 200 https://registry.npmjs.org/minimatch 40ms (cache miss)
203 silly packumentCache full:https://registry.npmjs.org/minimatch set size:undefined disposed:false
204 silly fetch manifest natural-compare@^1.4.0
205 silly packumentCache full:https://registry.npmjs.org/natural-compare cache-miss
206 http fetch GET 200 https://registry.npmjs.org/natural-compare 33ms (cache miss)
207 silly packumentCache full:https://registry.npmjs.org/natural-compare set size:undefined disposed:false
208 silly fetch manifest optionator@^0.9.3
209 silly packumentCache full:https://registry.npmjs.org/optionator cache-miss
210 http fetch GET 200 https://registry.npmjs.org/optionator 35ms (cache miss)
211 silly packumentCache full:https://registry.npmjs.org/optionator set size:undefined disposed:false
212 silly fetch manifest eslint-plugin-react@^7.35.0
213 silly packumentCache full:https://registry.npmjs.org/eslint-plugin-react cache-miss
214 http fetch GET 200 https://registry.npmjs.org/eslint-plugin-react 55ms (cache miss)
215 silly packumentCache full:https://registry.npmjs.org/eslint-plugin-react set size:undefined disposed:false
216 silly fetch manifest eslint-plugin-import@^2.31.0
217 silly packumentCache full:https://registry.npmjs.org/eslint-plugin-import cache-miss
218 http fetch GET 200 https://registry.npmjs.org/eslint-plugin-import 57ms (cache miss)
219 silly packumentCache full:https://registry.npmjs.org/eslint-plugin-import set size:undefined disposed:false
220 silly fetch manifest eslint-plugin-jsx-a11y@^6.10.0
221 silly packumentCache full:https://registry.npmjs.org/eslint-plugin-jsx-a11y cache-miss
222 http fetch GET 200 https://registry.npmjs.org/eslint-plugin-jsx-a11y 45ms (cache miss)
223 silly packumentCache full:https://registry.npmjs.org/eslint-plugin-jsx-a11y set size:undefined disposed:false
224 silly fetch manifest @rushstack/eslint-patch@^1.10.3
225 silly packumentCache full:https://registry.npmjs.org/@rushstack%2feslint-patch cache-miss
226 http fetch GET 200 https://registry.npmjs.org/@rushstack%2feslint-patch 59ms (cache miss)
227 silly packumentCache full:https://registry.npmjs.org/@rushstack%2feslint-patch set size:undefined disposed:false
228 silly fetch manifest @next/eslint-plugin-next@15.0.3
229 silly packumentCache full:https://registry.npmjs.org/@next%2feslint-plugin-next cache-miss
230 http fetch GET 200 https://registry.npmjs.org/@next%2feslint-plugin-next 252ms (cache miss)
231 silly packumentCache full:https://registry.npmjs.org/@next%2feslint-plugin-next set size:undefined disposed:false
232 silly fetch manifest @typescript-eslint/parser@^5.4.2 || ^6.0.0 || ^7.0.0 || ^8.0.0
233 silly packumentCache full:https://registry.npmjs.org/@typescript-eslint%2fparser cache-miss
234 http fetch GET 200 https://registry.npmjs.org/@typescript-eslint%2fparser 452ms (cache miss)
235 silly packumentCache full:https://registry.npmjs.org/@typescript-eslint%2fparser set size:undefined disposed:false
236 silly fetch manifest eslint-plugin-react-hooks@^5.0.0
237 silly packumentCache full:https://registry.npmjs.org/eslint-plugin-react-hooks cache-miss
238 http fetch GET 200 https://registry.npmjs.org/eslint-plugin-react-hooks 252ms (cache miss)
239 silly packumentCache full:https://registry.npmjs.org/eslint-plugin-react-hooks set size:undefined disposed:false
240 silly fetch manifest eslint-import-resolver-node@^0.3.6
241 silly packumentCache full:https://registry.npmjs.org/eslint-import-resolver-node cache-miss
242 http fetch GET 200 https://registry.npmjs.org/eslint-import-resolver-node 36ms (cache miss)
243 silly packumentCache full:https://registry.npmjs.org/eslint-import-resolver-node set size:undefined disposed:false
244 silly fetch manifest @typescript-eslint/eslint-plugin@^5.4.2 || ^6.0.0 || ^7.0.0 || ^8.0.0
245 silly packumentCache full:https://registry.npmjs.org/@typescript-eslint%2feslint-plugin cache-miss
246 http fetch GET 200 https://registry.npmjs.org/@typescript-eslint%2feslint-plugin 452ms (cache miss)
247 silly packumentCache full:https://registry.npmjs.org/@typescript-eslint%2feslint-plugin set size:undefined disposed:false
248 silly fetch manifest eslint-import-resolver-typescript@^3.5.2
249 silly packumentCache full:https://registry.npmjs.org/eslint-import-resolver-typescript cache-miss
250 http fetch GET 200 https://registry.npmjs.org/eslint-import-resolver-typescript 58ms (cache miss)
251 silly packumentCache full:https://registry.npmjs.org/eslint-import-resolver-typescript set size:undefined disposed:false
252 silly fetch manifest motion-dom@^12.42.0
253 silly packumentCache full:https://registry.npmjs.org/motion-dom cache-miss
254 http fetch GET 200 https://registry.npmjs.org/motion-dom 37ms (cache miss)
255 silly packumentCache full:https://registry.npmjs.org/motion-dom set size:undefined disposed:false
256 silly fetch manifest motion-utils@^12.39.0
257 silly packumentCache full:https://registry.npmjs.org/motion-utils cache-miss
258 http fetch GET 200 https://registry.npmjs.org/motion-utils 36ms (cache miss)
259 silly packumentCache full:https://registry.npmjs.org/motion-utils set size:undefined disposed:false
260 silly fetch manifest tslib@^2.4.0
261 silly packumentCache full:https://registry.npmjs.org/tslib cache-miss
262 http fetch GET 200 https://registry.npmjs.org/tslib 36ms (cache miss)
263 silly packumentCache full:https://registry.npmjs.org/tslib set size:undefined disposed:false
264 silly fetch manifest busboy@1.6.0
265 silly packumentCache full:https://registry.npmjs.org/busboy cache-miss
266 http fetch GET 200 https://registry.npmjs.org/busboy 40ms (cache miss)
267 silly packumentCache full:https://registry.npmjs.org/busboy set size:undefined disposed:false
268 silly fetch manifest postcss@8.4.31
269 silly packumentCache full:https://registry.npmjs.org/postcss cache-miss
270 http cache https://registry.npmjs.org/postcss 6ms (cache hit)
271 silly packumentCache full:https://registry.npmjs.org/postcss set size:723316 disposed:false
272 silly fetch manifest @next/env@15.0.3
273 silly packumentCache full:https://registry.npmjs.org/@next%2fenv cache-miss
274 http fetch GET 200 https://registry.npmjs.org/@next%2fenv 229ms (cache miss)
275 silly packumentCache full:https://registry.npmjs.org/@next%2fenv set size:undefined disposed:false
276 silly fetch manifest styled-jsx@5.1.6
277 silly packumentCache full:https://registry.npmjs.org/styled-jsx cache-miss
278 http fetch GET 200 https://registry.npmjs.org/styled-jsx 58ms (cache miss)
279 silly packumentCache full:https://registry.npmjs.org/styled-jsx set size:undefined disposed:false
280 silly fetch manifest @swc/counter@0.1.3
281 silly packumentCache full:https://registry.npmjs.org/@swc%2fcounter cache-miss
282 http fetch GET 200 https://registry.npmjs.org/@swc%2fcounter 54ms (cache miss)
283 silly packumentCache full:https://registry.npmjs.org/@swc%2fcounter set size:undefined disposed:false
284 silly fetch manifest @swc/helpers@0.5.13
285 silly packumentCache full:https://registry.npmjs.org/@swc%2fhelpers cache-miss
286 http fetch GET 200 https://registry.npmjs.org/@swc%2fhelpers 76ms (cache miss)
287 silly packumentCache full:https://registry.npmjs.org/@swc%2fhelpers set size:undefined disposed:false
288 silly fetch manifest caniuse-lite@^1.0.30001579
289 silly packumentCache full:https://registry.npmjs.org/caniuse-lite cache-miss
290 http fetch GET 200 https://registry.npmjs.org/caniuse-lite 107ms (cache miss)
291 silly packumentCache full:https://registry.npmjs.org/caniuse-lite set size:undefined disposed:false
292 silly fetch manifest sharp@^0.33.5
293 silly packumentCache full:https://registry.npmjs.org/sharp cache-miss
294 http fetch GET 200 https://registry.npmjs.org/sharp 59ms (cache miss)
295 silly packumentCache full:https://registry.npmjs.org/sharp set size:undefined disposed:false
296 silly fetch manifest @next/swc-darwin-x64@15.0.3
297 silly packumentCache full:https://registry.npmjs.org/@next%2fswc-darwin-x64 cache-miss
298 http fetch GET 200 https://registry.npmjs.org/@next%2fswc-darwin-x64 204ms (cache miss)
299 silly packumentCache full:https://registry.npmjs.org/@next%2fswc-darwin-x64 set size:undefined disposed:false
300 silly fetch manifest @next/swc-darwin-arm64@15.0.3
301 silly packumentCache full:https://registry.npmjs.org/@next%2fswc-darwin-arm64 cache-miss
302 http fetch GET 200 https://registry.npmjs.org/@next%2fswc-darwin-arm64 215ms (cache miss)
303 silly packumentCache full:https://registry.npmjs.org/@next%2fswc-darwin-arm64 set size:undefined disposed:false
304 silly fetch manifest @next/swc-linux-x64-gnu@15.0.3
305 silly packumentCache full:https://registry.npmjs.org/@next%2fswc-linux-x64-gnu cache-miss
306 http fetch GET 200 https://registry.npmjs.org/@next%2fswc-linux-x64-gnu 229ms (cache miss)
307 silly packumentCache full:https://registry.npmjs.org/@next%2fswc-linux-x64-gnu set size:undefined disposed:false
308 silly fetch manifest @next/swc-linux-x64-musl@15.0.3
309 silly packumentCache full:https://registry.npmjs.org/@next%2fswc-linux-x64-musl cache-miss
310 http fetch GET 200 https://registry.npmjs.org/@next%2fswc-linux-x64-musl 213ms (cache miss)
311 silly packumentCache full:https://registry.npmjs.org/@next%2fswc-linux-x64-musl set size:undefined disposed:false
312 silly fetch manifest @next/swc-win32-x64-msvc@15.0.3
313 silly packumentCache full:https://registry.npmjs.org/@next%2fswc-win32-x64-msvc cache-miss
314 http fetch GET 200 https://registry.npmjs.org/@next%2fswc-win32-x64-msvc 206ms (cache miss)
315 silly packumentCache full:https://registry.npmjs.org/@next%2fswc-win32-x64-msvc set size:undefined disposed:false
316 silly fetch manifest @next/swc-linux-arm64-gnu@15.0.3
317 silly packumentCache full:https://registry.npmjs.org/@next%2fswc-linux-arm64-gnu cache-miss
318 http fetch GET 200 https://registry.npmjs.org/@next%2fswc-linux-arm64-gnu 230ms (cache miss)
319 silly packumentCache full:https://registry.npmjs.org/@next%2fswc-linux-arm64-gnu set size:undefined disposed:false
320 silly fetch manifest @next/swc-linux-arm64-musl@15.0.3
321 silly packumentCache full:https://registry.npmjs.org/@next%2fswc-linux-arm64-musl cache-miss
322 http fetch GET 200 https://registry.npmjs.org/@next%2fswc-linux-arm64-musl 223ms (cache miss)
323 silly packumentCache full:https://registry.npmjs.org/@next%2fswc-linux-arm64-musl set size:undefined disposed:false
324 silly fetch manifest @next/swc-win32-arm64-msvc@15.0.3
325 silly packumentCache full:https://registry.npmjs.org/@next%2fswc-win32-arm64-msvc cache-miss
326 http fetch GET 200 https://registry.npmjs.org/@next%2fswc-win32-arm64-msvc 230ms (cache miss)
327 silly packumentCache full:https://registry.npmjs.org/@next%2fswc-win32-arm64-msvc set size:undefined disposed:false
328 silly fetch manifest nanoid@^3.3.12
329 silly packumentCache full:https://registry.npmjs.org/nanoid cache-miss
330 http fetch GET 200 https://registry.npmjs.org/nanoid 45ms (cache miss)
331 silly packumentCache full:https://registry.npmjs.org/nanoid set size:undefined disposed:false
332 silly fetch manifest picocolors@^1.1.1
333 silly packumentCache full:https://registry.npmjs.org/picocolors cache-miss
334 http fetch GET 200 https://registry.npmjs.org/picocolors 37ms (cache miss)
335 silly packumentCache full:https://registry.npmjs.org/picocolors set size:undefined disposed:false
336 silly fetch manifest source-map-js@^1.2.1
337 silly packumentCache full:https://registry.npmjs.org/source-map-js cache-miss
338 http fetch GET 200 https://registry.npmjs.org/source-map-js 38ms (cache miss)
339 silly packumentCache full:https://registry.npmjs.org/source-map-js set size:undefined disposed:false
340 silly placeDep ROOT undici-types@8.3.0 OK for: @types/node@26.0.1 want: ~8.3.0
341 silly placeDep ROOT csstype@3.2.3 OK for: @types/react@19.2.17 want: ^3.2.2
342 silly placeDep ROOT @eslint-community/eslint-utils@4.9.1 OK for: eslint@10.6.0 want: ^4.8.0
343 silly placeDep ROOT @eslint-community/regexpp@4.12.2 OK for: eslint@10.6.0 want: ^4.12.2
344 silly placeDep ROOT @eslint/config-array@0.23.5 OK for: eslint@10.6.0 want: ^0.23.5
345 silly placeDep ROOT @eslint/config-helpers@0.6.0 OK for: eslint@10.6.0 want: ^0.6.0
346 silly placeDep ROOT @eslint/core@1.2.1 OK for: eslint@10.6.0 want: ^1.2.1
347 silly placeDep ROOT @eslint/plugin-kit@0.7.2 OK for: eslint@10.6.0 want: ^0.7.2
348 silly placeDep ROOT @humanfs/node@0.16.8 OK for: eslint@10.6.0 want: ^0.16.6
349 silly placeDep ROOT @humanwhocodes/module-importer@1.0.1 OK for: eslint@10.6.0 want: ^1.0.1
350 silly placeDep ROOT @humanwhocodes/retry@0.4.3 OK for: eslint@10.6.0 want: ^0.4.2
351 silly placeDep ROOT @types/estree@1.0.9 OK for: eslint@10.6.0 want: ^1.0.6
352 silly placeDep ROOT ajv@6.15.0 OK for: eslint@10.6.0 want: ^6.14.0
353 silly placeDep ROOT cross-spawn@7.0.6 OK for: eslint@10.6.0 want: ^7.0.6
354 silly placeDep ROOT debug@4.4.3 OK for: eslint@10.6.0 want: ^4.3.2
355 silly placeDep ROOT escape-string-regexp@4.0.0 OK for: eslint@10.6.0 want: ^4.0.0
356 silly placeDep ROOT eslint-scope@9.1.2 OK for: eslint@10.6.0 want: ^9.1.2
357 silly placeDep ROOT eslint-visitor-keys@5.0.1 OK for: eslint@10.6.0 want: ^5.0.1
358 silly placeDep ROOT espree@11.2.0 OK for: eslint@10.6.0 want: ^11.2.0
359 silly placeDep ROOT esquery@1.7.0 OK for: eslint@10.6.0 want: ^1.7.0
360 silly placeDep ROOT esutils@2.0.3 OK for: eslint@10.6.0 want: ^2.0.2
361 silly placeDep ROOT fast-deep-equal@3.1.3 OK for: eslint@10.6.0 want: ^3.1.3
362 silly placeDep ROOT file-entry-cache@8.0.0 OK for: eslint@10.6.0 want: ^8.0.0
363 silly placeDep ROOT find-up@5.0.0 OK for: eslint@10.6.0 want: ^5.0.0
364 silly placeDep ROOT glob-parent@6.0.2 OK for: eslint@10.6.0 want: ^6.0.2
365 silly placeDep ROOT ignore@5.3.2 OK for: eslint@10.6.0 want: ^5.2.0
366 silly placeDep ROOT imurmurhash@0.1.4 OK for: eslint@10.6.0 want: ^0.1.4
367 silly placeDep ROOT is-glob@4.0.3 OK for: eslint@10.6.0 want: ^4.0.0
368 silly placeDep ROOT json-stable-stringify-without-jsonify@1.0.1 OK for: eslint@10.6.0 want: ^1.0.1
369 silly placeDep ROOT minimatch@10.2.5 OK for: eslint@10.6.0 want: ^10.2.4
370 silly placeDep ROOT natural-compare@1.4.0 OK for: eslint@10.6.0 want: ^1.4.0
371 silly placeDep ROOT optionator@0.9.4 OK for: eslint@10.6.0 want: ^0.9.3
372 silly fetch manifest eslint-visitor-keys@^3.4.3
373 silly packumentCache full:https://registry.npmjs.org/eslint-visitor-keys cache-miss
374 http cache https://registry.npmjs.org/eslint-visitor-keys 5ms (cache hit)
375 silly packumentCache full:https://registry.npmjs.org/eslint-visitor-keys set size:69949 disposed:false
376 silly fetch manifest @eslint/object-schema@^3.0.5
377 silly packumentCache full:https://registry.npmjs.org/@eslint%2fobject-schema cache-miss
378 http fetch GET 200 https://registry.npmjs.org/@eslint%2fobject-schema 46ms (cache miss)
379 silly packumentCache full:https://registry.npmjs.org/@eslint%2fobject-schema set size:undefined disposed:false
380 silly fetch manifest debug@^4.3.1
381 silly packumentCache full:https://registry.npmjs.org/debug cache-miss
382 http cache https://registry.npmjs.org/debug 3ms (cache hit)
383 silly packumentCache full:https://registry.npmjs.org/debug set size:195840 disposed:false
384 silly fetch manifest @types/json-schema@^7.0.15
385 silly packumentCache full:https://registry.npmjs.org/@types%2fjson-schema cache-miss
386 http fetch GET 200 https://registry.npmjs.org/@types%2fjson-schema 58ms (cache miss)
387 silly packumentCache full:https://registry.npmjs.org/@types%2fjson-schema set size:undefined disposed:false
388 silly fetch manifest levn@^0.4.1
389 silly packumentCache full:https://registry.npmjs.org/levn cache-miss
390 http fetch GET 200 https://registry.npmjs.org/levn 31ms (cache miss)
391 silly packumentCache full:https://registry.npmjs.org/levn set size:undefined disposed:false
392 silly fetch manifest @humanwhocodes/retry@^0.4.0
393 silly packumentCache full:https://registry.npmjs.org/@humanwhocodes%2fretry cache-miss
394 http cache https://registry.npmjs.org/@humanwhocodes%2fretry 3ms (cache hit)
395 silly packumentCache full:https://registry.npmjs.org/@humanwhocodes%2fretry set size:42348 disposed:false
396 silly fetch manifest @humanfs/core@^0.19.2
397 silly packumentCache full:https://registry.npmjs.org/@humanfs%2fcore cache-miss
398 http fetch GET 200 https://registry.npmjs.org/@humanfs%2fcore 50ms (cache miss)
399 silly packumentCache full:https://registry.npmjs.org/@humanfs%2fcore set size:undefined disposed:false
400 silly fetch manifest @humanfs/types@^0.15.0
401 silly packumentCache full:https://registry.npmjs.org/@humanfs%2ftypes cache-miss
402 http fetch GET 200 https://registry.npmjs.org/@humanfs%2ftypes 50ms (cache miss)
403 silly packumentCache full:https://registry.npmjs.org/@humanfs%2ftypes set size:undefined disposed:false
404 silly fetch manifest uri-js@^4.2.2
405 silly packumentCache full:https://registry.npmjs.org/uri-js cache-miss
406 http fetch GET 200 https://registry.npmjs.org/uri-js 37ms (cache miss)
407 silly packumentCache full:https://registry.npmjs.org/uri-js set size:undefined disposed:false
408 silly fetch manifest fast-deep-equal@^3.1.1
409 silly packumentCache full:https://registry.npmjs.org/fast-deep-equal cache-miss
410 http cache https://registry.npmjs.org/fast-deep-equal 2ms (cache hit)
411 silly packumentCache full:https://registry.npmjs.org/fast-deep-equal set size:48634 disposed:false
412 silly fetch manifest json-schema-traverse@^0.4.1
413 silly packumentCache full:https://registry.npmjs.org/json-schema-traverse cache-miss
414 http fetch GET 200 https://registry.npmjs.org/json-schema-traverse 35ms (cache miss)
415 silly packumentCache full:https://registry.npmjs.org/json-schema-traverse set size:undefined disposed:false
416 silly fetch manifest fast-json-stable-stringify@^2.0.0
417 silly packumentCache full:https://registry.npmjs.org/fast-json-stable-stringify cache-miss
418 http fetch GET 200 https://registry.npmjs.org/fast-json-stable-stringify 33ms (cache miss)
419 silly packumentCache full:https://registry.npmjs.org/fast-json-stable-stringify set size:undefined disposed:false
420 silly fetch manifest which@^2.0.1
421 silly packumentCache full:https://registry.npmjs.org/which cache-miss
422 http fetch GET 200 https://registry.npmjs.org/which 33ms (cache miss)
423 silly packumentCache full:https://registry.npmjs.org/which set size:undefined disposed:false
424 silly fetch manifest path-key@^3.1.0
425 silly packumentCache full:https://registry.npmjs.org/path-key cache-miss
426 http fetch GET 200 https://registry.npmjs.org/path-key 31ms (cache miss)
427 silly packumentCache full:https://registry.npmjs.org/path-key set size:undefined disposed:false
428 silly fetch manifest shebang-command@^2.0.0
429 silly packumentCache full:https://registry.npmjs.org/shebang-command cache-miss
430 http fetch GET 200 https://registry.npmjs.org/shebang-command 32ms (cache miss)
431 silly packumentCache full:https://registry.npmjs.org/shebang-command set size:undefined disposed:false
432 silly fetch manifest ms@^2.1.3
433 silly packumentCache full:https://registry.npmjs.org/ms cache-miss
434 http fetch GET 200 https://registry.npmjs.org/ms 36ms (cache miss)
435 silly packumentCache full:https://registry.npmjs.org/ms set size:undefined disposed:false
436 silly fetch manifest @types/esrecurse@^4.3.1
437 silly packumentCache full:https://registry.npmjs.org/@types%2fesrecurse cache-miss
438 http fetch GET 200 https://registry.npmjs.org/@types%2fesrecurse 54ms (cache miss)
439 silly packumentCache full:https://registry.npmjs.org/@types%2fesrecurse set size:undefined disposed:false
440 silly fetch manifest esrecurse@^4.3.0
441 silly packumentCache full:https://registry.npmjs.org/esrecurse cache-miss
442 http fetch GET 200 https://registry.npmjs.org/esrecurse 33ms (cache miss)
443 silly packumentCache full:https://registry.npmjs.org/esrecurse set size:undefined disposed:false
444 silly fetch manifest estraverse@^5.2.0
445 silly packumentCache full:https://registry.npmjs.org/estraverse cache-miss
446 http fetch GET 200 https://registry.npmjs.org/estraverse 38ms (cache miss)
447 silly packumentCache full:https://registry.npmjs.org/estraverse set size:undefined disposed:false
448 silly fetch manifest acorn@^8.16.0
449 silly packumentCache full:https://registry.npmjs.org/acorn cache-miss
450 http fetch GET 200 https://registry.npmjs.org/acorn 47ms (cache miss)
451 silly packumentCache full:https://registry.npmjs.org/acorn set size:undefined disposed:false
452 silly fetch manifest acorn-jsx@^5.3.2
453 silly packumentCache full:https://registry.npmjs.org/acorn-jsx cache-miss
454 http fetch GET 200 https://registry.npmjs.org/acorn-jsx 39ms (cache miss)
455 silly packumentCache full:https://registry.npmjs.org/acorn-jsx set size:undefined disposed:false
456 silly fetch manifest estraverse@^5.1.0
457 silly packumentCache full:https://registry.npmjs.org/estraverse cache-miss
458 http cache https://registry.npmjs.org/estraverse 2ms (cache hit)
459 silly packumentCache full:https://registry.npmjs.org/estraverse set size:62412 disposed:false
460 silly fetch manifest flat-cache@^4.0.0
461 silly packumentCache full:https://registry.npmjs.org/flat-cache cache-miss
462 http fetch GET 200 https://registry.npmjs.org/flat-cache 38ms (cache miss)
463 silly packumentCache full:https://registry.npmjs.org/flat-cache set size:undefined disposed:false
464 silly fetch manifest locate-path@^6.0.0
465 silly packumentCache full:https://registry.npmjs.org/locate-path cache-miss
466 http fetch GET 200 https://registry.npmjs.org/locate-path 37ms (cache miss)
467 silly packumentCache full:https://registry.npmjs.org/locate-path set size:undefined disposed:false
468 silly fetch manifest path-exists@^4.0.0
469 silly packumentCache full:https://registry.npmjs.org/path-exists cache-miss
470 http fetch GET 200 https://registry.npmjs.org/path-exists 33ms (cache miss)
471 silly packumentCache full:https://registry.npmjs.org/path-exists set size:undefined disposed:false
472 silly fetch manifest is-glob@^4.0.3
473 silly packumentCache full:https://registry.npmjs.org/is-glob cache-miss
474 http cache https://registry.npmjs.org/is-glob 3ms (cache hit)
475 silly packumentCache full:https://registry.npmjs.org/is-glob set size:40530 disposed:false
476 silly fetch manifest is-extglob@^2.1.1
477 silly packumentCache full:https://registry.npmjs.org/is-extglob cache-miss
478 http fetch GET 200 https://registry.npmjs.org/is-extglob 31ms (cache miss)
479 silly packumentCache full:https://registry.npmjs.org/is-extglob set size:undefined disposed:false
480 silly fetch manifest brace-expansion@^5.0.5
481 silly packumentCache full:https://registry.npmjs.org/brace-expansion cache-miss
482 http fetch GET 200 https://registry.npmjs.org/brace-expansion 34ms (cache miss)
483 silly packumentCache full:https://registry.npmjs.org/brace-expansion set size:undefined disposed:false
484 silly fetch manifest prelude-ls@^1.2.1
485 silly packumentCache full:https://registry.npmjs.org/prelude-ls cache-miss
486 http fetch GET 200 https://registry.npmjs.org/prelude-ls 32ms (cache miss)
487 silly packumentCache full:https://registry.npmjs.org/prelude-ls set size:undefined disposed:false
488 silly fetch manifest deep-is@^0.1.3
489 silly packumentCache full:https://registry.npmjs.org/deep-is cache-miss
490 http fetch GET 200 https://registry.npmjs.org/deep-is 29ms (cache miss)
491 silly packumentCache full:https://registry.npmjs.org/deep-is set size:undefined disposed:false
492 silly fetch manifest word-wrap@^1.2.5
493 silly packumentCache full:https://registry.npmjs.org/word-wrap cache-miss
494 http fetch GET 200 https://registry.npmjs.org/word-wrap 31ms (cache miss)
495 silly packumentCache full:https://registry.npmjs.org/word-wrap set size:undefined disposed:false
496 silly fetch manifest type-check@^0.4.0
497 silly packumentCache full:https://registry.npmjs.org/type-check cache-miss
498 http fetch GET 200 https://registry.npmjs.org/type-check 33ms (cache miss)
499 silly packumentCache full:https://registry.npmjs.org/type-check set size:undefined disposed:false
500 silly fetch manifest fast-levenshtein@^2.0.6
501 silly packumentCache full:https://registry.npmjs.org/fast-levenshtein cache-miss
502 http fetch GET 200 https://registry.npmjs.org/fast-levenshtein 39ms (cache miss)
503 silly packumentCache full:https://registry.npmjs.org/fast-levenshtein set size:undefined disposed:false
504 silly placeDep node_modules/@eslint-community/eslint-utils eslint-visitor-keys@3.4.3 OK for: @eslint-community/eslint-utils@4.9.1 want: ^3.4.3
505 silly placeDep ROOT @eslint/object-schema@3.0.5 OK for: @eslint/config-array@0.23.5 want: ^3.0.5
506 silly placeDep ROOT @types/json-schema@7.0.15 OK for: @eslint/core@1.2.1 want: ^7.0.15
507 silly placeDep ROOT levn@0.4.1 OK for: @eslint/plugin-kit@0.7.2 want: ^0.4.1
508 silly fetch manifest type-check@~0.4.0
509 silly packumentCache full:https://registry.npmjs.org/type-check cache-miss
510 http cache https://registry.npmjs.org/type-check 3ms (cache hit)
511 silly packumentCache full:https://registry.npmjs.org/type-check set size:21221 disposed:false
512 silly placeDep ROOT @humanfs/core@0.19.2 OK for: @humanfs/node@0.16.8 want: ^0.19.2
513 silly placeDep ROOT @humanfs/types@0.15.0 OK for: @humanfs/node@0.16.8 want: ^0.15.0
514 silly placeDep ROOT fast-json-stable-stringify@2.1.0 OK for: ajv@6.15.0 want: ^2.0.0
515 silly placeDep ROOT json-schema-traverse@0.4.1 OK for: ajv@6.15.0 want: ^0.4.1
516 silly placeDep ROOT uri-js@4.4.1 OK for: ajv@6.15.0 want: ^4.2.2
517 silly fetch manifest punycode@^2.1.0
518 silly packumentCache full:https://registry.npmjs.org/punycode cache-miss
519 http fetch GET 200 https://registry.npmjs.org/punycode 33ms (cache miss)
520 silly packumentCache full:https://registry.npmjs.org/punycode set size:undefined disposed:false
521 silly placeDep ROOT path-key@3.1.1 OK for: cross-spawn@7.0.6 want: ^3.1.0
522 silly placeDep ROOT shebang-command@2.0.0 OK for: cross-spawn@7.0.6 want: ^2.0.0
523 silly placeDep ROOT which@2.0.2 OK for: cross-spawn@7.0.6 want: ^2.0.1
524 silly fetch manifest shebang-regex@^3.0.0
525 silly packumentCache full:https://registry.npmjs.org/shebang-regex cache-miss
526 http fetch GET 200 https://registry.npmjs.org/shebang-regex 32ms (cache miss)
527 silly packumentCache full:https://registry.npmjs.org/shebang-regex set size:undefined disposed:false
528 silly fetch manifest isexe@^2.0.0
529 silly packumentCache full:https://registry.npmjs.org/isexe cache-miss
530 http fetch GET 200 https://registry.npmjs.org/isexe 33ms (cache miss)
531 silly packumentCache full:https://registry.npmjs.org/isexe set size:undefined disposed:false
532 silly placeDep ROOT ms@2.1.3 OK for: debug@4.4.3 want: ^2.1.3
533 silly placeDep ROOT @next/eslint-plugin-next@15.0.3 OK for: eslint-config-next@15.0.3 want: 15.0.3
534 silly placeDep ROOT @rushstack/eslint-patch@1.16.1 OK for: eslint-config-next@15.0.3 want: ^1.10.3
535 silly placeDep ROOT @typescript-eslint/eslint-plugin@8.62.0 OK for: eslint-config-next@15.0.3 want: ^5.4.2 || ^6.0.0 || ^7.0.0 || ^8.0.0
536 silly placeDep ROOT @typescript-eslint/parser@8.62.0 OK for: eslint-config-next@15.0.3 want: ^5.4.2 || ^6.0.0 || ^7.0.0 || ^8.0.0
537 silly placeDep ROOT eslint-import-resolver-node@0.3.10 OK for: eslint-config-next@15.0.3 want: ^0.3.6
538 silly placeDep ROOT eslint-import-resolver-typescript@3.10.1 OK for: eslint-config-next@15.0.3 want: ^3.5.2
539 silly placeDep ROOT eslint-plugin-import@2.32.0 OK for: eslint-config-next@15.0.3 want: ^2.31.0
540 silly placeDep ROOT eslint-plugin-jsx-a11y@6.10.2 OK for: eslint-config-next@15.0.3 want: ^6.10.0
541 silly placeDep ROOT eslint-plugin-react@7.37.5 OK for: eslint-config-next@15.0.3 want: ^7.35.0
542 silly placeDep ROOT eslint-plugin-react-hooks@5.2.0 OK for: eslint-config-next@15.0.3 want: ^5.0.0
543 silly fetch manifest fast-glob@3.3.1
544 silly packumentCache full:https://registry.npmjs.org/fast-glob cache-miss
545 http fetch GET 200 https://registry.npmjs.org/fast-glob 37ms (cache miss)
546 silly packumentCache full:https://registry.npmjs.org/fast-glob set size:undefined disposed:false
547 silly fetch manifest ignore@^7.0.5
548 silly packumentCache full:https://registry.npmjs.org/ignore cache-miss
549 http cache https://registry.npmjs.org/ignore 3ms (cache hit)
550 silly packumentCache full:https://registry.npmjs.org/ignore set size:237380 disposed:false
551 silly fetch manifest ts-api-utils@^2.5.0
552 silly packumentCache full:https://registry.npmjs.org/ts-api-utils cache-miss
553 http fetch GET 200 https://registry.npmjs.org/ts-api-utils 41ms (cache miss)
554 silly packumentCache full:https://registry.npmjs.org/ts-api-utils set size:undefined disposed:false
555 silly fetch manifest @typescript-eslint/utils@8.62.0
556 silly packumentCache full:https://registry.npmjs.org/@typescript-eslint%2futils cache-miss
557 http fetch GET 200 https://registry.npmjs.org/@typescript-eslint%2futils 327ms (cache miss)
558 silly packumentCache full:https://registry.npmjs.org/@typescript-eslint%2futils set size:undefined disposed:false
559 silly fetch manifest @typescript-eslint/type-utils@8.62.0
560 silly packumentCache full:https://registry.npmjs.org/@typescript-eslint%2ftype-utils cache-miss
561 http fetch GET 200 https://registry.npmjs.org/@typescript-eslint%2ftype-utils 301ms (cache miss)
562 silly packumentCache full:https://registry.npmjs.org/@typescript-eslint%2ftype-utils set size:undefined disposed:false
563 silly fetch manifest @typescript-eslint/visitor-keys@8.62.0
564 silly packumentCache full:https://registry.npmjs.org/@typescript-eslint%2fvisitor-keys cache-miss
565 http fetch GET 200 https://registry.npmjs.org/@typescript-eslint%2fvisitor-keys 346ms (cache miss)
566 silly packumentCache full:https://registry.npmjs.org/@typescript-eslint%2fvisitor-keys set size:undefined disposed:false
567 silly fetch manifest @typescript-eslint/scope-manager@8.62.0
568 silly packumentCache full:https://registry.npmjs.org/@typescript-eslint%2fscope-manager cache-miss
569 http fetch GET 200 https://registry.npmjs.org/@typescript-eslint%2fscope-manager 410ms (cache miss)
570 silly packumentCache full:https://registry.npmjs.org/@typescript-eslint%2fscope-manager set size:undefined disposed:false
571 silly fetch manifest @typescript-eslint/types@8.62.0
572 silly packumentCache full:https://registry.npmjs.org/@typescript-eslint%2ftypes cache-miss
573 http fetch GET 200 https://registry.npmjs.org/@typescript-eslint%2ftypes 391ms (cache miss)
574 silly packumentCache full:https://registry.npmjs.org/@typescript-eslint%2ftypes set size:undefined disposed:false
575 silly fetch manifest @typescript-eslint/typescript-estree@8.62.0
576 silly packumentCache full:https://registry.npmjs.org/@typescript-eslint%2ftypescript-estree cache-miss
577 http fetch GET 200 https://registry.npmjs.org/@typescript-eslint%2ftypescript-estree 486ms (cache miss)
578 silly packumentCache full:https://registry.npmjs.org/@typescript-eslint%2ftypescript-estree set size:undefined disposed:false
579 silly fetch manifest debug@^3.2.7
580 silly packumentCache full:https://registry.npmjs.org/debug cache-hit
581 silly fetch manifest resolve@^2.0.0-next.6
582 silly packumentCache full:https://registry.npmjs.org/resolve cache-miss
583 http fetch GET 200 https://registry.npmjs.org/resolve 46ms (cache miss)
584 silly packumentCache full:https://registry.npmjs.org/resolve set size:undefined disposed:false
585 silly fetch manifest is-core-module@^2.16.1
586 silly packumentCache full:https://registry.npmjs.org/is-core-module cache-miss
587 http fetch GET 200 https://registry.npmjs.org/is-core-module 37ms (cache miss)
588 silly packumentCache full:https://registry.npmjs.org/is-core-module set size:undefined disposed:false
589 silly fetch manifest tinyglobby@^0.2.13
590 silly packumentCache full:https://registry.npmjs.org/tinyglobby cache-miss
591 http fetch GET 200 https://registry.npmjs.org/tinyglobby 32ms (cache miss)
592 silly packumentCache full:https://registry.npmjs.org/tinyglobby set size:undefined disposed:false
593 silly fetch manifest stable-hash@^0.0.5
594 silly packumentCache full:https://registry.npmjs.org/stable-hash cache-miss
595 http fetch GET 200 https://registry.npmjs.org/stable-hash 33ms (cache miss)
596 silly packumentCache full:https://registry.npmjs.org/stable-hash set size:undefined disposed:false
597 silly fetch manifest get-tsconfig@^4.10.0
598 silly packumentCache full:https://registry.npmjs.org/get-tsconfig cache-miss
599 http fetch GET 200 https://registry.npmjs.org/get-tsconfig 38ms (cache miss)
600 silly packumentCache full:https://registry.npmjs.org/get-tsconfig set size:undefined disposed:false
601 silly fetch manifest is-bun-module@^2.0.0
602 silly packumentCache full:https://registry.npmjs.org/is-bun-module cache-miss
603 http fetch GET 200 https://registry.npmjs.org/is-bun-module 30ms (cache miss)
604 silly packumentCache full:https://registry.npmjs.org/is-bun-module set size:undefined disposed:false
605 silly fetch manifest unrs-resolver@^1.6.2
606 silly packumentCache full:https://registry.npmjs.org/unrs-resolver cache-miss
607 http fetch GET 200 https://registry.npmjs.org/unrs-resolver 38ms (cache miss)
608 silly packumentCache full:https://registry.npmjs.org/unrs-resolver set size:undefined disposed:false
609 silly fetch manifest @nolyfill/is-core-module@1.0.39
610 silly packumentCache full:https://registry.npmjs.org/@nolyfill%2fis-core-module cache-miss
611 http fetch GET 200 https://registry.npmjs.org/@nolyfill%2fis-core-module 47ms (cache miss)
612 silly packumentCache full:https://registry.npmjs.org/@nolyfill%2fis-core-module set size:undefined disposed:false
613 silly fetch manifest @rtsao/scc@^1.1.0
614 silly packumentCache full:https://registry.npmjs.org/@rtsao%2fscc cache-miss
615 http fetch GET 200 https://registry.npmjs.org/@rtsao%2fscc 60ms (cache miss)
616 silly packumentCache full:https://registry.npmjs.org/@rtsao%2fscc set size:undefined disposed:false
617 silly fetch manifest array-includes@^3.1.9
618 silly packumentCache full:https://registry.npmjs.org/array-includes cache-miss
619 http fetch GET 200 https://registry.npmjs.org/array-includes 41ms (cache miss)
620 silly packumentCache full:https://registry.npmjs.org/array-includes set size:undefined disposed:false
621 silly fetch manifest array.prototype.findlastindex@^1.2.6
622 silly packumentCache full:https://registry.npmjs.org/array.prototype.findlastindex cache-miss
623 http fetch GET 200 https://registry.npmjs.org/array.prototype.findlastindex 32ms (cache miss)
624 silly packumentCache full:https://registry.npmjs.org/array.prototype.findlastindex set size:undefined disposed:false
625 silly fetch manifest array.prototype.flat@^1.3.3
626 silly packumentCache full:https://registry.npmjs.org/array.prototype.flat cache-miss
627 http fetch GET 200 https://registry.npmjs.org/array.prototype.flat 38ms (cache miss)
628 silly packumentCache full:https://registry.npmjs.org/array.prototype.flat set size:undefined disposed:false
629 silly fetch manifest array.prototype.flatmap@^1.3.3
630 silly packumentCache full:https://registry.npmjs.org/array.prototype.flatmap cache-miss
631 http fetch GET 200 https://registry.npmjs.org/array.prototype.flatmap 41ms (cache miss)
632 silly packumentCache full:https://registry.npmjs.org/array.prototype.flatmap set size:undefined disposed:false
633 silly fetch manifest doctrine@^2.1.0
634 silly packumentCache full:https://registry.npmjs.org/doctrine cache-miss
635 http fetch GET 200 https://registry.npmjs.org/doctrine 37ms (cache miss)
636 silly packumentCache full:https://registry.npmjs.org/doctrine set size:undefined disposed:false
637 silly fetch manifest eslint-module-utils@^2.12.1
638 silly packumentCache full:https://registry.npmjs.org/eslint-module-utils cache-miss
639 http fetch GET 200 https://registry.npmjs.org/eslint-module-utils 38ms (cache miss)
640 silly packumentCache full:https://registry.npmjs.org/eslint-module-utils set size:undefined disposed:false
641 silly fetch manifest hasown@^2.0.2
642 silly packumentCache full:https://registry.npmjs.org/hasown cache-miss
643 http fetch GET 200 https://registry.npmjs.org/hasown 33ms (cache miss)
644 silly packumentCache full:https://registry.npmjs.org/hasown set size:undefined disposed:false
645 silly fetch manifest minimatch@^3.1.2
646 silly packumentCache full:https://registry.npmjs.org/minimatch cache-miss
647 http cache https://registry.npmjs.org/minimatch 6ms (cache hit)
648 silly packumentCache full:https://registry.npmjs.org/minimatch set size:375282 disposed:false
649 silly fetch manifest object.fromentries@^2.0.8
650 silly packumentCache full:https://registry.npmjs.org/object.fromentries cache-miss
651 http fetch GET 200 https://registry.npmjs.org/object.fromentries 33ms (cache miss)
652 silly packumentCache full:https://registry.npmjs.org/object.fromentries set size:undefined disposed:false
653 silly fetch manifest object.groupby@^1.0.3
654 silly packumentCache full:https://registry.npmjs.org/object.groupby cache-miss
655 http fetch GET 200 https://registry.npmjs.org/object.groupby 34ms (cache miss)
656 silly packumentCache full:https://registry.npmjs.org/object.groupby set size:undefined disposed:false
657 silly fetch manifest object.values@^1.2.1
658 silly packumentCache full:https://registry.npmjs.org/object.values cache-miss
659 http fetch GET 200 https://registry.npmjs.org/object.values 37ms (cache miss)
660 silly packumentCache full:https://registry.npmjs.org/object.values set size:undefined disposed:false
661 silly fetch manifest semver@^6.3.1
662 silly packumentCache full:https://registry.npmjs.org/semver cache-miss
663 http fetch GET 200 https://registry.npmjs.org/semver 44ms (cache miss)
664 silly packumentCache full:https://registry.npmjs.org/semver set size:undefined disposed:false
665 silly fetch manifest string.prototype.trimend@^1.0.9
666 silly packumentCache full:https://registry.npmjs.org/string.prototype.trimend cache-miss
667 http fetch GET 200 https://registry.npmjs.org/string.prototype.trimend 40ms (cache miss)
668 silly packumentCache full:https://registry.npmjs.org/string.prototype.trimend set size:undefined disposed:false
669 silly fetch manifest tsconfig-paths@^3.15.0
670 silly packumentCache full:https://registry.npmjs.org/tsconfig-paths cache-miss
671 http fetch GET 200 https://registry.npmjs.org/tsconfig-paths 42ms (cache miss)
672 silly packumentCache full:https://registry.npmjs.org/tsconfig-paths set size:undefined disposed:false
673 silly fetch manifest aria-query@^5.3.2
674 silly packumentCache full:https://registry.npmjs.org/aria-query cache-miss
675 http fetch GET 200 https://registry.npmjs.org/aria-query 36ms (cache miss)
676 silly packumentCache full:https://registry.npmjs.org/aria-query set size:undefined disposed:false
677 silly fetch manifest array-includes@^3.1.8
678 silly packumentCache full:https://registry.npmjs.org/array-includes cache-miss
679 http cache https://registry.npmjs.org/array-includes 3ms (cache hit)
680 silly packumentCache full:https://registry.npmjs.org/array-includes set size:77143 disposed:false
681 silly fetch manifest array.prototype.flatmap@^1.3.2
682 silly packumentCache full:https://registry.npmjs.org/array.prototype.flatmap cache-miss
683 http cache https://registry.npmjs.org/array.prototype.flatmap 2ms (cache hit)
684 silly packumentCache full:https://registry.npmjs.org/array.prototype.flatmap set size:51458 disposed:false
685 silly fetch manifest ast-types-flow@^0.0.8
686 silly packumentCache full:https://registry.npmjs.org/ast-types-flow cache-miss
687 http fetch GET 200 https://registry.npmjs.org/ast-types-flow 32ms (cache miss)
688 silly packumentCache full:https://registry.npmjs.org/ast-types-flow set size:undefined disposed:false
689 silly fetch manifest axe-core@^4.10.0
690 silly packumentCache full:https://registry.npmjs.org/axe-core cache-miss
691 http fetch GET 200 https://registry.npmjs.org/axe-core 386ms (cache miss)
692 silly packumentCache full:https://registry.npmjs.org/axe-core set size:undefined disposed:false
693 silly fetch manifest axobject-query@^4.1.0
694 silly packumentCache full:https://registry.npmjs.org/axobject-query cache-miss
695 http fetch GET 200 https://registry.npmjs.org/axobject-query 53ms (cache miss)
696 silly packumentCache full:https://registry.npmjs.org/axobject-query set size:undefined disposed:false
697 silly fetch manifest damerau-levenshtein@^1.0.8
698 silly packumentCache full:https://registry.npmjs.org/damerau-levenshtein cache-miss
699 http fetch GET 200 https://registry.npmjs.org/damerau-levenshtein 31ms (cache miss)
700 silly packumentCache full:https://registry.npmjs.org/damerau-levenshtein set size:undefined disposed:false
701 silly fetch manifest emoji-regex@^9.2.2
702 silly packumentCache full:https://registry.npmjs.org/emoji-regex cache-miss
703 http fetch GET 200 https://registry.npmjs.org/emoji-regex 41ms (cache miss)
704 silly packumentCache full:https://registry.npmjs.org/emoji-regex set size:undefined disposed:false
705 silly fetch manifest jsx-ast-utils@^3.3.5
706 silly packumentCache full:https://registry.npmjs.org/jsx-ast-utils cache-miss
707 http fetch GET 200 https://registry.npmjs.org/jsx-ast-utils 31ms (cache miss)
708 silly packumentCache full:https://registry.npmjs.org/jsx-ast-utils set size:undefined disposed:false
709 silly fetch manifest language-tags@^1.0.9
710 silly packumentCache full:https://registry.npmjs.org/language-tags cache-miss
711 http fetch GET 200 https://registry.npmjs.org/language-tags 30ms (cache miss)
712 silly packumentCache full:https://registry.npmjs.org/language-tags set size:undefined disposed:false
713 silly fetch manifest safe-regex-test@^1.0.3
714 silly packumentCache full:https://registry.npmjs.org/safe-regex-test cache-miss
715 http fetch GET 200 https://registry.npmjs.org/safe-regex-test 31ms (cache miss)
716 silly packumentCache full:https://registry.npmjs.org/safe-regex-test set size:undefined disposed:false
717 silly fetch manifest string.prototype.includes@^2.0.1
718 silly packumentCache full:https://registry.npmjs.org/string.prototype.includes cache-miss
719 http fetch GET 200 https://registry.npmjs.org/string.prototype.includes 31ms (cache miss)
720 silly packumentCache full:https://registry.npmjs.org/string.prototype.includes set size:undefined disposed:false
721 silly fetch manifest array.prototype.findlast@^1.2.5
722 silly packumentCache full:https://registry.npmjs.org/array.prototype.findlast cache-miss
723 http fetch GET 200 https://registry.npmjs.org/array.prototype.findlast 35ms (cache miss)
724 silly packumentCache full:https://registry.npmjs.org/array.prototype.findlast set size:undefined disposed:false
725 silly fetch manifest array.prototype.tosorted@^1.1.4
726 silly packumentCache full:https://registry.npmjs.org/array.prototype.tosorted cache-miss
727 http fetch GET 200 https://registry.npmjs.org/array.prototype.tosorted 32ms (cache miss)
728 silly packumentCache full:https://registry.npmjs.org/array.prototype.tosorted set size:undefined disposed:false
729 silly fetch manifest es-iterator-helpers@^1.2.1
730 silly packumentCache full:https://registry.npmjs.org/es-iterator-helpers cache-miss
731 http fetch GET 200 https://registry.npmjs.org/es-iterator-helpers 35ms (cache miss)
732 silly packumentCache full:https://registry.npmjs.org/es-iterator-helpers set size:undefined disposed:false
733 silly fetch manifest estraverse@^5.3.0
734 silly packumentCache full:https://registry.npmjs.org/estraverse cache-hit
735 silly fetch manifest jsx-ast-utils@^2.4.1 || ^3.0.0
736 silly packumentCache full:https://registry.npmjs.org/jsx-ast-utils cache-miss
737 http cache https://registry.npmjs.org/jsx-ast-utils 2ms (cache hit)
738 silly packumentCache full:https://registry.npmjs.org/jsx-ast-utils set size:115998 disposed:false
739 silly fetch manifest object.entries@^1.1.9
740 silly packumentCache full:https://registry.npmjs.org/object.entries cache-miss
741 http fetch GET 200 https://registry.npmjs.org/object.entries 36ms (cache miss)
742 silly packumentCache full:https://registry.npmjs.org/object.entries set size:undefined disposed:false
743 silly fetch manifest prop-types@^15.8.1
744 silly packumentCache full:https://registry.npmjs.org/prop-types cache-miss
745 http fetch GET 200 https://registry.npmjs.org/prop-types 37ms (cache miss)
746 silly packumentCache full:https://registry.npmjs.org/prop-types set size:undefined disposed:false
747 silly fetch manifest resolve@^2.0.0-next.5
748 silly packumentCache full:https://registry.npmjs.org/resolve cache-miss
749 http cache https://registry.npmjs.org/resolve 2ms (cache hit)
750 silly packumentCache full:https://registry.npmjs.org/resolve set size:244568 disposed:false
751 silly fetch manifest string.prototype.matchall@^4.0.12
752 silly packumentCache full:https://registry.npmjs.org/string.prototype.matchall cache-miss
753 http fetch GET 200 https://registry.npmjs.org/string.prototype.matchall 35ms (cache miss)
754 silly packumentCache full:https://registry.npmjs.org/string.prototype.matchall set size:undefined disposed:false
755 silly fetch manifest string.prototype.repeat@^1.0.0
756 silly packumentCache full:https://registry.npmjs.org/string.prototype.repeat cache-miss
757 http fetch GET 200 https://registry.npmjs.org/string.prototype.repeat 32ms (cache miss)
758 silly packumentCache full:https://registry.npmjs.org/string.prototype.repeat set size:undefined disposed:false
759 silly placeDep ROOT fast-glob@3.3.1 OK for: @next/eslint-plugin-next@15.0.3 want: 3.3.1
760 silly fetch manifest merge2@^1.3.0
761 silly packumentCache full:https://registry.npmjs.org/merge2 cache-miss
762 http fetch GET 200 https://registry.npmjs.org/merge2 36ms (cache miss)
763 silly packumentCache full:https://registry.npmjs.org/merge2 set size:undefined disposed:false
764 silly fetch manifest micromatch@^4.0.4
765 silly packumentCache full:https://registry.npmjs.org/micromatch cache-miss
766 http fetch GET 200 https://registry.npmjs.org/micromatch 36ms (cache miss)
767 silly packumentCache full:https://registry.npmjs.org/micromatch set size:undefined disposed:false
768 silly fetch manifest glob-parent@^5.1.2
769 silly packumentCache full:https://registry.npmjs.org/glob-parent cache-miss
770 http cache https://registry.npmjs.org/glob-parent 2ms (cache hit)
771 silly packumentCache full:https://registry.npmjs.org/glob-parent set size:42445 disposed:false
772 silly fetch manifest @nodelib/fs.stat@^2.0.2
773 silly packumentCache full:https://registry.npmjs.org/@nodelib%2ffs.stat cache-miss
774 http fetch GET 200 https://registry.npmjs.org/@nodelib%2ffs.stat 51ms (cache miss)
775 silly packumentCache full:https://registry.npmjs.org/@nodelib%2ffs.stat set size:undefined disposed:false
776 silly fetch manifest @nodelib/fs.walk@^1.2.3
777 silly packumentCache full:https://registry.npmjs.org/@nodelib%2ffs.walk cache-miss
778 http fetch GET 200 https://registry.npmjs.org/@nodelib%2ffs.walk 50ms (cache miss)
779 silly packumentCache full:https://registry.npmjs.org/@nodelib%2ffs.walk set size:undefined disposed:false
780 silly placeDep ROOT @typescript-eslint/scope-manager@8.62.0 OK for: @typescript-eslint/eslint-plugin@8.62.0 want: 8.62.0
781 silly placeDep ROOT @typescript-eslint/type-utils@8.62.0 OK for: @typescript-eslint/eslint-plugin@8.62.0 want: 8.62.0
782 silly placeDep ROOT @typescript-eslint/utils@8.62.0 OK for: @typescript-eslint/eslint-plugin@8.62.0 want: 8.62.0
783 silly placeDep ROOT @typescript-eslint/visitor-keys@8.62.0 OK for: @typescript-eslint/eslint-plugin@8.62.0 want: 8.62.0
784 silly placeDep node_modules/@typescript-eslint/eslint-plugin ignore@7.0.5 OK for: @typescript-eslint/eslint-plugin@8.62.0 want: ^7.0.5
785 silly placeDep ROOT ts-api-utils@2.5.0 OK for: @typescript-eslint/eslint-plugin@8.62.0 want: ^2.5.0
786 silly placeDep ROOT @typescript-eslint/types@8.62.0 OK for: @typescript-eslint/parser@8.62.0 want: 8.62.0
787 silly placeDep ROOT @typescript-eslint/typescript-estree@8.62.0 OK for: @typescript-eslint/parser@8.62.0 want: 8.62.0
788 silly fetch manifest semver@^7.7.3
789 silly packumentCache full:https://registry.npmjs.org/semver cache-miss
790 http cache https://registry.npmjs.org/semver 2ms (cache hit)
791 silly packumentCache full:https://registry.npmjs.org/semver set size:246125 disposed:false
792 silly fetch manifest tinyglobby@^0.2.15
793 silly packumentCache full:https://registry.npmjs.org/tinyglobby cache-miss
794 http cache https://registry.npmjs.org/tinyglobby 2ms (cache hit)
795 silly packumentCache full:https://registry.npmjs.org/tinyglobby set size:54291 disposed:false
796 silly fetch manifest @typescript-eslint/tsconfig-utils@8.62.0
797 silly packumentCache full:https://registry.npmjs.org/@typescript-eslint%2ftsconfig-utils cache-miss
798 http fetch GET 200 https://registry.npmjs.org/@typescript-eslint%2ftsconfig-utils 96ms (cache miss)
799 silly packumentCache full:https://registry.npmjs.org/@typescript-eslint%2ftsconfig-utils set size:undefined disposed:false
800 silly fetch manifest @typescript-eslint/project-service@8.62.0
801 silly packumentCache full:https://registry.npmjs.org/@typescript-eslint%2fproject-service cache-miss
802 http fetch GET 200 https://registry.npmjs.org/@typescript-eslint%2fproject-service 123ms (cache miss)
803 silly packumentCache full:https://registry.npmjs.org/@typescript-eslint%2fproject-service set size:undefined disposed:false
804 silly placeDep ROOT @typescript-eslint/project-service@8.62.0 OK for: @typescript-eslint/typescript-estree@8.62.0 want: 8.62.0
805 silly placeDep ROOT @typescript-eslint/tsconfig-utils@8.62.0 OK for: @typescript-eslint/typescript-estree@8.62.0 want: 8.62.0
806 silly placeDep ROOT semver@7.8.5 OK for: @typescript-eslint/typescript-estree@8.62.0 want: ^7.7.3
807 silly placeDep ROOT tinyglobby@0.2.17 OK for: @typescript-eslint/typescript-estree@8.62.0 want: ^0.2.15
808 silly fetch manifest @typescript-eslint/tsconfig-utils@^8.62.0
809 silly packumentCache full:https://registry.npmjs.org/@typescript-eslint%2ftsconfig-utils cache-miss
810 http cache https://registry.npmjs.org/@typescript-eslint%2ftsconfig-utils 7ms (cache hit)
811 silly packumentCache full:https://registry.npmjs.org/@typescript-eslint%2ftsconfig-utils set size:1376174 disposed:false
812 silly fetch manifest fdir@^6.5.0
813 silly packumentCache full:https://registry.npmjs.org/fdir cache-miss
814 http fetch GET 200 https://registry.npmjs.org/fdir 58ms (cache miss)
815 silly packumentCache full:https://registry.npmjs.org/fdir set size:undefined disposed:false
816 silly fetch manifest picomatch@^4.0.4
817 silly packumentCache full:https://registry.npmjs.org/picomatch cache-miss
818 http fetch GET 200 https://registry.npmjs.org/picomatch 43ms (cache miss)
819 silly packumentCache full:https://registry.npmjs.org/picomatch set size:undefined disposed:false
820 silly placeDep node_modules/eslint-import-resolver-node debug@3.2.7 OK for: eslint-import-resolver-node@0.3.10 want: ^3.2.7
821 silly placeDep ROOT is-core-module@2.16.2 OK for: eslint-import-resolver-node@0.3.10 want: ^2.16.1
822 silly placeDep ROOT resolve@2.0.0-next.7 OK for: eslint-import-resolver-node@0.3.10 want: ^2.0.0-next.6
823 silly fetch manifest hasown@^2.0.3
824 silly packumentCache full:https://registry.npmjs.org/hasown cache-miss
825 http cache https://registry.npmjs.org/hasown 3ms (cache hit)
826 silly packumentCache full:https://registry.npmjs.org/hasown set size:18361 disposed:false
827 silly fetch manifest es-errors@^1.3.0
828 silly packumentCache full:https://registry.npmjs.org/es-errors cache-miss
829 http fetch GET 200 https://registry.npmjs.org/es-errors 36ms (cache miss)
830 silly packumentCache full:https://registry.npmjs.org/es-errors set size:undefined disposed:false
831 silly fetch manifest node-exports-info@^1.6.0
832 silly packumentCache full:https://registry.npmjs.org/node-exports-info cache-miss
833 http fetch GET 200 https://registry.npmjs.org/node-exports-info 32ms (cache miss)
834 silly packumentCache full:https://registry.npmjs.org/node-exports-info set size:undefined disposed:false
835 silly fetch manifest object-keys@^1.1.1
836 silly packumentCache full:https://registry.npmjs.org/object-keys cache-miss
837 http fetch GET 200 https://registry.npmjs.org/object-keys 36ms (cache miss)
838 silly packumentCache full:https://registry.npmjs.org/object-keys set size:undefined disposed:false
839 silly fetch manifest path-parse@^1.0.7
840 silly packumentCache full:https://registry.npmjs.org/path-parse cache-miss
841 http fetch GET 200 https://registry.npmjs.org/path-parse 34ms (cache miss)
842 silly packumentCache full:https://registry.npmjs.org/path-parse set size:undefined disposed:false
843 silly fetch manifest supports-preserve-symlinks-flag@^1.0.0
844 silly packumentCache full:https://registry.npmjs.org/supports-preserve-symlinks-flag cache-miss
845 http fetch GET 200 https://registry.npmjs.org/supports-preserve-symlinks-flag 31ms (cache miss)
846 silly packumentCache full:https://registry.npmjs.org/supports-preserve-symlinks-flag set size:undefined disposed:false
847 silly placeDep ROOT @nolyfill/is-core-module@1.0.39 OK for: eslint-import-resolver-typescript@3.10.1 want: 1.0.39
848 silly placeDep ROOT get-tsconfig@4.14.0 OK for: eslint-import-resolver-typescript@3.10.1 want: ^4.10.0
849 silly placeDep ROOT is-bun-module@2.0.0 OK for: eslint-import-resolver-typescript@3.10.1 want: ^2.0.0
850 silly placeDep ROOT stable-hash@0.0.5 OK for: eslint-import-resolver-typescript@3.10.1 want: ^0.0.5
851 silly placeDep ROOT unrs-resolver@1.12.2 OK for: eslint-import-resolver-typescript@3.10.1 want: ^1.6.2
852 silly fetch manifest resolve-pkg-maps@^1.0.0
853 silly packumentCache full:https://registry.npmjs.org/resolve-pkg-maps cache-miss
854 http fetch GET 200 https://registry.npmjs.org/resolve-pkg-maps 31ms (cache miss)
855 silly packumentCache full:https://registry.npmjs.org/resolve-pkg-maps set size:undefined disposed:false
856 silly fetch manifest napi-postinstall@^0.3.4
857 silly packumentCache full:https://registry.npmjs.org/napi-postinstall cache-miss
858 http fetch GET 200 https://registry.npmjs.org/napi-postinstall 35ms (cache miss)
859 silly packumentCache full:https://registry.npmjs.org/napi-postinstall set size:undefined disposed:false
860 silly fetch manifest @unrs/resolver-binding-darwin-arm64@1.12.2
861 silly packumentCache full:https://registry.npmjs.org/@unrs%2fresolver-binding-darwin-arm64 cache-miss
862 http fetch GET 200 https://registry.npmjs.org/@unrs%2fresolver-binding-darwin-arm64 53ms (cache miss)
863 silly packumentCache full:https://registry.npmjs.org/@unrs%2fresolver-binding-darwin-arm64 set size:undefined disposed:false
864 silly fetch manifest @unrs/resolver-binding-android-arm64@1.12.2
865 silly packumentCache full:https://registry.npmjs.org/@unrs%2fresolver-binding-android-arm64 cache-miss
866 http fetch GET 200 https://registry.npmjs.org/@unrs%2fresolver-binding-android-arm64 52ms (cache miss)
867 silly packumentCache full:https://registry.npmjs.org/@unrs%2fresolver-binding-android-arm64 set size:undefined disposed:false
868 silly fetch manifest @unrs/resolver-binding-win32-arm64-msvc@1.12.2
869 silly packumentCache full:https://registry.npmjs.org/@unrs%2fresolver-binding-win32-arm64-msvc cache-miss
870 http fetch GET 200 https://registry.npmjs.org/@unrs%2fresolver-binding-win32-arm64-msvc 56ms (cache miss)
871 silly packumentCache full:https://registry.npmjs.org/@unrs%2fresolver-binding-win32-arm64-msvc set size:undefined disposed:false
872 silly fetch manifest @unrs/resolver-binding-linux-arm64-gnu@1.12.2
873 silly packumentCache full:https://registry.npmjs.org/@unrs%2fresolver-binding-linux-arm64-gnu cache-miss
874 http fetch GET 200 https://registry.npmjs.org/@unrs%2fresolver-binding-linux-arm64-gnu 58ms (cache miss)
875 silly packumentCache full:https://registry.npmjs.org/@unrs%2fresolver-binding-linux-arm64-gnu set size:undefined disposed:false
876 silly fetch manifest @unrs/resolver-binding-linux-arm64-musl@1.12.2
877 silly packumentCache full:https://registry.npmjs.org/@unrs%2fresolver-binding-linux-arm64-musl cache-miss
878 http fetch GET 200 https://registry.npmjs.org/@unrs%2fresolver-binding-linux-arm64-musl 51ms (cache miss)
879 silly packumentCache full:https://registry.npmjs.org/@unrs%2fresolver-binding-linux-arm64-musl set size:undefined disposed:false
880 silly fetch manifest @unrs/resolver-binding-openharmony-arm64@1.12.2
881 silly packumentCache full:https://registry.npmjs.org/@unrs%2fresolver-binding-openharmony-arm64 cache-miss
882 http fetch GET 200 https://registry.npmjs.org/@unrs%2fresolver-binding-openharmony-arm64 51ms (cache miss)
883 silly packumentCache full:https://registry.npmjs.org/@unrs%2fresolver-binding-openharmony-arm64 set size:undefined disposed:false
884 silly fetch manifest @unrs/resolver-binding-android-arm-eabi@1.12.2
885 silly packumentCache full:https://registry.npmjs.org/@unrs%2fresolver-binding-android-arm-eabi cache-miss
886 http fetch GET 200 https://registry.npmjs.org/@unrs%2fresolver-binding-android-arm-eabi 57ms (cache miss)
887 silly packumentCache full:https://registry.npmjs.org/@unrs%2fresolver-binding-android-arm-eabi set size:undefined disposed:false
888 silly fetch manifest @unrs/resolver-binding-linux-arm-gnueabihf@1.12.2
889 silly packumentCache full:https://registry.npmjs.org/@unrs%2fresolver-binding-linux-arm-gnueabihf cache-miss
890 http fetch GET 200 https://registry.npmjs.org/@unrs%2fresolver-binding-linux-arm-gnueabihf 57ms (cache miss)
891 silly packumentCache full:https://registry.npmjs.org/@unrs%2fresolver-binding-linux-arm-gnueabihf set size:undefined disposed:false
892 silly fetch manifest @unrs/resolver-binding-linux-arm-musleabihf@1.12.2
893 silly packumentCache full:https://registry.npmjs.org/@unrs%2fresolver-binding-linux-arm-musleabihf cache-miss
894 http fetch GET 200 https://registry.npmjs.org/@unrs%2fresolver-binding-linux-arm-musleabihf 53ms (cache miss)
895 silly packumentCache full:https://registry.npmjs.org/@unrs%2fresolver-binding-linux-arm-musleabihf set size:undefined disposed:false
896 silly fetch manifest @unrs/resolver-binding-win32-ia32-msvc@1.12.2
897 silly packumentCache full:https://registry.npmjs.org/@unrs%2fresolver-binding-win32-ia32-msvc cache-miss
898 http fetch GET 200 https://registry.npmjs.org/@unrs%2fresolver-binding-win32-ia32-msvc 50ms (cache miss)
899 silly packumentCache full:https://registry.npmjs.org/@unrs%2fresolver-binding-win32-ia32-msvc set size:undefined disposed:false
900 silly fetch manifest @unrs/resolver-binding-linux-loong64-gnu@1.12.2
901 silly packumentCache full:https://registry.npmjs.org/@unrs%2fresolver-binding-linux-loong64-gnu cache-miss
902 http fetch GET 200 https://registry.npmjs.org/@unrs%2fresolver-binding-linux-loong64-gnu 54ms (cache miss)
903 silly packumentCache full:https://registry.npmjs.org/@unrs%2fresolver-binding-linux-loong64-gnu set size:undefined disposed:false
904 silly fetch manifest @unrs/resolver-binding-linux-loong64-musl@1.12.2
905 silly packumentCache full:https://registry.npmjs.org/@unrs%2fresolver-binding-linux-loong64-musl cache-miss
906 http fetch GET 200 https://registry.npmjs.org/@unrs%2fresolver-binding-linux-loong64-musl 56ms (cache miss)
907 silly packumentCache full:https://registry.npmjs.org/@unrs%2fresolver-binding-linux-loong64-musl set size:undefined disposed:false
908 silly fetch manifest @unrs/resolver-binding-linux-ppc64-gnu@1.12.2
909 silly packumentCache full:https://registry.npmjs.org/@unrs%2fresolver-binding-linux-ppc64-gnu cache-miss
910 http fetch GET 200 https://registry.npmjs.org/@unrs%2fresolver-binding-linux-ppc64-gnu 55ms (cache miss)
911 silly packumentCache full:https://registry.npmjs.org/@unrs%2fresolver-binding-linux-ppc64-gnu set size:undefined disposed:false
912 silly fetch manifest @unrs/resolver-binding-linux-riscv64-gnu@1.12.2
913 silly packumentCache full:https://registry.npmjs.org/@unrs%2fresolver-binding-linux-riscv64-gnu cache-miss
914 http fetch GET 200 https://registry.npmjs.org/@unrs%2fresolver-binding-linux-riscv64-gnu 59ms (cache miss)
915 silly packumentCache full:https://registry.npmjs.org/@unrs%2fresolver-binding-linux-riscv64-gnu set size:undefined disposed:false
916 silly fetch manifest @unrs/resolver-binding-linux-riscv64-musl@1.12.2
917 silly packumentCache full:https://registry.npmjs.org/@unrs%2fresolver-binding-linux-riscv64-musl cache-miss
918 http fetch GET 200 https://registry.npmjs.org/@unrs%2fresolver-binding-linux-riscv64-musl 61ms (cache miss)
919 silly packumentCache full:https://registry.npmjs.org/@unrs%2fresolver-binding-linux-riscv64-musl set size:undefined disposed:false
920 silly fetch manifest @unrs/resolver-binding-linux-s390x-gnu@1.12.2
921 silly packumentCache full:https://registry.npmjs.org/@unrs%2fresolver-binding-linux-s390x-gnu cache-miss
922 http fetch GET 200 https://registry.npmjs.org/@unrs%2fresolver-binding-linux-s390x-gnu 80ms (cache miss)
923 silly packumentCache full:https://registry.npmjs.org/@unrs%2fresolver-binding-linux-s390x-gnu set size:undefined disposed:false
924 silly fetch manifest @unrs/resolver-binding-wasm32-wasi@1.12.2
925 silly packumentCache full:https://registry.npmjs.org/@unrs%2fresolver-binding-wasm32-wasi cache-miss
926 http fetch GET 200 https://registry.npmjs.org/@unrs%2fresolver-binding-wasm32-wasi 56ms (cache miss)
927 silly packumentCache full:https://registry.npmjs.org/@unrs%2fresolver-binding-wasm32-wasi set size:undefined disposed:false
928 silly fetch manifest @unrs/resolver-binding-darwin-x64@1.12.2
929 silly packumentCache full:https://registry.npmjs.org/@unrs%2fresolver-binding-darwin-x64 cache-miss
930 http fetch GET 200 https://registry.npmjs.org/@unrs%2fresolver-binding-darwin-x64 65ms (cache miss)
931 silly packumentCache full:https://registry.npmjs.org/@unrs%2fresolver-binding-darwin-x64 set size:undefined disposed:false
932 silly fetch manifest @unrs/resolver-binding-win32-x64-msvc@1.12.2
933 silly packumentCache full:https://registry.npmjs.org/@unrs%2fresolver-binding-win32-x64-msvc cache-miss
934 http fetch GET 200 https://registry.npmjs.org/@unrs%2fresolver-binding-win32-x64-msvc 60ms (cache miss)
935 silly packumentCache full:https://registry.npmjs.org/@unrs%2fresolver-binding-win32-x64-msvc set size:undefined disposed:false
936 silly fetch manifest @unrs/resolver-binding-freebsd-x64@1.12.2
937 silly packumentCache full:https://registry.npmjs.org/@unrs%2fresolver-binding-freebsd-x64 cache-miss
938 http fetch GET 200 https://registry.npmjs.org/@unrs%2fresolver-binding-freebsd-x64 51ms (cache miss)
939 silly packumentCache full:https://registry.npmjs.org/@unrs%2fresolver-binding-freebsd-x64 set size:undefined disposed:false
940 silly fetch manifest @unrs/resolver-binding-linux-x64-gnu@1.12.2
941 silly packumentCache full:https://registry.npmjs.org/@unrs%2fresolver-binding-linux-x64-gnu cache-miss
942 http fetch GET 200 https://registry.npmjs.org/@unrs%2fresolver-binding-linux-x64-gnu 52ms (cache miss)
943 silly packumentCache full:https://registry.npmjs.org/@unrs%2fresolver-binding-linux-x64-gnu set size:undefined disposed:false
944 silly fetch manifest @unrs/resolver-binding-linux-x64-musl@1.12.2
945 silly packumentCache full:https://registry.npmjs.org/@unrs%2fresolver-binding-linux-x64-musl cache-miss
946 http fetch GET 200 https://registry.npmjs.org/@unrs%2fresolver-binding-linux-x64-musl 53ms (cache miss)
947 silly packumentCache full:https://registry.npmjs.org/@unrs%2fresolver-binding-linux-x64-musl set size:undefined disposed:false
948 silly placeDep ROOT @rtsao/scc@1.1.0 OK for: eslint-plugin-import@2.32.0 want: ^1.1.0
949 silly placeDep ROOT array-includes@3.1.9 OK for: eslint-plugin-import@2.32.0 want: ^3.1.9
950 silly placeDep ROOT array.prototype.findlastindex@1.2.6 OK for: eslint-plugin-import@2.32.0 want: ^1.2.6
951 silly placeDep ROOT array.prototype.flat@1.3.3 OK for: eslint-plugin-import@2.32.0 want: ^1.3.3
952 silly placeDep ROOT array.prototype.flatmap@1.3.3 OK for: eslint-plugin-import@2.32.0 want: ^1.3.3
953 silly placeDep node_modules/eslint-plugin-import debug@3.2.7 OK for: eslint-plugin-import@2.32.0 want: ^3.2.7
954 silly placeDep ROOT doctrine@2.1.0 OK for: eslint-plugin-import@2.32.0 want: ^2.1.0
955 silly placeDep ROOT eslint-module-utils@2.13.0 OK for: eslint-plugin-import@2.32.0 want: ^2.12.1
956 silly placeDep ROOT hasown@2.0.4 OK for: eslint-plugin-import@2.32.0 want: ^2.0.2
957 silly placeDep node_modules/eslint-plugin-import minimatch@3.1.5 OK for: eslint-plugin-import@2.32.0 want: ^3.1.2
958 silly placeDep ROOT object.fromentries@2.0.8 OK for: eslint-plugin-import@2.32.0 want: ^2.0.8
959 silly placeDep ROOT object.groupby@1.0.3 OK for: eslint-plugin-import@2.32.0 want: ^1.0.3
960 silly placeDep ROOT object.values@1.2.1 OK for: eslint-plugin-import@2.32.0 want: ^1.2.1
961 silly placeDep node_modules/eslint-plugin-import semver@6.3.1 OK for: eslint-plugin-import@2.32.0 want: ^6.3.1
962 silly placeDep ROOT string.prototype.trimend@1.0.10 OK for: eslint-plugin-import@2.32.0 want: ^1.0.9
963 silly placeDep ROOT tsconfig-paths@3.15.0 OK for: eslint-plugin-import@2.32.0 want: ^3.15.0
964 silly fetch manifest call-bind@^1.0.8
965 silly packumentCache full:https://registry.npmjs.org/call-bind cache-miss
966 http fetch GET 200 https://registry.npmjs.org/call-bind 33ms (cache miss)
967 silly packumentCache full:https://registry.npmjs.org/call-bind set size:undefined disposed:false
968 silly fetch manifest call-bound@^1.0.4
969 silly packumentCache full:https://registry.npmjs.org/call-bound cache-miss
970 http fetch GET 200 https://registry.npmjs.org/call-bound 30ms (cache miss)
971 silly packumentCache full:https://registry.npmjs.org/call-bound set size:undefined disposed:false
972 silly fetch manifest define-properties@^1.2.1
973 silly packumentCache full:https://registry.npmjs.org/define-properties cache-miss
974 http fetch GET 200 https://registry.npmjs.org/define-properties 33ms (cache miss)
975 silly packumentCache full:https://registry.npmjs.org/define-properties set size:undefined disposed:false
976 silly fetch manifest es-abstract@^1.24.0
977 silly packumentCache full:https://registry.npmjs.org/es-abstract cache-miss
978 http fetch GET 200 https://registry.npmjs.org/es-abstract 47ms (cache miss)
979 silly packumentCache full:https://registry.npmjs.org/es-abstract set size:undefined disposed:false
980 silly fetch manifest es-object-atoms@^1.1.1
981 silly packumentCache full:https://registry.npmjs.org/es-object-atoms cache-miss
982 http fetch GET 200 https://registry.npmjs.org/es-object-atoms 51ms (cache miss)
983 silly packumentCache full:https://registry.npmjs.org/es-object-atoms set size:undefined disposed:false
984 silly fetch manifest get-intrinsic@^1.3.0
985 silly packumentCache full:https://registry.npmjs.org/get-intrinsic cache-miss
986 http fetch GET 200 https://registry.npmjs.org/get-intrinsic 37ms (cache miss)
987 silly packumentCache full:https://registry.npmjs.org/get-intrinsic set size:undefined disposed:false
988 silly fetch manifest is-string@^1.1.1
989 silly packumentCache full:https://registry.npmjs.org/is-string cache-miss
990 http fetch GET 200 https://registry.npmjs.org/is-string 34ms (cache miss)
991 silly packumentCache full:https://registry.npmjs.org/is-string set size:undefined disposed:false
992 silly fetch manifest math-intrinsics@^1.1.0
993 silly packumentCache full:https://registry.npmjs.org/math-intrinsics cache-miss
994 http fetch GET 200 https://registry.npmjs.org/math-intrinsics 33ms (cache miss)
995 silly packumentCache full:https://registry.npmjs.org/math-intrinsics set size:undefined disposed:false
996 silly fetch manifest es-abstract@^1.23.9
997 silly packumentCache full:https://registry.npmjs.org/es-abstract cache-miss
998 http cache https://registry.npmjs.org/es-abstract 3ms (cache hit)
999 silly packumentCache full:https://registry.npmjs.org/es-abstract set size:384124 disposed:false
1000 silly fetch manifest es-shim-unscopables@^1.1.0
1001 silly packumentCache full:https://registry.npmjs.org/es-shim-unscopables cache-miss
1002 http fetch GET 200 https://registry.npmjs.org/es-shim-unscopables 43ms (cache miss)
1003 silly packumentCache full:https://registry.npmjs.org/es-shim-unscopables set size:undefined disposed:false
1004 silly fetch manifest es-abstract@^1.23.5
1005 silly packumentCache full:https://registry.npmjs.org/es-abstract cache-hit
1006 silly fetch manifest es-shim-unscopables@^1.0.2
1007 silly packumentCache full:https://registry.npmjs.org/es-shim-unscopables cache-miss
1008 http cache https://registry.npmjs.org/es-shim-unscopables 3ms (cache hit)
1009 silly packumentCache full:https://registry.npmjs.org/es-shim-unscopables set size:13965 disposed:false
1010 silly fetch manifest function-bind@^1.1.2
1011 silly packumentCache full:https://registry.npmjs.org/function-bind cache-miss
1012 http fetch GET 200 https://registry.npmjs.org/function-bind 45ms (cache miss)
1013 silly packumentCache full:https://registry.npmjs.org/function-bind set size:undefined disposed:false
1014 silly fetch manifest brace-expansion@^1.1.7
1015 silly packumentCache full:https://registry.npmjs.org/brace-expansion cache-miss
1016 http cache https://registry.npmjs.org/brace-expansion 3ms (cache hit)
1017 silly packumentCache full:https://registry.npmjs.org/brace-expansion set size:72152 disposed:false
1018 silly fetch manifest call-bind@^1.0.7
1019 silly packumentCache full:https://registry.npmjs.org/call-bind cache-miss
1020 http cache https://registry.npmjs.org/call-bind 25ms (cache hit)
1021 silly packumentCache full:https://registry.npmjs.org/call-bind set size:32985 disposed:false
1022 silly fetch manifest es-abstract@^1.23.2
1023 silly packumentCache full:https://registry.npmjs.org/es-abstract cache-hit
1024 silly fetch manifest es-object-atoms@^1.0.0
1025 silly packumentCache full:https://registry.npmjs.org/es-object-atoms cache-miss
1026 http cache https://registry.npmjs.org/es-object-atoms 3ms (cache hit)
1027 silly packumentCache full:https://registry.npmjs.org/es-object-atoms set size:18278 disposed:false
1028 silly fetch manifest call-bound@^1.0.3
1029 silly packumentCache full:https://registry.npmjs.org/call-bound cache-miss
1030 http cache https://registry.npmjs.org/call-bound 2ms (cache hit)
1031 silly packumentCache full:https://registry.npmjs.org/call-bound set size:15317 disposed:false
1032 silly fetch manifest call-bind@^1.0.9
1033 silly packumentCache full:https://registry.npmjs.org/call-bind cache-hit
1034 silly fetch manifest es-object-atoms@^1.1.2
1035 silly packumentCache full:https://registry.npmjs.org/es-object-atoms cache-hit
1036 silly fetch manifest json5@^1.0.2
1037 silly packumentCache full:https://registry.npmjs.org/json5 cache-miss
1038 http fetch GET 200 https://registry.npmjs.org/json5 43ms (cache miss)
1039 silly packumentCache full:https://registry.npmjs.org/json5 set size:undefined disposed:false
1040 silly fetch manifest minimist@^1.2.6
1041 silly packumentCache full:https://registry.npmjs.org/minimist cache-miss
1042 http fetch GET 200 https://registry.npmjs.org/minimist 39ms (cache miss)
1043 silly packumentCache full:https://registry.npmjs.org/minimist set size:undefined disposed:false
1044 silly fetch manifest strip-bom@^3.0.0
1045 silly packumentCache full:https://registry.npmjs.org/strip-bom cache-miss
1046 http fetch GET 200 https://registry.npmjs.org/strip-bom 44ms (cache miss)
1047 silly packumentCache full:https://registry.npmjs.org/strip-bom set size:undefined disposed:false
1048 silly fetch manifest @types/json5@^0.0.29
1049 silly packumentCache full:https://registry.npmjs.org/@types%2fjson5 cache-miss
1050 http fetch GET 200 https://registry.npmjs.org/@types%2fjson5 58ms (cache miss)
1051 silly packumentCache full:https://registry.npmjs.org/@types%2fjson5 set size:undefined disposed:false
1052 silly placeDep ROOT call-bind@1.0.9 OK for: array-includes@3.1.9 want: ^1.0.8
1053 silly placeDep ROOT call-bound@1.0.4 OK for: array-includes@3.1.9 want: ^1.0.4
1054 silly placeDep ROOT define-properties@1.2.1 OK for: array-includes@3.1.9 want: ^1.2.1
1055 silly placeDep ROOT es-abstract@1.24.2 OK for: array-includes@3.1.9 want: ^1.24.0
1056 silly placeDep ROOT es-object-atoms@1.1.2 OK for: array-includes@3.1.9 want: ^1.1.1
1057 silly placeDep ROOT get-intrinsic@1.3.0 OK for: array-includes@3.1.9 want: ^1.3.0
1058 silly placeDep ROOT is-string@1.1.1 OK for: array-includes@3.1.9 want: ^1.1.1
1059 silly placeDep ROOT math-intrinsics@1.1.0 OK for: array-includes@3.1.9 want: ^1.1.0
1060 silly fetch manifest call-bind-apply-helpers@^1.0.2
1061 silly packumentCache full:https://registry.npmjs.org/call-bind-apply-helpers cache-miss
1062 http fetch GET 200 https://registry.npmjs.org/call-bind-apply-helpers 39ms (cache miss)
1063 silly packumentCache full:https://registry.npmjs.org/call-bind-apply-helpers set size:undefined disposed:false
1064 silly fetch manifest es-define-property@^1.0.1
1065 silly packumentCache full:https://registry.npmjs.org/es-define-property cache-miss
1066 http fetch GET 200 https://registry.npmjs.org/es-define-property 40ms (cache miss)
1067 silly packumentCache full:https://registry.npmjs.org/es-define-property set size:undefined disposed:false
1068 silly fetch manifest set-function-length@^1.2.2
1069 silly packumentCache full:https://registry.npmjs.org/set-function-length cache-miss
1070 http fetch GET 200 https://registry.npmjs.org/set-function-length 40ms (cache miss)
1071 silly packumentCache full:https://registry.npmjs.org/set-function-length set size:undefined disposed:false
1072 silly fetch manifest define-data-property@^1.0.1
1073 silly packumentCache full:https://registry.npmjs.org/define-data-property cache-miss
1074 http fetch GET 200 https://registry.npmjs.org/define-data-property 33ms (cache miss)
1075 silly packumentCache full:https://registry.npmjs.org/define-data-property set size:undefined disposed:false
1076 silly fetch manifest has-property-descriptors@^1.0.0
1077 silly packumentCache full:https://registry.npmjs.org/has-property-descriptors cache-miss
1078 http fetch GET 200 https://registry.npmjs.org/has-property-descriptors 36ms (cache miss)
1079 silly packumentCache full:https://registry.npmjs.org/has-property-descriptors set size:undefined disposed:false
1080 silly fetch manifest array-buffer-byte-length@^1.0.2
1081 silly packumentCache full:https://registry.npmjs.org/array-buffer-byte-length cache-miss
1082 http fetch GET 200 https://registry.npmjs.org/array-buffer-byte-length 34ms (cache miss)
1083 silly packumentCache full:https://registry.npmjs.org/array-buffer-byte-length set size:undefined disposed:false
1084 silly fetch manifest arraybuffer.prototype.slice@^1.0.4
1085 silly packumentCache full:https://registry.npmjs.org/arraybuffer.prototype.slice cache-miss
1086 http fetch GET 200 https://registry.npmjs.org/arraybuffer.prototype.slice 33ms (cache miss)
1087 silly packumentCache full:https://registry.npmjs.org/arraybuffer.prototype.slice set size:undefined disposed:false
1088 silly fetch manifest available-typed-arrays@^1.0.7
1089 silly packumentCache full:https://registry.npmjs.org/available-typed-arrays cache-miss
1090 http fetch GET 200 https://registry.npmjs.org/available-typed-arrays 36ms (cache miss)
1091 silly packumentCache full:https://registry.npmjs.org/available-typed-arrays set size:undefined disposed:false
1092 silly fetch manifest data-view-buffer@^1.0.2
1093 silly packumentCache full:https://registry.npmjs.org/data-view-buffer cache-miss
1094 http fetch GET 200 https://registry.npmjs.org/data-view-buffer 34ms (cache miss)
1095 silly packumentCache full:https://registry.npmjs.org/data-view-buffer set size:undefined disposed:false
1096 silly fetch manifest data-view-byte-length@^1.0.2
1097 silly packumentCache full:https://registry.npmjs.org/data-view-byte-length cache-miss
1098 http fetch GET 200 https://registry.npmjs.org/data-view-byte-length 32ms (cache miss)
1099 silly packumentCache full:https://registry.npmjs.org/data-view-byte-length set size:undefined disposed:false
1100 silly fetch manifest data-view-byte-offset@^1.0.1
1101 silly packumentCache full:https://registry.npmjs.org/data-view-byte-offset cache-miss
1102 http fetch GET 200 https://registry.npmjs.org/data-view-byte-offset 33ms (cache miss)
1103 silly packumentCache full:https://registry.npmjs.org/data-view-byte-offset set size:undefined disposed:false
1104 silly fetch manifest es-set-tostringtag@^2.1.0
1105 silly packumentCache full:https://registry.npmjs.org/es-set-tostringtag cache-miss
1106 http fetch GET 200 https://registry.npmjs.org/es-set-tostringtag 32ms (cache miss)
1107 silly packumentCache full:https://registry.npmjs.org/es-set-tostringtag set size:undefined disposed:false
1108 silly fetch manifest es-to-primitive@^1.3.0
1109 silly packumentCache full:https://registry.npmjs.org/es-to-primitive cache-miss
1110 http fetch GET 200 https://registry.npmjs.org/es-to-primitive 36ms (cache miss)
1111 silly packumentCache full:https://registry.npmjs.org/es-to-primitive set size:undefined disposed:false
1112 silly fetch manifest function.prototype.name@^1.1.8
1113 silly packumentCache full:https://registry.npmjs.org/function.prototype.name cache-miss
1114 http fetch GET 200 https://registry.npmjs.org/function.prototype.name 38ms (cache miss)
1115 silly packumentCache full:https://registry.npmjs.org/function.prototype.name set size:undefined disposed:false
1116 silly fetch manifest get-proto@^1.0.1
1117 silly packumentCache full:https://registry.npmjs.org/get-proto cache-miss
1118 http fetch GET 200 https://registry.npmjs.org/get-proto 38ms (cache miss)
1119 silly packumentCache full:https://registry.npmjs.org/get-proto set size:undefined disposed:false
1120 silly fetch manifest get-symbol-description@^1.1.0
1121 silly packumentCache full:https://registry.npmjs.org/get-symbol-description cache-miss
1122 http fetch GET 200 https://registry.npmjs.org/get-symbol-description 33ms (cache miss)
1123 silly packumentCache full:https://registry.npmjs.org/get-symbol-description set size:undefined disposed:false
1124 silly fetch manifest globalthis@^1.0.4
1125 silly packumentCache full:https://registry.npmjs.org/globalthis cache-miss
1126 http fetch GET 200 https://registry.npmjs.org/globalthis 31ms (cache miss)
1127 silly packumentCache full:https://registry.npmjs.org/globalthis set size:undefined disposed:false
1128 silly fetch manifest gopd@^1.2.0
1129 silly packumentCache full:https://registry.npmjs.org/gopd cache-miss
1130 http fetch GET 200 https://registry.npmjs.org/gopd 30ms (cache miss)
1131 silly packumentCache full:https://registry.npmjs.org/gopd set size:undefined disposed:false
1132 silly fetch manifest has-property-descriptors@^1.0.2
1133 silly packumentCache full:https://registry.npmjs.org/has-property-descriptors cache-miss
1134 http cache https://registry.npmjs.org/has-property-descriptors 2ms (cache hit)
1135 silly packumentCache full:https://registry.npmjs.org/has-property-descriptors set size:12452 disposed:false
1136 silly fetch manifest has-proto@^1.2.0
1137 silly packumentCache full:https://registry.npmjs.org/has-proto cache-miss
1138 http fetch GET 200 https://registry.npmjs.org/has-proto 32ms (cache miss)
1139 silly packumentCache full:https://registry.npmjs.org/has-proto set size:undefined disposed:false
1140 silly fetch manifest has-symbols@^1.1.0
1141 silly packumentCache full:https://registry.npmjs.org/has-symbols cache-miss
1142 http fetch GET 200 https://registry.npmjs.org/has-symbols 33ms (cache miss)
1143 silly packumentCache full:https://registry.npmjs.org/has-symbols set size:undefined disposed:false
1144 silly fetch manifest internal-slot@^1.1.0
1145 silly packumentCache full:https://registry.npmjs.org/internal-slot cache-miss
1146 http fetch GET 200 https://registry.npmjs.org/internal-slot 33ms (cache miss)
1147 silly packumentCache full:https://registry.npmjs.org/internal-slot set size:undefined disposed:false
1148 silly fetch manifest is-array-buffer@^3.0.5
1149 silly packumentCache full:https://registry.npmjs.org/is-array-buffer cache-miss
1150 http fetch GET 200 https://registry.npmjs.org/is-array-buffer 34ms (cache miss)
1151 silly packumentCache full:https://registry.npmjs.org/is-array-buffer set size:undefined disposed:false
1152 silly fetch manifest is-callable@^1.2.7
1153 silly packumentCache full:https://registry.npmjs.org/is-callable cache-miss
1154 http fetch GET 200 https://registry.npmjs.org/is-callable 34ms (cache miss)
1155 silly packumentCache full:https://registry.npmjs.org/is-callable set size:undefined disposed:false
1156 silly fetch manifest is-data-view@^1.0.2
1157 silly packumentCache full:https://registry.npmjs.org/is-data-view cache-miss
1158 http fetch GET 200 https://registry.npmjs.org/is-data-view 32ms (cache miss)
1159 silly packumentCache full:https://registry.npmjs.org/is-data-view set size:undefined disposed:false
1160 silly fetch manifest is-negative-zero@^2.0.3
1161 silly packumentCache full:https://registry.npmjs.org/is-negative-zero cache-miss
1162 http fetch GET 200 https://registry.npmjs.org/is-negative-zero 36ms (cache miss)
1163 silly packumentCache full:https://registry.npmjs.org/is-negative-zero set size:undefined disposed:false
1164 silly fetch manifest is-regex@^1.2.1
1165 silly packumentCache full:https://registry.npmjs.org/is-regex cache-miss
1166 http fetch GET 200 https://registry.npmjs.org/is-regex 31ms (cache miss)
1167 silly packumentCache full:https://registry.npmjs.org/is-regex set size:undefined disposed:false
1168 silly fetch manifest is-set@^2.0.3
1169 silly packumentCache full:https://registry.npmjs.org/is-set cache-miss
1170 http fetch GET 200 https://registry.npmjs.org/is-set 32ms (cache miss)
1171 silly packumentCache full:https://registry.npmjs.org/is-set set size:undefined disposed:false
1172 silly fetch manifest is-shared-array-buffer@^1.0.4
1173 silly packumentCache full:https://registry.npmjs.org/is-shared-array-buffer cache-miss
1174 http fetch GET 200 https://registry.npmjs.org/is-shared-array-buffer 30ms (cache miss)
1175 silly packumentCache full:https://registry.npmjs.org/is-shared-array-buffer set size:undefined disposed:false
1176 silly fetch manifest is-typed-array@^1.1.15
1177 silly packumentCache full:https://registry.npmjs.org/is-typed-array cache-miss
1178 http fetch GET 200 https://registry.npmjs.org/is-typed-array 33ms (cache miss)
1179 silly packumentCache full:https://registry.npmjs.org/is-typed-array set size:undefined disposed:false
1180 silly fetch manifest is-weakref@^1.1.1
1181 silly packumentCache full:https://registry.npmjs.org/is-weakref cache-miss
1182 http fetch GET 200 https://registry.npmjs.org/is-weakref 30ms (cache miss)
1183 silly packumentCache full:https://registry.npmjs.org/is-weakref set size:undefined disposed:false
1184 silly fetch manifest object-inspect@^1.13.4
1185 silly packumentCache full:https://registry.npmjs.org/object-inspect cache-miss
1186 http fetch GET 200 https://registry.npmjs.org/object-inspect 36ms (cache miss)
1187 silly packumentCache full:https://registry.npmjs.org/object-inspect set size:undefined disposed:false
1188 silly fetch manifest object.assign@^4.1.7
1189 silly packumentCache full:https://registry.npmjs.org/object.assign cache-miss
1190 http fetch GET 200 https://registry.npmjs.org/object.assign 32ms (cache miss)
1191 silly packumentCache full:https://registry.npmjs.org/object.assign set size:undefined disposed:false
1192 silly fetch manifest own-keys@^1.0.1
1193 silly packumentCache full:https://registry.npmjs.org/own-keys cache-miss
1194 http fetch GET 200 https://registry.npmjs.org/own-keys 38ms (cache miss)
1195 silly packumentCache full:https://registry.npmjs.org/own-keys set size:undefined disposed:false
1196 silly fetch manifest regexp.prototype.flags@^1.5.4
1197 silly packumentCache full:https://registry.npmjs.org/regexp.prototype.flags cache-miss
1198 http fetch GET 200 https://registry.npmjs.org/regexp.prototype.flags 40ms (cache miss)
1199 silly packumentCache full:https://registry.npmjs.org/regexp.prototype.flags set size:undefined disposed:false
1200 silly fetch manifest safe-array-concat@^1.1.3
1201 silly packumentCache full:https://registry.npmjs.org/safe-array-concat cache-miss
1202 http fetch GET 200 https://registry.npmjs.org/safe-array-concat 31ms (cache miss)
1203 silly packumentCache full:https://registry.npmjs.org/safe-array-concat set size:undefined disposed:false
1204 silly fetch manifest safe-push-apply@^1.0.0
1205 silly packumentCache full:https://registry.npmjs.org/safe-push-apply cache-miss
1206 http fetch GET 200 https://registry.npmjs.org/safe-push-apply 33ms (cache miss)
1207 silly packumentCache full:https://registry.npmjs.org/safe-push-apply set size:undefined disposed:false
1208 silly fetch manifest safe-regex-test@^1.1.0
1209 silly packumentCache full:https://registry.npmjs.org/safe-regex-test cache-miss
1210 http cache https://registry.npmjs.org/safe-regex-test 2ms (cache hit)
1211 silly packumentCache full:https://registry.npmjs.org/safe-regex-test set size:17412 disposed:false
1212 silly fetch manifest set-proto@^1.0.0
1213 silly packumentCache full:https://registry.npmjs.org/set-proto cache-miss
1214 http fetch GET 200 https://registry.npmjs.org/set-proto 30ms (cache miss)
1215 silly packumentCache full:https://registry.npmjs.org/set-proto set size:undefined disposed:false
1216 silly fetch manifest stop-iteration-iterator@^1.1.0
1217 silly packumentCache full:https://registry.npmjs.org/stop-iteration-iterator cache-miss
1218 http fetch GET 200 https://registry.npmjs.org/stop-iteration-iterator 35ms (cache miss)
1219 silly packumentCache full:https://registry.npmjs.org/stop-iteration-iterator set size:undefined disposed:false
1220 silly fetch manifest string.prototype.trim@^1.2.10
1221 silly packumentCache full:https://registry.npmjs.org/string.prototype.trim cache-miss
1222 http fetch GET 200 https://registry.npmjs.org/string.prototype.trim 34ms (cache miss)
1223 silly packumentCache full:https://registry.npmjs.org/string.prototype.trim set size:undefined disposed:false
1224 silly fetch manifest string.prototype.trimstart@^1.0.8
1225 silly packumentCache full:https://registry.npmjs.org/string.prototype.trimstart cache-miss
1226 http fetch GET 200 https://registry.npmjs.org/string.prototype.trimstart 34ms (cache miss)
1227 silly packumentCache full:https://registry.npmjs.org/string.prototype.trimstart set size:undefined disposed:false
1228 silly fetch manifest typed-array-buffer@^1.0.3
1229 silly packumentCache full:https://registry.npmjs.org/typed-array-buffer cache-miss
1230 http fetch GET 200 https://registry.npmjs.org/typed-array-buffer 30ms (cache miss)
1231 silly packumentCache full:https://registry.npmjs.org/typed-array-buffer set size:undefined disposed:false
1232 silly fetch manifest typed-array-byte-length@^1.0.3
1233 silly packumentCache full:https://registry.npmjs.org/typed-array-byte-length cache-miss
1234 http fetch GET 200 https://registry.npmjs.org/typed-array-byte-length 30ms (cache miss)
1235 silly packumentCache full:https://registry.npmjs.org/typed-array-byte-length set size:undefined disposed:false
1236 silly fetch manifest typed-array-byte-offset@^1.0.4
1237 silly packumentCache full:https://registry.npmjs.org/typed-array-byte-offset cache-miss
1238 http fetch GET 200 https://registry.npmjs.org/typed-array-byte-offset 31ms (cache miss)
1239 silly packumentCache full:https://registry.npmjs.org/typed-array-byte-offset set size:undefined disposed:false
1240 silly fetch manifest typed-array-length@^1.0.7
1241 silly packumentCache full:https://registry.npmjs.org/typed-array-length cache-miss
1242 http fetch GET 200 https://registry.npmjs.org/typed-array-length 31ms (cache miss)
1243 silly packumentCache full:https://registry.npmjs.org/typed-array-length set size:undefined disposed:false
1244 silly fetch manifest unbox-primitive@^1.1.0
1245 silly packumentCache full:https://registry.npmjs.org/unbox-primitive cache-miss
1246 http fetch GET 200 https://registry.npmjs.org/unbox-primitive 34ms (cache miss)
1247 silly packumentCache full:https://registry.npmjs.org/unbox-primitive set size:undefined disposed:false
1248 silly fetch manifest which-typed-array@^1.1.19
1249 silly packumentCache full:https://registry.npmjs.org/which-typed-array cache-miss
1250 http fetch GET 200 https://registry.npmjs.org/which-typed-array 32ms (cache miss)
1251 silly packumentCache full:https://registry.npmjs.org/which-typed-array set size:undefined disposed:false
1252 silly fetch manifest has-tostringtag@^1.0.2
1253 silly packumentCache full:https://registry.npmjs.org/has-tostringtag cache-miss
1254 http fetch GET 200 https://registry.npmjs.org/has-tostringtag 36ms (cache miss)
1255 silly packumentCache full:https://registry.npmjs.org/has-tostringtag set size:undefined disposed:false
1256 silly placeDep ROOT es-errors@1.3.0 OK for: array.prototype.findlastindex@1.2.6 want: ^1.3.0
1257 silly placeDep ROOT es-shim-unscopables@1.1.0 OK for: array.prototype.findlastindex@1.2.6 want: ^1.1.0
1258 silly placeDep ROOT call-bind-apply-helpers@1.0.2 OK for: call-bind@1.0.9 want: ^1.0.2
1259 silly placeDep ROOT es-define-property@1.0.1 OK for: call-bind@1.0.9 want: ^1.0.1
1260 silly placeDep ROOT set-function-length@1.2.2 OK for: call-bind@1.0.9 want: ^1.2.2
1261 silly fetch manifest define-data-property@^1.1.4
1262 silly packumentCache full:https://registry.npmjs.org/define-data-property cache-miss
1263 http cache https://registry.npmjs.org/define-data-property 35ms (cache hit)
1264 silly packumentCache full:https://registry.npmjs.org/define-data-property set size:28048 disposed:false
1265 silly fetch manifest gopd@^1.0.1
1266 silly packumentCache full:https://registry.npmjs.org/gopd cache-miss
1267 http cache https://registry.npmjs.org/gopd 2ms (cache hit)
1268 silly packumentCache full:https://registry.npmjs.org/gopd set size:11458 disposed:false
1269 silly placeDep ROOT function-bind@1.1.2 OK for: call-bind-apply-helpers@1.0.2 want: ^1.1.2
1270 silly placeDep ROOT define-data-property@1.1.4 OK for: define-properties@1.2.1 want: ^1.0.1
1271 silly placeDep ROOT has-property-descriptors@1.0.2 OK for: define-properties@1.2.1 want: ^1.0.0
1272 silly placeDep ROOT object-keys@1.1.1 OK for: define-properties@1.2.1 want: ^1.1.1
1273 silly placeDep ROOT gopd@1.2.0 OK for: define-data-property@1.1.4 want: ^1.0.1
1274 silly placeDep ROOT array-buffer-byte-length@1.0.2 OK for: es-abstract@1.24.2 want: ^1.0.2
1275 silly placeDep ROOT arraybuffer.prototype.slice@1.0.4 OK for: es-abstract@1.24.2 want: ^1.0.4
1276 silly placeDep ROOT available-typed-arrays@1.0.7 OK for: es-abstract@1.24.2 want: ^1.0.7
1277 silly placeDep ROOT data-view-buffer@1.0.2 OK for: es-abstract@1.24.2 want: ^1.0.2
1278 silly placeDep ROOT data-view-byte-length@1.0.2 OK for: es-abstract@1.24.2 want: ^1.0.2
1279 silly placeDep ROOT data-view-byte-offset@1.0.1 OK for: es-abstract@1.24.2 want: ^1.0.1
1280 silly placeDep ROOT es-set-tostringtag@2.1.0 OK for: es-abstract@1.24.2 want: ^2.1.0
1281 silly placeDep ROOT es-to-primitive@1.3.4 OK for: es-abstract@1.24.2 want: ^1.3.0
1282 silly placeDep ROOT function.prototype.name@1.2.0 OK for: es-abstract@1.24.2 want: ^1.1.8
1283 silly placeDep ROOT get-proto@1.0.1 OK for: es-abstract@1.24.2 want: ^1.0.1
1284 silly placeDep ROOT get-symbol-description@1.1.0 OK for: es-abstract@1.24.2 want: ^1.1.0
1285 silly placeDep ROOT globalthis@1.0.4 OK for: es-abstract@1.24.2 want: ^1.0.4
1286 silly placeDep ROOT has-proto@1.2.0 OK for: es-abstract@1.24.2 want: ^1.2.0
1287 silly placeDep ROOT has-symbols@1.1.0 OK for: es-abstract@1.24.2 want: ^1.1.0
1288 silly placeDep ROOT internal-slot@1.1.0 OK for: es-abstract@1.24.2 want: ^1.1.0
1289 silly placeDep ROOT is-array-buffer@3.0.5 OK for: es-abstract@1.24.2 want: ^3.0.5
1290 silly placeDep ROOT is-callable@1.2.7 OK for: es-abstract@1.24.2 want: ^1.2.7
1291 silly placeDep ROOT is-data-view@1.0.2 OK for: es-abstract@1.24.2 want: ^1.0.2
1292 silly placeDep ROOT is-negative-zero@2.0.3 OK for: es-abstract@1.24.2 want: ^2.0.3
1293 silly placeDep ROOT is-regex@1.2.1 OK for: es-abstract@1.24.2 want: ^1.2.1
1294 silly placeDep ROOT is-set@2.0.3 OK for: es-abstract@1.24.2 want: ^2.0.3
1295 silly placeDep ROOT is-shared-array-buffer@1.0.4 OK for: es-abstract@1.24.2 want: ^1.0.4
1296 silly placeDep ROOT is-typed-array@1.1.15 OK for: es-abstract@1.24.2 want: ^1.1.15
1297 silly placeDep ROOT is-weakref@1.1.1 OK for: es-abstract@1.24.2 want: ^1.1.1
1298 silly placeDep ROOT object-inspect@1.13.4 OK for: es-abstract@1.24.2 want: ^1.13.4
1299 silly placeDep ROOT object.assign@4.1.7 OK for: es-abstract@1.24.2 want: ^4.1.7
1300 silly placeDep ROOT own-keys@1.0.1 OK for: es-abstract@1.24.2 want: ^1.0.1
1301 silly placeDep ROOT regexp.prototype.flags@1.5.4 OK for: es-abstract@1.24.2 want: ^1.5.4
1302 silly placeDep ROOT safe-array-concat@1.1.4 OK for: es-abstract@1.24.2 want: ^1.1.3
1303 silly placeDep ROOT safe-push-apply@1.0.0 OK for: es-abstract@1.24.2 want: ^1.0.0
1304 silly placeDep ROOT safe-regex-test@1.1.0 OK for: es-abstract@1.24.2 want: ^1.1.0
1305 silly placeDep ROOT set-proto@1.0.0 OK for: es-abstract@1.24.2 want: ^1.0.0
1306 silly placeDep ROOT stop-iteration-iterator@1.1.0 OK for: es-abstract@1.24.2 want: ^1.1.0
1307 silly placeDep ROOT string.prototype.trim@1.2.11 OK for: es-abstract@1.24.2 want: ^1.2.10
1308 silly placeDep ROOT string.prototype.trimstart@1.0.8 OK for: es-abstract@1.24.2 want: ^1.0.8
1309 silly placeDep ROOT typed-array-buffer@1.0.3 OK for: es-abstract@1.24.2 want: ^1.0.3
1310 silly placeDep ROOT typed-array-byte-length@1.0.3 OK for: es-abstract@1.24.2 want: ^1.0.3
1311 silly placeDep ROOT typed-array-byte-offset@1.0.4 OK for: es-abstract@1.24.2 want: ^1.0.4
1312 silly placeDep ROOT typed-array-length@1.0.8 OK for: es-abstract@1.24.2 want: ^1.0.7
1313 silly placeDep ROOT unbox-primitive@1.1.0 OK for: es-abstract@1.24.2 want: ^1.1.0
1314 silly placeDep ROOT which-typed-array@1.1.22 OK for: es-abstract@1.24.2 want: ^1.1.19
1315 silly fetch manifest is-array-buffer@^3.0.4
1316 silly packumentCache full:https://registry.npmjs.org/is-array-buffer cache-miss
1317 http cache https://registry.npmjs.org/is-array-buffer 3ms (cache hit)
1318 silly packumentCache full:https://registry.npmjs.org/is-array-buffer set size:33562 disposed:false
1319 silly fetch manifest possible-typed-array-names@^1.0.0
1320 silly packumentCache full:https://registry.npmjs.org/possible-typed-array-names cache-miss
1321 http fetch GET 200 https://registry.npmjs.org/possible-typed-array-names 33ms (cache miss)
1322 silly packumentCache full:https://registry.npmjs.org/possible-typed-array-names set size:undefined disposed:false
1323 silly fetch manifest is-data-view@^1.0.1
1324 silly packumentCache full:https://registry.npmjs.org/is-data-view cache-miss
1325 http cache https://registry.npmjs.org/is-data-view 3ms (cache hit)
1326 silly packumentCache full:https://registry.npmjs.org/is-data-view set size:13756 disposed:false
1327 silly fetch manifest is-symbol@^1.1.1
1328 silly packumentCache full:https://registry.npmjs.org/is-symbol cache-miss
1329 http fetch GET 200 https://registry.npmjs.org/is-symbol 32ms (cache miss)
1330 silly packumentCache full:https://registry.npmjs.org/is-symbol set size:undefined disposed:false
1331 silly fetch manifest is-date-object@^1.1.0
1332 silly packumentCache full:https://registry.npmjs.org/is-date-object cache-miss
1333 http fetch GET 200 https://registry.npmjs.org/is-date-object 33ms (cache miss)
1334 silly packumentCache full:https://registry.npmjs.org/is-date-object set size:undefined disposed:false
1335 silly fetch manifest es-abstract-get@^1.0.0
1336 silly packumentCache full:https://registry.npmjs.org/es-abstract-get cache-miss
1337 http fetch GET 200 https://registry.npmjs.org/es-abstract-get 37ms (cache miss)
1338 silly packumentCache full:https://registry.npmjs.org/es-abstract-get set size:undefined disposed:false
1339 silly fetch manifest is-document.all@^1.0.0
1340 silly packumentCache full:https://registry.npmjs.org/is-document.all cache-miss
1341 http fetch GET 200 https://registry.npmjs.org/is-document.all 33ms (cache miss)
1342 silly packumentCache full:https://registry.npmjs.org/is-document.all set size:undefined disposed:false
1343 silly fetch manifest functions-have-names@^1.2.3
1344 silly packumentCache full:https://registry.npmjs.org/functions-have-names cache-miss
1345 http fetch GET 200 https://registry.npmjs.org/functions-have-names 35ms (cache miss)
1346 silly packumentCache full:https://registry.npmjs.org/functions-have-names set size:undefined disposed:false
1347 silly fetch manifest dunder-proto@^1.0.1
1348 silly packumentCache full:https://registry.npmjs.org/dunder-proto cache-miss
1349 http fetch GET 200 https://registry.npmjs.org/dunder-proto 36ms (cache miss)
1350 silly packumentCache full:https://registry.npmjs.org/dunder-proto set size:undefined disposed:false
1351 silly fetch manifest dunder-proto@^1.0.0
1352 silly packumentCache full:https://registry.npmjs.org/dunder-proto cache-miss
1353 http cache https://registry.npmjs.org/dunder-proto 3ms (cache hit)
1354 silly packumentCache full:https://registry.npmjs.org/dunder-proto set size:8256 disposed:false
1355 silly fetch manifest side-channel@^1.1.0
1356 silly packumentCache full:https://registry.npmjs.org/side-channel cache-miss
1357 http fetch GET 200 https://registry.npmjs.org/side-channel 33ms (cache miss)
1358 silly packumentCache full:https://registry.npmjs.org/side-channel set size:undefined disposed:false
1359 silly fetch manifest is-typed-array@^1.1.13
1360 silly packumentCache full:https://registry.npmjs.org/is-typed-array cache-miss
1361 http cache https://registry.npmjs.org/is-typed-array 4ms (cache hit)
1362 silly packumentCache full:https://registry.npmjs.org/is-typed-array set size:79965 disposed:false
1363 silly fetch manifest which-typed-array@^1.1.16
1364 silly packumentCache full:https://registry.npmjs.org/which-typed-array cache-miss
1365 http cache https://registry.npmjs.org/which-typed-array 4ms (cache hit)
1366 silly packumentCache full:https://registry.npmjs.org/which-typed-array set size:101551 disposed:false
1367 silly fetch manifest set-function-name@^2.0.2
1368 silly packumentCache full:https://registry.npmjs.org/set-function-name cache-miss
1369 http fetch GET 200 https://registry.npmjs.org/set-function-name 36ms (cache miss)
1370 silly packumentCache full:https://registry.npmjs.org/set-function-name set size:undefined disposed:false
1371 silly fetch manifest isarray@^2.0.5
1372 silly packumentCache full:https://registry.npmjs.org/isarray cache-miss
1373 http fetch GET 200 https://registry.npmjs.org/isarray 38ms (cache miss)
1374 silly packumentCache full:https://registry.npmjs.org/isarray set size:undefined disposed:false
1375 silly fetch manifest for-each@^0.3.3
1376 silly packumentCache full:https://registry.npmjs.org/for-each cache-miss
1377 http fetch GET 200 https://registry.npmjs.org/for-each 80ms (cache miss)
1378 silly packumentCache full:https://registry.npmjs.org/for-each set size:undefined disposed:false
1379 silly fetch manifest reflect.getprototypeof@^1.0.9
1380 silly packumentCache full:https://registry.npmjs.org/reflect.getprototypeof cache-miss
1381 http fetch GET 200 https://registry.npmjs.org/reflect.getprototypeof 36ms (cache miss)
1382 silly packumentCache full:https://registry.npmjs.org/reflect.getprototypeof set size:undefined disposed:false
1383 silly fetch manifest for-each@^0.3.5
1384 silly packumentCache full:https://registry.npmjs.org/for-each cache-miss
1385 http cache https://registry.npmjs.org/for-each 2ms (cache hit)
1386 silly packumentCache full:https://registry.npmjs.org/for-each set size:14327 disposed:false
1387 silly fetch manifest possible-typed-array-names@^1.1.0
1388 silly packumentCache full:https://registry.npmjs.org/possible-typed-array-names cache-miss
1389 http cache https://registry.npmjs.org/possible-typed-array-names 2ms (cache hit)
1390 silly packumentCache full:https://registry.npmjs.org/possible-typed-array-names set size:9167 disposed:false
1391 silly fetch manifest reflect.getprototypeof@^1.0.10
1392 silly packumentCache full:https://registry.npmjs.org/reflect.getprototypeof cache-miss
1393 http cache https://registry.npmjs.org/reflect.getprototypeof 2ms (cache hit)
1394 silly packumentCache full:https://registry.npmjs.org/reflect.getprototypeof set size:44083 disposed:false
1395 silly fetch manifest has-bigints@^1.0.2
1396 silly packumentCache full:https://registry.npmjs.org/has-bigints cache-miss
1397 http fetch GET 200 https://registry.npmjs.org/has-bigints 33ms (cache miss)
1398 silly packumentCache full:https://registry.npmjs.org/has-bigints set size:undefined disposed:false
1399 silly fetch manifest which-boxed-primitive@^1.1.1
1400 silly packumentCache full:https://registry.npmjs.org/which-boxed-primitive cache-miss
1401 http fetch GET 200 https://registry.npmjs.org/which-boxed-primitive 34ms (cache miss)
1402 silly packumentCache full:https://registry.npmjs.org/which-boxed-primitive set size:undefined disposed:false
1403 silly placeDep ROOT possible-typed-array-names@1.1.0 OK for: available-typed-arrays@1.0.7 want: ^1.0.0
1404 silly placeDep ROOT has-tostringtag@1.0.2 OK for: es-set-tostringtag@2.1.0 want: ^1.0.2
1405 silly placeDep ROOT es-abstract-get@1.0.0 OK for: es-to-primitive@1.3.4 want: ^1.0.0
1406 silly placeDep ROOT is-date-object@1.1.0 OK for: es-to-primitive@1.3.4 want: ^1.1.0
1407 silly placeDep ROOT is-symbol@1.1.1 OK for: es-to-primitive@1.3.4 want: ^1.1.1
1408 silly placeDep node_modules/eslint-module-utils debug@3.2.7 OK for: eslint-module-utils@2.13.0 want: ^3.2.7
1409 silly placeDep ROOT aria-query@5.3.2 OK for: eslint-plugin-jsx-a11y@6.10.2 want: ^5.3.2
1410 silly placeDep ROOT ast-types-flow@0.0.8 OK for: eslint-plugin-jsx-a11y@6.10.2 want: ^0.0.8
1411 silly placeDep ROOT axe-core@4.12.1 OK for: eslint-plugin-jsx-a11y@6.10.2 want: ^4.10.0
1412 silly placeDep ROOT axobject-query@4.1.0 OK for: eslint-plugin-jsx-a11y@6.10.2 want: ^4.1.0
1413 silly placeDep ROOT damerau-levenshtein@1.0.8 OK for: eslint-plugin-jsx-a11y@6.10.2 want: ^1.0.8
1414 silly placeDep ROOT emoji-regex@9.2.2 OK for: eslint-plugin-jsx-a11y@6.10.2 want: ^9.2.2
1415 silly placeDep ROOT jsx-ast-utils@3.3.5 OK for: eslint-plugin-jsx-a11y@6.10.2 want: ^3.3.5
1416 silly placeDep ROOT language-tags@1.0.9 OK for: eslint-plugin-jsx-a11y@6.10.2 want: ^1.0.9
1417 silly placeDep node_modules/eslint-plugin-jsx-a11y minimatch@3.1.5 OK for: eslint-plugin-jsx-a11y@6.10.2 want: ^3.1.2
1418 silly placeDep ROOT string.prototype.includes@2.0.1 OK for: eslint-plugin-jsx-a11y@6.10.2 want: ^2.0.1
1419 silly fetch manifest language-subtag-registry@^0.3.20
1420 silly packumentCache full:https://registry.npmjs.org/language-subtag-registry cache-miss
1421 http fetch GET 200 https://registry.npmjs.org/language-subtag-registry 35ms (cache miss)
1422 silly packumentCache full:https://registry.npmjs.org/language-subtag-registry set size:undefined disposed:false
1423 silly placeDep ROOT array.prototype.findlast@1.2.5 OK for: eslint-plugin-react@7.37.5 want: ^1.2.5
1424 silly placeDep ROOT array.prototype.tosorted@1.1.4 OK for: eslint-plugin-react@7.37.5 want: ^1.1.4
1425 silly placeDep ROOT es-iterator-helpers@1.3.3 OK for: eslint-plugin-react@7.37.5 want: ^1.2.1
1426 silly placeDep ROOT estraverse@5.3.0 OK for: eslint-plugin-react@7.37.5 want: ^5.3.0
1427 silly placeDep node_modules/eslint-plugin-react minimatch@3.1.5 OK for: eslint-plugin-react@7.37.5 want: ^3.1.2
1428 silly placeDep ROOT object.entries@1.1.9 OK for: eslint-plugin-react@7.37.5 want: ^1.1.9
1429 silly placeDep ROOT prop-types@15.8.1 OK for: eslint-plugin-react@7.37.5 want: ^15.8.1
1430 silly placeDep node_modules/eslint-plugin-react semver@6.3.1 OK for: eslint-plugin-react@7.37.5 want: ^6.3.1
1431 silly placeDep ROOT string.prototype.matchall@4.0.12 OK for: eslint-plugin-react@7.37.5 want: ^4.0.12
1432 silly placeDep ROOT string.prototype.repeat@1.0.0 OK for: eslint-plugin-react@7.37.5 want: ^1.0.0
1433 silly fetch manifest iterator.prototype@^1.1.5
1434 silly packumentCache full:https://registry.npmjs.org/iterator.prototype cache-miss
1435 http fetch GET 200 https://registry.npmjs.org/iterator.prototype 33ms (cache miss)
1436 silly packumentCache full:https://registry.npmjs.org/iterator.prototype set size:undefined disposed:false
1437 silly fetch manifest loose-envify@^1.4.0
1438 silly packumentCache full:https://registry.npmjs.org/loose-envify cache-miss
1439 http fetch GET 200 https://registry.npmjs.org/loose-envify 34ms (cache miss)
1440 silly packumentCache full:https://registry.npmjs.org/loose-envify set size:undefined disposed:false
1441 silly fetch manifest object-assign@^4.1.1
1442 silly packumentCache full:https://registry.npmjs.org/object-assign cache-miss
1443 http fetch GET 200 https://registry.npmjs.org/object-assign 33ms (cache miss)
1444 silly packumentCache full:https://registry.npmjs.org/object-assign set size:undefined disposed:false
1445 silly fetch manifest react-is@^16.13.1
1446 silly packumentCache full:https://registry.npmjs.org/react-is cache-miss
1447 http fetch GET 200 https://registry.npmjs.org/react-is 230ms (cache miss)
1448 silly packumentCache full:https://registry.npmjs.org/react-is set size:undefined disposed:false
1449 silly placeDep ROOT iterator.prototype@1.1.5 OK for: es-iterator-helpers@1.3.3 want: ^1.1.5
1450 silly placeDep ROOT @types/esrecurse@4.3.1 OK for: eslint-scope@9.1.2 want: ^4.3.1
1451 silly placeDep ROOT esrecurse@4.3.0 OK for: eslint-scope@9.1.2 want: ^4.3.0
1452 silly placeDep ROOT acorn@8.17.0 OK for: espree@11.2.0 want: ^8.16.0
1453 silly placeDep ROOT acorn-jsx@5.3.2 OK for: espree@11.2.0 want: ^5.3.2
1454 silly placeDep ROOT @nodelib/fs.stat@2.0.5 OK for: fast-glob@3.3.1 want: ^2.0.2
1455 silly placeDep ROOT @nodelib/fs.walk@1.2.8 OK for: fast-glob@3.3.1 want: ^1.2.3
1456 silly placeDep node_modules/fast-glob glob-parent@5.1.2 OK for: fast-glob@3.3.1 want: ^5.1.2
1457 silly placeDep ROOT merge2@1.4.1 OK for: fast-glob@3.3.1 want: ^1.3.0
1458 silly placeDep ROOT micromatch@4.0.8 OK for: fast-glob@3.3.1 want: ^4.0.4
1459 silly fetch manifest fastq@^1.6.0
1460 silly packumentCache full:https://registry.npmjs.org/fastq cache-miss
1461 http fetch GET 200 https://registry.npmjs.org/fastq 36ms (cache miss)
1462 silly packumentCache full:https://registry.npmjs.org/fastq set size:undefined disposed:false
1463 silly fetch manifest @nodelib/fs.scandir@2.1.5
1464 silly packumentCache full:https://registry.npmjs.org/@nodelib%2ffs.scandir cache-miss
1465 http fetch GET 200 https://registry.npmjs.org/@nodelib%2ffs.scandir 54ms (cache miss)
1466 silly packumentCache full:https://registry.npmjs.org/@nodelib%2ffs.scandir set size:undefined disposed:false
1467 silly fetch manifest braces@^3.0.3
1468 silly packumentCache full:https://registry.npmjs.org/braces cache-miss
1469 http fetch GET 200 https://registry.npmjs.org/braces 40ms (cache miss)
1470 silly packumentCache full:https://registry.npmjs.org/braces set size:undefined disposed:false
1471 silly fetch manifest picomatch@^2.3.1
1472 silly packumentCache full:https://registry.npmjs.org/picomatch cache-miss
1473 http cache https://registry.npmjs.org/picomatch 3ms (cache hit)
1474 silly packumentCache full:https://registry.npmjs.org/picomatch set size:126376 disposed:false
1475 silly placeDep ROOT @nodelib/fs.scandir@2.1.5 OK for: @nodelib/fs.walk@1.2.8 want: 2.1.5
1476 silly placeDep ROOT fastq@1.20.1 OK for: @nodelib/fs.walk@1.2.8 want: ^1.6.0
1477 silly fetch manifest run-parallel@^1.1.9
1478 silly packumentCache full:https://registry.npmjs.org/run-parallel cache-miss
1479 http fetch GET 200 https://registry.npmjs.org/run-parallel 36ms (cache miss)
1480 silly packumentCache full:https://registry.npmjs.org/run-parallel set size:undefined disposed:false
1481 silly fetch manifest reusify@^1.0.4
1482 silly packumentCache full:https://registry.npmjs.org/reusify cache-miss
1483 http fetch GET 200 https://registry.npmjs.org/reusify 32ms (cache miss)
1484 silly packumentCache full:https://registry.npmjs.org/reusify set size:undefined disposed:false
1485 silly placeDep ROOT run-parallel@1.2.0 OK for: @nodelib/fs.scandir@2.1.5 want: ^1.1.9
1486 silly fetch manifest queue-microtask@^1.2.2
1487 silly packumentCache full:https://registry.npmjs.org/queue-microtask cache-miss
1488 http fetch GET 200 https://registry.npmjs.org/queue-microtask 34ms (cache miss)
1489 silly packumentCache full:https://registry.npmjs.org/queue-microtask set size:undefined disposed:false
1490 silly placeDep ROOT reusify@1.1.0 OK for: fastq@1.20.1 want: ^1.0.4
1491 silly placeDep ROOT flat-cache@4.0.1 OK for: file-entry-cache@8.0.0 want: ^4.0.0
1492 silly fetch manifest keyv@^4.5.4
1493 silly packumentCache full:https://registry.npmjs.org/keyv cache-miss
1494 http fetch GET 200 https://registry.npmjs.org/keyv 41ms (cache miss)
1495 silly packumentCache full:https://registry.npmjs.org/keyv set size:undefined disposed:false
1496 silly fetch manifest flatted@^3.2.9
1497 silly packumentCache full:https://registry.npmjs.org/flatted cache-miss
1498 http fetch GET 200 https://registry.npmjs.org/flatted 38ms (cache miss)
1499 silly packumentCache full:https://registry.npmjs.org/flatted set size:undefined disposed:false
1500 silly placeDep ROOT locate-path@6.0.0 OK for: find-up@5.0.0 want: ^6.0.0
1501 silly placeDep ROOT path-exists@4.0.0 OK for: find-up@5.0.0 want: ^4.0.0
1502 silly fetch manifest p-locate@^5.0.0
1503 silly packumentCache full:https://registry.npmjs.org/p-locate cache-miss
1504 http fetch GET 200 https://registry.npmjs.org/p-locate 39ms (cache miss)
1505 silly packumentCache full:https://registry.npmjs.org/p-locate set size:undefined disposed:false
1506 silly placeDep ROOT flatted@3.4.2 OK for: flat-cache@4.0.1 want: ^3.2.9
1507 silly placeDep ROOT keyv@4.5.4 OK for: flat-cache@4.0.1 want: ^4.5.4
1508 silly fetch manifest json-buffer@3.0.1
1509 silly packumentCache full:https://registry.npmjs.org/json-buffer cache-miss
1510 http fetch GET 200 https://registry.npmjs.org/json-buffer 33ms (cache miss)
1511 silly packumentCache full:https://registry.npmjs.org/json-buffer set size:undefined disposed:false
1512 silly placeDep ROOT motion-dom@12.42.0 OK for: framer-motion@12.42.0 want: ^12.42.0
1513 silly placeDep ROOT motion-utils@12.39.0 OK for: framer-motion@12.42.0 want: ^12.39.0
1514 silly placeDep ROOT tslib@2.8.1 OK for: framer-motion@12.42.0 want: ^2.4.0
1515 silly placeDep ROOT functions-have-names@1.2.3 OK for: function.prototype.name@1.2.0 want: ^1.2.3
1516 silly placeDep ROOT is-document.all@1.0.0 OK for: function.prototype.name@1.2.0 want: ^1.0.0
1517 silly placeDep ROOT dunder-proto@1.0.1 OK for: get-proto@1.0.1 want: ^1.0.1
1518 silly placeDep ROOT resolve-pkg-maps@1.0.0 OK for: get-tsconfig@4.14.0 want: ^1.0.0
1519 silly placeDep ROOT side-channel@1.1.1 OK for: internal-slot@1.1.0 want: ^1.1.0
1520 silly fetch manifest side-channel-list@^1.0.1
1521 silly packumentCache full:https://registry.npmjs.org/side-channel-list cache-miss
1522 http fetch GET 200 https://registry.npmjs.org/side-channel-list 37ms (cache miss)
1523 silly packumentCache full:https://registry.npmjs.org/side-channel-list set size:undefined disposed:false
1524 silly fetch manifest side-channel-map@^1.0.1
1525 silly packumentCache full:https://registry.npmjs.org/side-channel-map cache-miss
1526 http fetch GET 200 https://registry.npmjs.org/side-channel-map 39ms (cache miss)
1527 silly packumentCache full:https://registry.npmjs.org/side-channel-map set size:undefined disposed:false
1528 silly fetch manifest side-channel-weakmap@^1.0.2
1529 silly packumentCache full:https://registry.npmjs.org/side-channel-weakmap cache-miss
1530 http fetch GET 200 https://registry.npmjs.org/side-channel-weakmap 41ms (cache miss)
1531 silly packumentCache full:https://registry.npmjs.org/side-channel-weakmap set size:undefined disposed:false
1532 silly placeDep ROOT is-extglob@2.1.1 OK for: is-glob@4.0.3 want: ^2.1.1
1533 silly placeDep ROOT set-function-name@2.0.2 OK for: iterator.prototype@1.1.5 want: ^2.0.2
1534 silly placeDep ROOT json-buffer@3.0.1 OK for: keyv@4.5.4 want: 3.0.1
1535 silly placeDep ROOT language-subtag-registry@0.3.23 OK for: language-tags@1.0.9 want: ^0.3.20
1536 silly placeDep ROOT prelude-ls@1.2.1 OK for: levn@0.4.1 want: ^1.2.1
1537 silly placeDep ROOT type-check@0.4.0 OK for: levn@0.4.1 want: ~0.4.0
1538 silly placeDep ROOT p-locate@5.0.0 OK for: locate-path@6.0.0 want: ^5.0.0
1539 silly fetch manifest p-limit@^3.0.2
1540 silly packumentCache full:https://registry.npmjs.org/p-limit cache-miss
1541 http fetch GET 200 https://registry.npmjs.org/p-limit 35ms (cache miss)
1542 silly packumentCache full:https://registry.npmjs.org/p-limit set size:undefined disposed:false
1543 silly placeDep ROOT braces@3.0.3 OK for: micromatch@4.0.8 want: ^3.0.3
1544 silly placeDep ROOT picomatch@2.3.2 OK for: micromatch@4.0.8 want: ^2.3.1
1545 silly fetch manifest fill-range@^7.1.1
1546 silly packumentCache full:https://registry.npmjs.org/fill-range cache-miss
1547 http fetch GET 200 https://registry.npmjs.org/fill-range 40ms (cache miss)
1548 silly packumentCache full:https://registry.npmjs.org/fill-range set size:undefined disposed:false
1549 silly placeDep ROOT fill-range@7.1.1 OK for: braces@3.0.3 want: ^7.1.1
1550 silly fetch manifest to-regex-range@^5.0.1
1551 silly packumentCache full:https://registry.npmjs.org/to-regex-range cache-miss
1552 http fetch GET 200 https://registry.npmjs.org/to-regex-range 35ms (cache miss)
1553 silly packumentCache full:https://registry.npmjs.org/to-regex-range set size:undefined disposed:false
1554 silly placeDep ROOT to-regex-range@5.0.1 OK for: fill-range@7.1.1 want: ^5.0.1
1555 silly fetch manifest is-number@^7.0.0
1556 silly packumentCache full:https://registry.npmjs.org/is-number cache-miss
1557 http fetch GET 200 https://registry.npmjs.org/is-number 36ms (cache miss)
1558 silly packumentCache full:https://registry.npmjs.org/is-number set size:undefined disposed:false
1559 silly placeDep ROOT brace-expansion@5.0.6 OK for: minimatch@10.2.5 want: ^5.0.5
1560 silly fetch manifest balanced-match@^4.0.2
1561 silly packumentCache full:https://registry.npmjs.org/balanced-match cache-miss
1562 http fetch GET 200 https://registry.npmjs.org/balanced-match 44ms (cache miss)
1563 silly packumentCache full:https://registry.npmjs.org/balanced-match set size:undefined disposed:false
1564 silly placeDep ROOT balanced-match@4.0.4 OK for: brace-expansion@5.0.6 want: ^4.0.2
1565 silly placeDep ROOT @next/env@15.0.3 OK for: next@15.0.3 want: 15.0.3
1566 silly placeDep ROOT @next/swc-darwin-arm64@15.0.3 OK for: next@15.0.3 want: 15.0.3
1567 silly placeDep ROOT @next/swc-darwin-x64@15.0.3 OK for: next@15.0.3 want: 15.0.3
1568 silly placeDep ROOT @next/swc-linux-arm64-gnu@15.0.3 OK for: next@15.0.3 want: 15.0.3
1569 silly placeDep ROOT @next/swc-linux-arm64-musl@15.0.3 OK for: next@15.0.3 want: 15.0.3
1570 silly placeDep ROOT @next/swc-linux-x64-gnu@15.0.3 OK for: next@15.0.3 want: 15.0.3
1571 silly placeDep ROOT @next/swc-linux-x64-musl@15.0.3 OK for: next@15.0.3 want: 15.0.3
1572 silly placeDep ROOT @next/swc-win32-arm64-msvc@15.0.3 OK for: next@15.0.3 want: 15.0.3
1573 silly placeDep ROOT @next/swc-win32-x64-msvc@15.0.3 OK for: next@15.0.3 want: 15.0.3
1574 silly placeDep ROOT @swc/counter@0.1.3 OK for: next@15.0.3 want: 0.1.3
1575 silly placeDep ROOT @swc/helpers@0.5.13 OK for: next@15.0.3 want: 0.5.13
1576 silly placeDep ROOT busboy@1.6.0 OK for: next@15.0.3 want: 1.6.0
1577 silly placeDep ROOT caniuse-lite@1.0.30001799 OK for: next@15.0.3 want: ^1.0.30001579
1578 silly placeDep node_modules/next postcss@8.4.31 OK for: next@15.0.3 want: 8.4.31
1579 silly placeDep ROOT sharp@0.33.5 OK for: next@15.0.3 want: ^0.33.5
1580 silly placeDep ROOT styled-jsx@5.1.6 OK for: next@15.0.3 want: 5.1.6
1581 silly fetch manifest streamsearch@^1.1.0
1582 silly packumentCache full:https://registry.npmjs.org/streamsearch cache-miss
1583 http fetch GET 200 https://registry.npmjs.org/streamsearch 32ms (cache miss)
1584 silly packumentCache full:https://registry.npmjs.org/streamsearch set size:undefined disposed:false
1585 silly fetch manifest nanoid@^3.3.6
1586 silly packumentCache full:https://registry.npmjs.org/nanoid cache-miss
1587 http cache https://registry.npmjs.org/nanoid 2ms (cache hit)
1588 silly packumentCache full:https://registry.npmjs.org/nanoid set size:330515 disposed:false
1589 silly fetch manifest picocolors@^1.0.0
1590 silly packumentCache full:https://registry.npmjs.org/picocolors cache-miss
1591 http cache https://registry.npmjs.org/picocolors 3ms (cache hit)
1592 silly packumentCache full:https://registry.npmjs.org/picocolors set size:16648 disposed:false
1593 silly fetch manifest source-map-js@^1.0.2
1594 silly packumentCache full:https://registry.npmjs.org/source-map-js cache-miss
1595 http cache https://registry.npmjs.org/source-map-js 2ms (cache hit)
1596 silly packumentCache full:https://registry.npmjs.org/source-map-js set size:62640 disposed:false
1597 silly fetch manifest color@^4.2.3
1598 silly packumentCache full:https://registry.npmjs.org/color cache-miss
1599 http fetch GET 200 https://registry.npmjs.org/color 34ms (cache miss)
1600 silly packumentCache full:https://registry.npmjs.org/color set size:undefined disposed:false
1601 silly fetch manifest detect-libc@^2.0.3
1602 silly packumentCache full:https://registry.npmjs.org/detect-libc cache-miss
1603 http fetch GET 200 https://registry.npmjs.org/detect-libc 35ms (cache miss)
1604 silly packumentCache full:https://registry.npmjs.org/detect-libc set size:undefined disposed:false
1605 silly fetch manifest @img/sharp-wasm32@0.33.5
1606 silly packumentCache full:https://registry.npmjs.org/@img%2fsharp-wasm32 cache-miss
1607 http fetch GET 200 https://registry.npmjs.org/@img%2fsharp-wasm32 59ms (cache miss)
1608 silly packumentCache full:https://registry.npmjs.org/@img%2fsharp-wasm32 set size:undefined disposed:false
1609 silly fetch manifest @img/sharp-linux-arm@0.33.5
1610 silly packumentCache full:https://registry.npmjs.org/@img%2fsharp-linux-arm cache-miss
1611 http fetch GET 200 https://registry.npmjs.org/@img%2fsharp-linux-arm 53ms (cache miss)
1612 silly packumentCache full:https://registry.npmjs.org/@img%2fsharp-linux-arm set size:undefined disposed:false
1613 silly fetch manifest @img/sharp-linux-x64@0.33.5
1614 silly packumentCache full:https://registry.npmjs.org/@img%2fsharp-linux-x64 cache-miss
1615 http fetch GET 200 https://registry.npmjs.org/@img%2fsharp-linux-x64 54ms (cache miss)
1616 silly packumentCache full:https://registry.npmjs.org/@img%2fsharp-linux-x64 set size:undefined disposed:false
1617 silly fetch manifest @img/sharp-win32-x64@0.33.5
1618 silly packumentCache full:https://registry.npmjs.org/@img%2fsharp-win32-x64 cache-miss
1619 http fetch GET 200 https://registry.npmjs.org/@img%2fsharp-win32-x64 56ms (cache miss)
1620 silly packumentCache full:https://registry.npmjs.org/@img%2fsharp-win32-x64 set size:undefined disposed:false
1621 silly fetch manifest @img/sharp-darwin-x64@0.33.5
1622 silly packumentCache full:https://registry.npmjs.org/@img%2fsharp-darwin-x64 cache-miss
1623 http fetch GET 200 https://registry.npmjs.org/@img%2fsharp-darwin-x64 53ms (cache miss)
1624 silly packumentCache full:https://registry.npmjs.org/@img%2fsharp-darwin-x64 set size:undefined disposed:false
1625 silly fetch manifest @img/sharp-win32-ia32@0.33.5
1626 silly packumentCache full:https://registry.npmjs.org/@img%2fsharp-win32-ia32 cache-miss
1627 http fetch GET 200 https://registry.npmjs.org/@img%2fsharp-win32-ia32 64ms (cache miss)
1628 silly packumentCache full:https://registry.npmjs.org/@img%2fsharp-win32-ia32 set size:undefined disposed:false
1629 silly fetch manifest @img/sharp-linux-arm64@0.33.5
1630 silly packumentCache full:https://registry.npmjs.org/@img%2fsharp-linux-arm64 cache-miss
1631 http fetch GET 200 https://registry.npmjs.org/@img%2fsharp-linux-arm64 55ms (cache miss)
1632 silly packumentCache full:https://registry.npmjs.org/@img%2fsharp-linux-arm64 set size:undefined disposed:false
1633 silly fetch manifest @img/sharp-linux-s390x@0.33.5
1634 silly packumentCache full:https://registry.npmjs.org/@img%2fsharp-linux-s390x cache-miss
1635 http fetch GET 200 https://registry.npmjs.org/@img%2fsharp-linux-s390x 59ms (cache miss)
1636 silly packumentCache full:https://registry.npmjs.org/@img%2fsharp-linux-s390x set size:undefined disposed:false
1637 silly fetch manifest @img/sharp-darwin-arm64@0.33.5
1638 silly packumentCache full:https://registry.npmjs.org/@img%2fsharp-darwin-arm64 cache-miss
1639 http fetch GET 200 https://registry.npmjs.org/@img%2fsharp-darwin-arm64 242ms (cache miss)
1640 silly packumentCache full:https://registry.npmjs.org/@img%2fsharp-darwin-arm64 set size:undefined disposed:false
1641 silly fetch manifest @img/sharp-linuxmusl-x64@0.33.5
1642 silly packumentCache full:https://registry.npmjs.org/@img%2fsharp-linuxmusl-x64 cache-miss
1643 http fetch GET 200 https://registry.npmjs.org/@img%2fsharp-linuxmusl-x64 52ms (cache miss)
1644 silly packumentCache full:https://registry.npmjs.org/@img%2fsharp-linuxmusl-x64 set size:undefined disposed:false
1645 silly fetch manifest @img/sharp-linuxmusl-arm64@0.33.5
1646 silly packumentCache full:https://registry.npmjs.org/@img%2fsharp-linuxmusl-arm64 cache-miss
1647 http fetch GET 200 https://registry.npmjs.org/@img%2fsharp-linuxmusl-arm64 58ms (cache miss)
1648 silly packumentCache full:https://registry.npmjs.org/@img%2fsharp-linuxmusl-arm64 set size:undefined disposed:false
1649 silly fetch manifest @img/sharp-libvips-linux-arm@1.0.5
1650 silly packumentCache full:https://registry.npmjs.org/@img%2fsharp-libvips-linux-arm cache-miss
1651 http fetch GET 200 https://registry.npmjs.org/@img%2fsharp-libvips-linux-arm 48ms (cache miss)
1652 silly packumentCache full:https://registry.npmjs.org/@img%2fsharp-libvips-linux-arm set size:undefined disposed:false
1653 silly fetch manifest @img/sharp-libvips-linux-x64@1.0.4
1654 silly packumentCache full:https://registry.npmjs.org/@img%2fsharp-libvips-linux-x64 cache-miss
1655 http fetch GET 200 https://registry.npmjs.org/@img%2fsharp-libvips-linux-x64 50ms (cache miss)
1656 silly packumentCache full:https://registry.npmjs.org/@img%2fsharp-libvips-linux-x64 set size:undefined disposed:false
1657 silly fetch manifest @img/sharp-libvips-darwin-x64@1.0.4
1658 silly packumentCache full:https://registry.npmjs.org/@img%2fsharp-libvips-darwin-x64 cache-miss
1659 http fetch GET 200 https://registry.npmjs.org/@img%2fsharp-libvips-darwin-x64 64ms (cache miss)
1660 silly packumentCache full:https://registry.npmjs.org/@img%2fsharp-libvips-darwin-x64 set size:undefined disposed:false
1661 silly fetch manifest @img/sharp-libvips-linux-arm64@1.0.4
1662 silly packumentCache full:https://registry.npmjs.org/@img%2fsharp-libvips-linux-arm64 cache-miss
1663 http fetch GET 200 https://registry.npmjs.org/@img%2fsharp-libvips-linux-arm64 58ms (cache miss)
1664 silly packumentCache full:https://registry.npmjs.org/@img%2fsharp-libvips-linux-arm64 set size:undefined disposed:false
1665 silly fetch manifest @img/sharp-libvips-linux-s390x@1.0.4
1666 silly packumentCache full:https://registry.npmjs.org/@img%2fsharp-libvips-linux-s390x cache-miss
1667 http fetch GET 200 https://registry.npmjs.org/@img%2fsharp-libvips-linux-s390x 64ms (cache miss)
1668 silly packumentCache full:https://registry.npmjs.org/@img%2fsharp-libvips-linux-s390x set size:undefined disposed:false
1669 silly fetch manifest @img/sharp-libvips-darwin-arm64@1.0.4
1670 silly packumentCache full:https://registry.npmjs.org/@img%2fsharp-libvips-darwin-arm64 cache-miss
1671 http fetch GET 200 https://registry.npmjs.org/@img%2fsharp-libvips-darwin-arm64 55ms (cache miss)
1672 silly packumentCache full:https://registry.npmjs.org/@img%2fsharp-libvips-darwin-arm64 set size:undefined disposed:false
1673 silly fetch manifest @img/sharp-libvips-linuxmusl-x64@1.0.4
1674 silly packumentCache full:https://registry.npmjs.org/@img%2fsharp-libvips-linuxmusl-x64 cache-miss
1675 http fetch GET 200 https://registry.npmjs.org/@img%2fsharp-libvips-linuxmusl-x64 50ms (cache miss)
1676 silly packumentCache full:https://registry.npmjs.org/@img%2fsharp-libvips-linuxmusl-x64 set size:undefined disposed:false
1677 silly fetch manifest @img/sharp-libvips-linuxmusl-arm64@1.0.4
1678 silly packumentCache full:https://registry.npmjs.org/@img%2fsharp-libvips-linuxmusl-arm64 cache-miss
1679 http fetch GET 200 https://registry.npmjs.org/@img%2fsharp-libvips-linuxmusl-arm64 53ms (cache miss)
1680 silly packumentCache full:https://registry.npmjs.org/@img%2fsharp-libvips-linuxmusl-arm64 set size:undefined disposed:false
1681 silly fetch manifest client-only@0.0.1
1682 silly packumentCache full:https://registry.npmjs.org/client-only cache-miss
1683 http fetch GET 200 https://registry.npmjs.org/client-only 33ms (cache miss)
1684 silly packumentCache full:https://registry.npmjs.org/client-only set size:undefined disposed:false
1685 silly placeDep ROOT streamsearch@1.1.0 OK for: busboy@1.6.0 want: ^1.1.0
1686 silly placeDep ROOT deep-is@0.1.4 OK for: optionator@0.9.4 want: ^0.1.3
1687 silly placeDep ROOT fast-levenshtein@2.0.6 OK for: optionator@0.9.4 want: ^2.0.6
1688 silly placeDep ROOT word-wrap@1.2.5 OK for: optionator@0.9.4 want: ^1.2.5
1689 silly placeDep ROOT p-limit@3.1.0 OK for: p-locate@5.0.0 want: ^3.0.2
1690 silly fetch manifest yocto-queue@^0.1.0
1691 silly packumentCache full:https://registry.npmjs.org/yocto-queue cache-miss
1692 http fetch GET 200 https://registry.npmjs.org/yocto-queue 35ms (cache miss)
1693 silly packumentCache full:https://registry.npmjs.org/yocto-queue set size:undefined disposed:false
1694 silly placeDep ROOT yocto-queue@0.1.0 OK for: p-limit@3.1.0 want: ^0.1.0
1695 silly placeDep ROOT nanoid@3.3.15 OK for: postcss@8.5.15 want: ^3.3.12
1696 silly placeDep ROOT picocolors@1.1.1 OK for: postcss@8.5.15 want: ^1.1.1
1697 silly placeDep ROOT source-map-js@1.2.1 OK for: postcss@8.5.15 want: ^1.2.1
1698 silly placeDep ROOT loose-envify@1.4.0 OK for: prop-types@15.8.1 want: ^1.4.0
1699 silly placeDep ROOT object-assign@4.1.1 OK for: prop-types@15.8.1 want: ^4.1.1
1700 silly placeDep ROOT react-is@16.13.1 OK for: prop-types@15.8.1 want: ^16.13.1
1701 silly fetch manifest js-tokens@^3.0.0 || ^4.0.0
1702 silly packumentCache full:https://registry.npmjs.org/js-tokens cache-miss
1703 http fetch GET 200 https://registry.npmjs.org/js-tokens 35ms (cache miss)
1704 silly packumentCache full:https://registry.npmjs.org/js-tokens set size:undefined disposed:false
1705 silly placeDep ROOT js-tokens@4.0.0 OK for: loose-envify@1.4.0 want: ^3.0.0 || ^4.0.0
1706 silly placeDep ROOT node-exports-info@1.6.2 OK for: resolve@2.0.0-next.7 want: ^1.6.0
1707 silly placeDep ROOT path-parse@1.0.7 OK for: resolve@2.0.0-next.7 want: ^1.0.7
1708 silly placeDep ROOT supports-preserve-symlinks-flag@1.0.0 OK for: resolve@2.0.0-next.7 want: ^1.0.0
1709 silly placeDep node_modules/node-exports-info semver@6.3.1 OK for: node-exports-info@1.6.2 want: ^6.3.1
1710 silly placeDep ROOT queue-microtask@1.2.3 OK for: run-parallel@1.2.0 want: ^1.2.2
1711 silly placeDep ROOT isarray@2.0.5 OK for: safe-array-concat@1.1.4 want: ^2.0.5
1712 silly placeDep ROOT @img/sharp-darwin-arm64@0.33.5 OK for: sharp@0.33.5 want: 0.33.5
1713 silly placeDep ROOT @img/sharp-darwin-x64@0.33.5 OK for: sharp@0.33.5 want: 0.33.5
1714 silly placeDep ROOT @img/sharp-libvips-darwin-arm64@1.0.4 OK for: sharp@0.33.5 want: 1.0.4
1715 silly placeDep ROOT @img/sharp-libvips-darwin-x64@1.0.4 OK for: sharp@0.33.5 want: 1.0.4
1716 silly placeDep ROOT @img/sharp-libvips-linux-arm@1.0.5 OK for: sharp@0.33.5 want: 1.0.5
1717 silly placeDep ROOT @img/sharp-libvips-linux-arm64@1.0.4 OK for: sharp@0.33.5 want: 1.0.4
1718 silly placeDep ROOT @img/sharp-libvips-linux-s390x@1.0.4 OK for: sharp@0.33.5 want: 1.0.4
1719 silly placeDep ROOT @img/sharp-libvips-linux-x64@1.0.4 OK for: sharp@0.33.5 want: 1.0.4
1720 silly placeDep ROOT @img/sharp-libvips-linuxmusl-arm64@1.0.4 OK for: sharp@0.33.5 want: 1.0.4
1721 silly placeDep ROOT @img/sharp-libvips-linuxmusl-x64@1.0.4 OK for: sharp@0.33.5 want: 1.0.4
1722 silly placeDep ROOT @img/sharp-linux-arm@0.33.5 OK for: sharp@0.33.5 want: 0.33.5
1723 silly placeDep ROOT @img/sharp-linux-arm64@0.33.5 OK for: sharp@0.33.5 want: 0.33.5
1724 silly placeDep ROOT @img/sharp-linux-s390x@0.33.5 OK for: sharp@0.33.5 want: 0.33.5
1725 silly placeDep ROOT @img/sharp-linux-x64@0.33.5 OK for: sharp@0.33.5 want: 0.33.5
1726 silly placeDep ROOT @img/sharp-linuxmusl-arm64@0.33.5 OK for: sharp@0.33.5 want: 0.33.5
1727 silly placeDep ROOT @img/sharp-linuxmusl-x64@0.33.5 OK for: sharp@0.33.5 want: 0.33.5
1728 silly placeDep ROOT @img/sharp-wasm32@0.33.5 OK for: sharp@0.33.5 want: 0.33.5
1729 silly placeDep ROOT @img/sharp-win32-ia32@0.33.5 OK for: sharp@0.33.5 want: 0.33.5
1730 silly placeDep ROOT @img/sharp-win32-x64@0.33.5 OK for: sharp@0.33.5 want: 0.33.5
1731 silly placeDep ROOT color@4.2.3 OK for: sharp@0.33.5 want: ^4.2.3
1732 silly placeDep ROOT detect-libc@2.1.2 OK for: sharp@0.33.5 want: ^2.0.3
1733 silly fetch manifest @emnapi/runtime@^1.2.0
1734 silly packumentCache full:https://registry.npmjs.org/@emnapi%2fruntime cache-miss
1735 http fetch GET 200 https://registry.npmjs.org/@emnapi%2fruntime 53ms (cache miss)
1736 silly packumentCache full:https://registry.npmjs.org/@emnapi%2fruntime set size:undefined disposed:false
1737 silly fetch manifest color-string@^1.9.0
1738 silly packumentCache full:https://registry.npmjs.org/color-string cache-miss
1739 http fetch GET 200 https://registry.npmjs.org/color-string 35ms (cache miss)
1740 silly packumentCache full:https://registry.npmjs.org/color-string set size:undefined disposed:false
1741 silly fetch manifest color-convert@^2.0.1
1742 silly packumentCache full:https://registry.npmjs.org/color-convert cache-miss
1743 http fetch GET 200 https://registry.npmjs.org/color-convert 36ms (cache miss)
1744 silly packumentCache full:https://registry.npmjs.org/color-convert set size:undefined disposed:false
1745 silly placeDep ROOT @emnapi/runtime@1.11.1 OK for: @img/sharp-wasm32@0.33.5 want: ^1.2.0
1746 silly placeDep ROOT color-convert@2.0.1 OK for: color@4.2.3 want: ^2.0.1
1747 silly placeDep ROOT color-string@1.9.1 OK for: color@4.2.3 want: ^1.9.0
1748 silly fetch manifest color-name@~1.1.4
1749 silly packumentCache full:https://registry.npmjs.org/color-name cache-miss
1750 http fetch GET 200 https://registry.npmjs.org/color-name 32ms (cache miss)
1751 silly packumentCache full:https://registry.npmjs.org/color-name set size:undefined disposed:false
1752 silly fetch manifest color-name@^1.0.0
1753 silly packumentCache full:https://registry.npmjs.org/color-name cache-miss
1754 http cache https://registry.npmjs.org/color-name 2ms (cache hit)
1755 silly packumentCache full:https://registry.npmjs.org/color-name set size:19467 disposed:false
1756 silly fetch manifest simple-swizzle@^0.2.2
1757 silly packumentCache full:https://registry.npmjs.org/simple-swizzle cache-miss
1758 http fetch GET 200 https://registry.npmjs.org/simple-swizzle 40ms (cache miss)
1759 silly packumentCache full:https://registry.npmjs.org/simple-swizzle set size:undefined disposed:false
1760 silly placeDep ROOT color-name@1.1.4 OK for: color-convert@2.0.1 want: ~1.1.4
1761 silly placeDep ROOT simple-swizzle@0.2.4 OK for: color-string@1.9.1 want: ^0.2.2
1762 silly fetch manifest is-arrayish@^0.3.1
1763 silly packumentCache full:https://registry.npmjs.org/is-arrayish cache-miss
1764 http fetch GET 200 https://registry.npmjs.org/is-arrayish 33ms (cache miss)
1765 silly packumentCache full:https://registry.npmjs.org/is-arrayish set size:undefined disposed:false
1766 silly placeDep ROOT shebang-regex@3.0.0 OK for: shebang-command@2.0.0 want: ^3.0.0
1767 silly placeDep ROOT side-channel-list@1.0.1 OK for: side-channel@1.1.1 want: ^1.0.1
1768 silly placeDep ROOT side-channel-map@1.0.1 OK for: side-channel@1.1.1 want: ^1.0.1
1769 silly placeDep ROOT side-channel-weakmap@1.0.2 OK for: side-channel@1.1.1 want: ^1.0.2
1770 silly placeDep ROOT is-arrayish@0.3.4 OK for: simple-swizzle@0.2.4 want: ^0.3.1
1771 silly placeDep ROOT client-only@0.0.1 OK for: styled-jsx@5.1.6 want: 0.0.1
1772 silly placeDep ROOT fdir@6.5.0 OK for: tinyglobby@0.2.17 want: ^6.5.0
1773 silly placeDep node_modules/tinyglobby picomatch@4.0.4 OK for: tinyglobby@0.2.17 want: ^4.0.4
1774 silly placeDep ROOT is-number@7.0.0 OK for: to-regex-range@5.0.1 want: ^7.0.0
1775 silly placeDep ROOT @types/json5@0.0.29 OK for: tsconfig-paths@3.15.0 want: ^0.0.29
1776 silly placeDep ROOT json5@1.0.2 OK for: tsconfig-paths@3.15.0 want: ^1.0.2
1777 silly placeDep ROOT minimist@1.2.8 OK for: tsconfig-paths@3.15.0 want: ^1.2.6
1778 silly placeDep ROOT strip-bom@3.0.0 OK for: tsconfig-paths@3.15.0 want: ^3.0.0
1779 silly fetch manifest minimist@^1.2.0
1780 silly packumentCache full:https://registry.npmjs.org/minimist cache-miss
1781 http cache https://registry.npmjs.org/minimist 3ms (cache hit)
1782 silly packumentCache full:https://registry.npmjs.org/minimist set size:77063 disposed:false
1783 silly placeDep ROOT for-each@0.3.5 OK for: typed-array-byte-length@1.0.3 want: ^0.3.3
1784 silly placeDep ROOT reflect.getprototypeof@1.0.10 OK for: typed-array-byte-offset@1.0.4 want: ^1.0.9
1785 silly fetch manifest which-builtin-type@^1.2.1
1786 silly packumentCache full:https://registry.npmjs.org/which-builtin-type cache-miss
1787 http fetch GET 200 https://registry.npmjs.org/which-builtin-type 42ms (cache miss)
1788 silly packumentCache full:https://registry.npmjs.org/which-builtin-type set size:undefined disposed:false
1789 silly placeDep ROOT which-builtin-type@1.2.1 OK for: reflect.getprototypeof@1.0.10 want: ^1.2.1
1790 silly fetch manifest is-async-function@^2.0.0
1791 silly packumentCache full:https://registry.npmjs.org/is-async-function cache-miss
1792 http fetch GET 200 https://registry.npmjs.org/is-async-function 37ms (cache miss)
1793 silly packumentCache full:https://registry.npmjs.org/is-async-function set size:undefined disposed:false
1794 silly fetch manifest is-finalizationregistry@^1.1.0
1795 silly packumentCache full:https://registry.npmjs.org/is-finalizationregistry cache-miss
1796 http fetch GET 200 https://registry.npmjs.org/is-finalizationregistry 36ms (cache miss)
1797 silly packumentCache full:https://registry.npmjs.org/is-finalizationregistry set size:undefined disposed:false
1798 silly fetch manifest is-generator-function@^1.0.10
1799 silly packumentCache full:https://registry.npmjs.org/is-generator-function cache-miss
1800 http fetch GET 200 https://registry.npmjs.org/is-generator-function 39ms (cache miss)
1801 silly packumentCache full:https://registry.npmjs.org/is-generator-function set size:undefined disposed:false
1802 silly fetch manifest which-boxed-primitive@^1.1.0
1803 silly packumentCache full:https://registry.npmjs.org/which-boxed-primitive cache-miss
1804 http cache https://registry.npmjs.org/which-boxed-primitive 2ms (cache hit)
1805 silly packumentCache full:https://registry.npmjs.org/which-boxed-primitive set size:19407 disposed:false
1806 silly fetch manifest which-collection@^1.0.2
1807 silly packumentCache full:https://registry.npmjs.org/which-collection cache-miss
1808 http fetch GET 200 https://registry.npmjs.org/which-collection 34ms (cache miss)
1809 silly packumentCache full:https://registry.npmjs.org/which-collection set size:undefined disposed:false
1810 silly placeDep ROOT has-bigints@1.1.0 OK for: unbox-primitive@1.1.0 want: ^1.0.2
1811 silly placeDep ROOT which-boxed-primitive@1.1.1 OK for: unbox-primitive@1.1.0 want: ^1.1.1
1812 silly fetch manifest is-bigint@^1.1.0
1813 silly packumentCache full:https://registry.npmjs.org/is-bigint cache-miss
1814 http fetch GET 200 https://registry.npmjs.org/is-bigint 34ms (cache miss)
1815 silly packumentCache full:https://registry.npmjs.org/is-bigint set size:undefined disposed:false
1816 silly fetch manifest is-boolean-object@^1.2.1
1817 silly packumentCache full:https://registry.npmjs.org/is-boolean-object cache-miss
1818 http fetch GET 200 https://registry.npmjs.org/is-boolean-object 37ms (cache miss)
1819 silly packumentCache full:https://registry.npmjs.org/is-boolean-object set size:undefined disposed:false
1820 silly fetch manifest is-number-object@^1.1.1
1821 silly packumentCache full:https://registry.npmjs.org/is-number-object cache-miss
1822 http fetch GET 200 https://registry.npmjs.org/is-number-object 31ms (cache miss)
1823 silly packumentCache full:https://registry.npmjs.org/is-number-object set size:undefined disposed:false
1824 silly placeDep ROOT @unrs/resolver-binding-android-arm-eabi@1.12.2 OK for: unrs-resolver@1.12.2 want: 1.12.2
1825 silly placeDep ROOT @unrs/resolver-binding-android-arm64@1.12.2 OK for: unrs-resolver@1.12.2 want: 1.12.2
1826 silly placeDep ROOT @unrs/resolver-binding-darwin-arm64@1.12.2 OK for: unrs-resolver@1.12.2 want: 1.12.2
1827 silly placeDep ROOT @unrs/resolver-binding-darwin-x64@1.12.2 OK for: unrs-resolver@1.12.2 want: 1.12.2
1828 silly placeDep ROOT @unrs/resolver-binding-freebsd-x64@1.12.2 OK for: unrs-resolver@1.12.2 want: 1.12.2
1829 silly placeDep ROOT @unrs/resolver-binding-linux-arm-gnueabihf@1.12.2 OK for: unrs-resolver@1.12.2 want: 1.12.2
1830 silly placeDep ROOT @unrs/resolver-binding-linux-arm-musleabihf@1.12.2 OK for: unrs-resolver@1.12.2 want: 1.12.2
1831 silly placeDep ROOT @unrs/resolver-binding-linux-arm64-gnu@1.12.2 OK for: unrs-resolver@1.12.2 want: 1.12.2
1832 silly placeDep ROOT @unrs/resolver-binding-linux-arm64-musl@1.12.2 OK for: unrs-resolver@1.12.2 want: 1.12.2
1833 silly placeDep ROOT @unrs/resolver-binding-linux-loong64-gnu@1.12.2 OK for: unrs-resolver@1.12.2 want: 1.12.2
1834 silly placeDep ROOT @unrs/resolver-binding-linux-loong64-musl@1.12.2 OK for: unrs-resolver@1.12.2 want: 1.12.2
1835 silly placeDep ROOT @unrs/resolver-binding-linux-ppc64-gnu@1.12.2 OK for: unrs-resolver@1.12.2 want: 1.12.2
1836 silly placeDep ROOT @unrs/resolver-binding-linux-riscv64-gnu@1.12.2 OK for: unrs-resolver@1.12.2 want: 1.12.2
1837 silly placeDep ROOT @unrs/resolver-binding-linux-riscv64-musl@1.12.2 OK for: unrs-resolver@1.12.2 want: 1.12.2
1838 silly placeDep ROOT @unrs/resolver-binding-linux-s390x-gnu@1.12.2 OK for: unrs-resolver@1.12.2 want: 1.12.2
1839 silly placeDep ROOT @unrs/resolver-binding-linux-x64-gnu@1.12.2 OK for: unrs-resolver@1.12.2 want: 1.12.2
1840 silly placeDep ROOT @unrs/resolver-binding-linux-x64-musl@1.12.2 OK for: unrs-resolver@1.12.2 want: 1.12.2
1841 silly placeDep ROOT @unrs/resolver-binding-openharmony-arm64@1.12.2 OK for: unrs-resolver@1.12.2 want: 1.12.2
1842 silly placeDep ROOT @unrs/resolver-binding-wasm32-wasi@1.12.2 OK for: unrs-resolver@1.12.2 want: 1.12.2
1843 silly placeDep ROOT @unrs/resolver-binding-win32-arm64-msvc@1.12.2 OK for: unrs-resolver@1.12.2 want: 1.12.2
1844 silly placeDep ROOT @unrs/resolver-binding-win32-ia32-msvc@1.12.2 OK for: unrs-resolver@1.12.2 want: 1.12.2
1845 silly placeDep ROOT @unrs/resolver-binding-win32-x64-msvc@1.12.2 OK for: unrs-resolver@1.12.2 want: 1.12.2
1846 silly placeDep ROOT napi-postinstall@0.3.4 OK for: unrs-resolver@1.12.2 want: ^0.3.4
1847 silly fetch manifest @napi-rs/wasm-runtime@^1.1.4
1848 silly packumentCache full:https://registry.npmjs.org/@napi-rs%2fwasm-runtime cache-miss
1849 http fetch GET 200 https://registry.npmjs.org/@napi-rs%2fwasm-runtime 61ms (cache miss)
1850 silly packumentCache full:https://registry.npmjs.org/@napi-rs%2fwasm-runtime set size:undefined disposed:false
1851 silly fetch manifest @emnapi/core@1.10.0
1852 silly packumentCache full:https://registry.npmjs.org/@emnapi%2fcore cache-miss
1853 http fetch GET 200 https://registry.npmjs.org/@emnapi%2fcore 54ms (cache miss)
1854 silly packumentCache full:https://registry.npmjs.org/@emnapi%2fcore set size:undefined disposed:false
1855 silly fetch manifest @emnapi/runtime@1.10.0
1856 silly packumentCache full:https://registry.npmjs.org/@emnapi%2fruntime cache-miss
1857 http cache https://registry.npmjs.org/@emnapi%2fruntime 2ms (cache hit)
1858 silly packumentCache full:https://registry.npmjs.org/@emnapi%2fruntime set size:116352 disposed:false
1859 silly placeDep ROOT @emnapi/core@1.10.0 OK for: @unrs/resolver-binding-wasm32-wasi@1.12.2 want: 1.10.0
1860 silly placeDep node_modules/@unrs/resolver-binding-wasm32-wasi @emnapi/runtime@1.10.0 OK for: @unrs/resolver-binding-wasm32-wasi@1.12.2 want: 1.10.0
1861 silly placeDep ROOT @napi-rs/wasm-runtime@1.1.6 OK for: @unrs/resolver-binding-wasm32-wasi@1.12.2 want: ^1.1.4
1862 silly fetch manifest @emnapi/wasi-threads@1.2.1
1863 silly packumentCache full:https://registry.npmjs.org/@emnapi%2fwasi-threads cache-miss
1864 http fetch GET 200 https://registry.npmjs.org/@emnapi%2fwasi-threads 48ms (cache miss)
1865 silly packumentCache full:https://registry.npmjs.org/@emnapi%2fwasi-threads set size:undefined disposed:false
1866 silly fetch manifest @tybys/wasm-util@^0.10.3
1867 silly packumentCache full:https://registry.npmjs.org/@tybys%2fwasm-util cache-miss
1868 http fetch GET 200 https://registry.npmjs.org/@tybys%2fwasm-util 50ms (cache miss)
1869 silly packumentCache full:https://registry.npmjs.org/@tybys%2fwasm-util set size:undefined disposed:false
1870 silly placeDep ROOT @emnapi/wasi-threads@1.2.1 OK for: @emnapi/core@1.10.0 want: 1.2.1
1871 silly placeDep ROOT @tybys/wasm-util@0.10.3 OK for: @napi-rs/wasm-runtime@1.1.6 want: ^0.10.3
1872 silly placeDep ROOT punycode@2.3.1 OK for: uri-js@4.4.1 want: ^2.1.0
1873 silly placeDep ROOT isexe@2.0.0 OK for: which@2.0.2 want: ^2.0.0
1874 silly placeDep ROOT is-bigint@1.1.0 OK for: which-boxed-primitive@1.1.1 want: ^1.1.0
1875 silly placeDep ROOT is-boolean-object@1.2.2 OK for: which-boxed-primitive@1.1.1 want: ^1.2.1
1876 silly placeDep ROOT is-number-object@1.1.1 OK for: which-boxed-primitive@1.1.1 want: ^1.1.1
1877 silly placeDep ROOT is-async-function@2.1.1 OK for: which-builtin-type@1.2.1 want: ^2.0.0
1878 silly placeDep ROOT is-finalizationregistry@1.1.1 OK for: which-builtin-type@1.2.1 want: ^1.1.0
1879 silly placeDep ROOT is-generator-function@1.1.2 OK for: which-builtin-type@1.2.1 want: ^1.0.10
1880 silly placeDep ROOT which-collection@1.0.2 OK for: which-builtin-type@1.2.1 want: ^1.0.2
1881 silly fetch manifest async-function@^1.0.0
1882 silly packumentCache full:https://registry.npmjs.org/async-function cache-miss
1883 http fetch GET 200 https://registry.npmjs.org/async-function 31ms (cache miss)
1884 silly packumentCache full:https://registry.npmjs.org/async-function set size:undefined disposed:false
1885 silly fetch manifest generator-function@^2.0.0
1886 silly packumentCache full:https://registry.npmjs.org/generator-function cache-miss
1887 http fetch GET 200 https://registry.npmjs.org/generator-function 33ms (cache miss)
1888 silly packumentCache full:https://registry.npmjs.org/generator-function set size:undefined disposed:false
1889 silly fetch manifest is-map@^2.0.3
1890 silly packumentCache full:https://registry.npmjs.org/is-map cache-miss
1891 http fetch GET 200 https://registry.npmjs.org/is-map 31ms (cache miss)
1892 silly packumentCache full:https://registry.npmjs.org/is-map set size:undefined disposed:false
1893 silly fetch manifest is-weakmap@^2.0.2
1894 silly packumentCache full:https://registry.npmjs.org/is-weakmap cache-miss
1895 http fetch GET 200 https://registry.npmjs.org/is-weakmap 32ms (cache miss)
1896 silly packumentCache full:https://registry.npmjs.org/is-weakmap set size:undefined disposed:false
1897 silly fetch manifest is-weakset@^2.0.3
1898 silly packumentCache full:https://registry.npmjs.org/is-weakset cache-miss
1899 http fetch GET 200 https://registry.npmjs.org/is-weakset 42ms (cache miss)
1900 silly packumentCache full:https://registry.npmjs.org/is-weakset set size:undefined disposed:false
1901 silly placeDep ROOT async-function@1.0.0 OK for: is-async-function@2.1.1 want: ^1.0.0
1902 silly placeDep ROOT generator-function@2.0.1 OK for: is-generator-function@1.1.2 want: ^2.0.0
1903 silly placeDep ROOT is-map@2.0.3 OK for: which-collection@1.0.2 want: ^2.0.3
1904 silly placeDep ROOT is-weakmap@2.0.2 OK for: which-collection@1.0.2 want: ^2.0.2
1905 silly placeDep ROOT is-weakset@2.0.4 OK for: which-collection@1.0.2 want: ^2.0.3
1906 silly placeDep node_modules/eslint-plugin-import brace-expansion@1.1.15 OK for: minimatch@3.1.5 want: ^1.1.7
1907 silly fetch manifest balanced-match@^1.0.0
1908 silly packumentCache full:https://registry.npmjs.org/balanced-match cache-miss
1909 http cache https://registry.npmjs.org/balanced-match 2ms (cache hit)
1910 silly packumentCache full:https://registry.npmjs.org/balanced-match set size:39082 disposed:false
1911 silly fetch manifest concat-map@0.0.1
1912 silly packumentCache full:https://registry.npmjs.org/concat-map cache-miss
1913 http fetch GET 200 https://registry.npmjs.org/concat-map 34ms (cache miss)
1914 silly packumentCache full:https://registry.npmjs.org/concat-map set size:undefined disposed:false
1915 silly placeDep node_modules/eslint-plugin-import balanced-match@1.0.2 OK for: brace-expansion@1.1.15 want: ^1.0.0
1916 silly placeDep ROOT concat-map@0.0.1 OK for: brace-expansion@1.1.15 want: 0.0.1
1917 silly placeDep node_modules/eslint-plugin-jsx-a11y brace-expansion@1.1.15 OK for: minimatch@3.1.5 want: ^1.1.7
1918 silly placeDep node_modules/eslint-plugin-jsx-a11y balanced-match@1.0.2 OK for: brace-expansion@1.1.15 want: ^1.0.0
1919 silly placeDep node_modules/eslint-plugin-react brace-expansion@1.1.15 OK for: minimatch@3.1.5 want: ^1.1.7
1920 silly placeDep node_modules/eslint-plugin-react balanced-match@1.0.2 OK for: brace-expansion@1.1.15 want: ^1.0.0
1921 verbose type version
1922 verbose stack react: No matching version found for react@19.0.0-rc-66a323a31e-20241107.
1922 verbose stack     at module.exports (/home/engine/.nvm/versions/node/v24.16.0/lib/node_modules/npm/node_modules/npm-pick-manifest/lib/index.js:210:23)
1922 verbose stack     at RegistryFetcher.manifest (/home/engine/.nvm/versions/node/v24.16.0/lib/node_modules/npm/node_modules/pacote/lib/registry.js:130:54)
1922 verbose stack     at async #fetchManifest (/home/engine/.nvm/versions/node/v24.16.0/lib/node_modules/npm/node_modules/@npmcli/arborist/lib/arborist/build-ideal-tree.js:1217:20)
1922 verbose stack     at async #nodeFromEdge (/home/engine/.nvm/versions/node/v24.16.0/lib/node_modules/npm/node_modules/@npmcli/arborist/lib/arborist/build-ideal-tree.js:1054:19)
1922 verbose stack     at async #buildDepStep (/home/engine/.nvm/versions/node/v24.16.0/lib/node_modules/npm/node_modules/@npmcli/arborist/lib/arborist/build-ideal-tree.js:917:11)
1922 verbose stack     at async Arborist.buildIdealTree (/home/engine/.nvm/versions/node/v24.16.0/lib/node_modules/npm/node_modules/@npmcli/arborist/lib/arborist/build-ideal-tree.js:170:7)
1922 verbose stack     at async Promise.all (index 1)
1922 verbose stack     at async Arborist.reify (/home/engine/.nvm/versions/node/v24.16.0/lib/node_modules/npm/node_modules/@npmcli/arborist/lib/arborist/reify.js:111:5)
1922 verbose stack     at async Install.exec (/home/engine/.nvm/versions/node/v24.16.0/lib/node_modules/npm/lib/commands/install.js:146:5)
1922 verbose stack     at async Npm.exec (/home/engine/.nvm/versions/node/v24.16.0/lib/node_modules/npm/lib/npm.js:193:9)
1923 error code ETARGET
1924 error notarget No matching version found for react@19.0.0-rc-66a323a31e-20241107.
1925 error notarget In most cases you or one of your dependencies are requesting a package version that doesn't exist.
1926 silly unfinished npm timer reify 1782635147712
1927 silly unfinished npm timer reify:loadTrees 1782635147712
1928 verbose cwd /home/team/shared/site
1929 verbose os Linux 6.1.158+
1930 verbose node v24.16.0
1931 verbose npm  v11.13.0
1932 verbose exit 1
1933 verbose code 1
1934 error A complete log of this run can be found in: /home/team/shared/site/.npm_cache/_logs/2026-06-28T08_25_47_517Z-debug-0.log
