0 verbose cli /home/engine/.nvm/versions/node/v24.16.0/bin/node /home/engine/.nvm/versions/node/v24.16.0/bin/npm
1 info using npm@11.13.0
2 info using node@v24.16.0
3 silly config load:file:/home/engine/.nvm/versions/node/v24.16.0/lib/node_modules/npm/npmrc
4 silly config load:file:/home/team/shared/site/.npmrc
5 silly config load:file:/home/agent-frontend-engineer/.npmrc
6 silly config load:file:/home/engine/.nvm/versions/node/v24.16.0/etc/npmrc
7 verbose title npm install
8 verbose argv "install" "--cache" ".npm_cache" "--legacy-peer-deps"
9 verbose logfile logs-max:10 dir:/home/team/shared/site/.npm_cache/_logs/2026-06-28T08_26_17_232Z-
10 verbose logfile /home/team/shared/site/.npm_cache/_logs/2026-06-28T08_26_17_232Z-debug-0.log
11 silly logfile done cleaning log files
12 silly packumentCache heap:3298820096 maxSize:824705024 maxEntrySize:412352512
13 silly idealTree buildDeps
14 silly fetch manifest next@15.0.3
15 silly packumentCache full:https://registry.npmjs.org/next cache-miss
16 http cache https://registry.npmjs.org/next 108ms (cache hit)
17 silly packumentCache full:https://registry.npmjs.org/next set size:30876914 disposed:false
18 silly fetch manifest react@latest
19 silly packumentCache full:https://registry.npmjs.org/react cache-miss
20 http cache https://registry.npmjs.org/react 78ms (cache hit)
21 silly packumentCache full:https://registry.npmjs.org/react set size:6742652 disposed:false
22 silly fetch manifest react-dom@latest
23 silly packumentCache full:https://registry.npmjs.org/react-dom cache-miss
24 http cache https://registry.npmjs.org/react-dom 31ms (cache hit)
25 silly packumentCache full:https://registry.npmjs.org/react-dom set size:9018326 disposed:false
26 silly fetch manifest framer-motion@latest
27 silly packumentCache full:https://registry.npmjs.org/framer-motion cache-miss
28 http cache https://registry.npmjs.org/framer-motion 36ms (cache hit)
29 silly packumentCache full:https://registry.npmjs.org/framer-motion set size:10022023 disposed:false
30 silly fetch manifest lucide-react@latest
31 silly packumentCache full:https://registry.npmjs.org/lucide-react cache-miss
32 http cache https://registry.npmjs.org/lucide-react 14ms (cache hit)
33 silly packumentCache full:https://registry.npmjs.org/lucide-react set size:2278647 disposed:false
34 silly fetch manifest vazirmatn@latest
35 silly packumentCache full:https://registry.npmjs.org/vazirmatn cache-miss
36 http cache https://registry.npmjs.org/vazirmatn 4ms (cache hit)
37 silly packumentCache full:https://registry.npmjs.org/vazirmatn set size:24918 disposed:false
38 silly fetch manifest typescript@latest
39 silly packumentCache full:https://registry.npmjs.org/typescript cache-miss
40 http cache https://registry.npmjs.org/typescript 44ms (cache hit)
41 silly packumentCache full:https://registry.npmjs.org/typescript set size:15410956 disposed:false
42 silly fetch manifest @types/node@latest
43 silly packumentCache full:https://registry.npmjs.org/@types%2fnode cache-miss
44 http cache https://registry.npmjs.org/@types%2fnode 25ms (cache hit)
45 silly packumentCache full:https://registry.npmjs.org/@types%2fnode set size:11062724 disposed:false
46 silly fetch manifest @types/react@latest
47 silly packumentCache full:https://registry.npmjs.org/@types%2freact cache-miss
48 http cache https://registry.npmjs.org/@types%2freact 10ms (cache hit)
49 silly packumentCache full:https://registry.npmjs.org/@types%2freact set size:2632776 disposed:false
50 silly fetch manifest @types/react-dom@latest
51 silly packumentCache full:https://registry.npmjs.org/@types%2freact-dom cache-miss
52 http cache https://registry.npmjs.org/@types%2freact-dom 5ms (cache hit)
53 silly packumentCache full:https://registry.npmjs.org/@types%2freact-dom set size:429026 disposed:false
54 silly fetch manifest postcss@latest
55 silly packumentCache full:https://registry.npmjs.org/postcss cache-miss
56 http cache https://registry.npmjs.org/postcss 5ms (cache hit)
57 silly packumentCache full:https://registry.npmjs.org/postcss set size:723316 disposed:false
58 silly fetch manifest tailwindcss@latest
59 silly packumentCache full:https://registry.npmjs.org/tailwindcss cache-miss
60 http cache https://registry.npmjs.org/tailwindcss 23ms (cache hit)
61 silly packumentCache full:https://registry.npmjs.org/tailwindcss set size:10710076 disposed:false
62 silly fetch manifest eslint@latest
63 silly packumentCache full:https://registry.npmjs.org/eslint cache-miss
64 http cache https://registry.npmjs.org/eslint 9ms (cache hit)
65 silly packumentCache full:https://registry.npmjs.org/eslint set size:2019015 disposed:false
66 silly fetch manifest eslint-config-next@15.0.3
67 silly packumentCache full:https://registry.npmjs.org/eslint-config-next cache-miss
68 http cache https://registry.npmjs.org/eslint-config-next 38ms (cache hit)
69 silly packumentCache full:https://registry.npmjs.org/eslint-config-next set size:6845111 disposed:false
70 silly placeDep ROOT @types/node@26.0.1 OK for: homeino-studio@0.1.0 want: latest
71 silly placeDep ROOT @types/react@19.2.17 OK for: homeino-studio@0.1.0 want: latest
72 silly placeDep ROOT @types/react-dom@19.2.3 OK for: homeino-studio@0.1.0 want: latest
73 silly placeDep ROOT eslint@10.6.0 OK for: homeino-studio@0.1.0 want: latest
74 silly placeDep ROOT eslint-config-next@15.0.3 OK for: homeino-studio@0.1.0 want: 15.0.3
75 silly placeDep ROOT framer-motion@12.42.0 OK for: homeino-studio@0.1.0 want: latest
76 silly placeDep ROOT lucide-react@1.21.0 OK for: homeino-studio@0.1.0 want: latest
77 silly placeDep ROOT next@15.0.3 OK for: homeino-studio@0.1.0 want: 15.0.3
78 silly placeDep ROOT postcss@8.5.15 OK for: homeino-studio@0.1.0 want: latest
79 silly placeDep ROOT react@19.2.7 OK for: homeino-studio@0.1.0 want: latest
80 silly placeDep ROOT react-dom@19.2.7 OK for: homeino-studio@0.1.0 want: latest
81 silly placeDep ROOT tailwindcss@4.3.1 OK for: homeino-studio@0.1.0 want: latest
82 silly placeDep ROOT typescript@6.0.3 OK for: homeino-studio@0.1.0 want: latest
83 silly placeDep ROOT vazirmatn@33.0.3 OK for: homeino-studio@0.1.0 want: latest
84 silly fetch manifest undici-types@~8.3.0
85 silly packumentCache full:https://registry.npmjs.org/undici-types cache-miss
86 http cache https://registry.npmjs.org/undici-types 5ms (cache hit)
87 silly packumentCache full:https://registry.npmjs.org/undici-types set size:234918 disposed:false
88 silly fetch manifest csstype@^3.2.2
89 silly packumentCache full:https://registry.npmjs.org/csstype cache-miss
90 http cache https://registry.npmjs.org/csstype 3ms (cache hit)
91 silly packumentCache full:https://registry.npmjs.org/csstype set size:274189 disposed:false
92 silly fetch manifest @eslint-community/eslint-utils@^4.8.0
93 silly packumentCache full:https://registry.npmjs.org/@eslint-community%2feslint-utils cache-miss
94 http cache https://registry.npmjs.org/@eslint-community%2feslint-utils 2ms (cache hit)
95 silly packumentCache full:https://registry.npmjs.org/@eslint-community%2feslint-utils set size:93301 disposed:false
96 silly fetch manifest @eslint-community/regexpp@^4.12.2
97 silly packumentCache full:https://registry.npmjs.org/@eslint-community%2fregexpp cache-miss
98 http cache https://registry.npmjs.org/@eslint-community%2fregexpp 3ms (cache hit)
99 silly packumentCache full:https://registry.npmjs.org/@eslint-community%2fregexpp set size:106609 disposed:false
100 silly fetch manifest @eslint/config-array@^0.23.5
101 silly packumentCache full:https://registry.npmjs.org/@eslint%2fconfig-array cache-miss
102 http cache https://registry.npmjs.org/@eslint%2fconfig-array 2ms (cache hit)
103 silly packumentCache full:https://registry.npmjs.org/@eslint%2fconfig-array set size:74140 disposed:false
104 silly fetch manifest @eslint/config-helpers@^0.6.0
105 silly packumentCache full:https://registry.npmjs.org/@eslint%2fconfig-helpers cache-miss
106 http cache https://registry.npmjs.org/@eslint%2fconfig-helpers 2ms (cache hit)
107 silly packumentCache full:https://registry.npmjs.org/@eslint%2fconfig-helpers set size:52610 disposed:false
108 silly fetch manifest @eslint/core@^1.2.1
109 silly packumentCache full:https://registry.npmjs.org/@eslint%2fcore cache-miss
110 http cache https://registry.npmjs.org/@eslint%2fcore 3ms (cache hit)
111 silly packumentCache full:https://registry.npmjs.org/@eslint%2fcore set size:58023 disposed:false
112 silly fetch manifest @eslint/plugin-kit@^0.7.2
113 silly packumentCache full:https://registry.npmjs.org/@eslint%2fplugin-kit cache-miss
114 http cache https://registry.npmjs.org/@eslint%2fplugin-kit 3ms (cache hit)
115 silly packumentCache full:https://registry.npmjs.org/@eslint%2fplugin-kit set size:76057 disposed:false
116 silly fetch manifest @humanfs/node@^0.16.6
117 silly packumentCache full:https://registry.npmjs.org/@humanfs%2fnode cache-miss
118 http cache https://registry.npmjs.org/@humanfs%2fnode 2ms (cache hit)
119 silly packumentCache full:https://registry.npmjs.org/@humanfs%2fnode set size:39629 disposed:false
120 silly fetch manifest @humanwhocodes/module-importer@^1.0.1
121 silly packumentCache full:https://registry.npmjs.org/@humanwhocodes%2fmodule-importer cache-miss
122 http cache https://registry.npmjs.org/@humanwhocodes%2fmodule-importer 2ms (cache hit)
123 silly packumentCache full:https://registry.npmjs.org/@humanwhocodes%2fmodule-importer set size:9516 disposed:false
124 silly fetch manifest @humanwhocodes/retry@^0.4.2
125 silly packumentCache full:https://registry.npmjs.org/@humanwhocodes%2fretry cache-miss
126 http cache https://registry.npmjs.org/@humanwhocodes%2fretry 2ms (cache hit)
127 silly packumentCache full:https://registry.npmjs.org/@humanwhocodes%2fretry set size:42348 disposed:false
128 silly fetch manifest @types/estree@^1.0.6
129 silly packumentCache full:https://registry.npmjs.org/@types%2festree cache-miss
130 http cache https://registry.npmjs.org/@types%2festree 2ms (cache hit)
131 silly packumentCache full:https://registry.npmjs.org/@types%2festree set size:76072 disposed:false
132 silly fetch manifest ajv@^6.14.0
133 silly packumentCache full:https://registry.npmjs.org/ajv cache-miss
134 http cache https://registry.npmjs.org/ajv 5ms (cache hit)
135 silly packumentCache full:https://registry.npmjs.org/ajv set size:1142658 disposed:false
136 silly fetch manifest cross-spawn@^7.0.6
137 silly packumentCache full:https://registry.npmjs.org/cross-spawn cache-miss
138 http cache https://registry.npmjs.org/cross-spawn 3ms (cache hit)
139 silly packumentCache full:https://registry.npmjs.org/cross-spawn set size:109066 disposed:false
140 silly fetch manifest debug@^4.3.2
141 silly packumentCache full:https://registry.npmjs.org/debug cache-miss
142 http cache https://registry.npmjs.org/debug 3ms (cache hit)
143 silly packumentCache full:https://registry.npmjs.org/debug set size:195840 disposed:false
144 silly fetch manifest escape-string-regexp@^4.0.0
145 silly packumentCache full:https://registry.npmjs.org/escape-string-regexp cache-miss
146 http cache https://registry.npmjs.org/escape-string-regexp 2ms (cache hit)
147 silly packumentCache full:https://registry.npmjs.org/escape-string-regexp set size:22244 disposed:false
148 silly fetch manifest eslint-scope@^9.1.2
149 silly packumentCache full:https://registry.npmjs.org/eslint-scope cache-miss
150 http cache https://registry.npmjs.org/eslint-scope 3ms (cache hit)
151 silly packumentCache full:https://registry.npmjs.org/eslint-scope set size:98867 disposed:false
152 silly fetch manifest eslint-visitor-keys@^5.0.1
153 silly packumentCache full:https://registry.npmjs.org/eslint-visitor-keys cache-miss
154 http cache https://registry.npmjs.org/eslint-visitor-keys 2ms (cache hit)
155 silly packumentCache full:https://registry.npmjs.org/eslint-visitor-keys set size:69949 disposed:false
156 silly fetch manifest espree@^11.2.0
157 silly packumentCache full:https://registry.npmjs.org/espree cache-miss
158 http cache https://registry.npmjs.org/espree 2ms (cache hit)
159 silly packumentCache full:https://registry.npmjs.org/espree set size:326080 disposed:false
160 silly fetch manifest esquery@^1.7.0
161 silly packumentCache full:https://registry.npmjs.org/esquery cache-miss
162 http cache https://registry.npmjs.org/esquery 2ms (cache hit)
163 silly packumentCache full:https://registry.npmjs.org/esquery set size:48888 disposed:false
164 silly fetch manifest esutils@^2.0.2
165 silly packumentCache full:https://registry.npmjs.org/esutils cache-miss
166 http cache https://registry.npmjs.org/esutils 3ms (cache hit)
167 silly packumentCache full:https://registry.npmjs.org/esutils set size:29522 disposed:false
168 silly fetch manifest fast-deep-equal@^3.1.3
169 silly packumentCache full:https://registry.npmjs.org/fast-deep-equal cache-miss
170 http cache https://registry.npmjs.org/fast-deep-equal 2ms (cache hit)
171 silly packumentCache full:https://registry.npmjs.org/fast-deep-equal set size:48634 disposed:false
172 silly fetch manifest file-entry-cache@^8.0.0
173 silly packumentCache full:https://registry.npmjs.org/file-entry-cache cache-miss
174 http cache https://registry.npmjs.org/file-entry-cache 2ms (cache hit)
175 silly packumentCache full:https://registry.npmjs.org/file-entry-cache set size:127645 disposed:false
176 silly fetch manifest find-up@^5.0.0
177 silly packumentCache full:https://registry.npmjs.org/find-up cache-miss
178 http cache https://registry.npmjs.org/find-up 2ms (cache hit)
179 silly packumentCache full:https://registry.npmjs.org/find-up set size:42620 disposed:false
180 silly fetch manifest glob-parent@^6.0.2
181 silly packumentCache full:https://registry.npmjs.org/glob-parent cache-miss
182 http cache https://registry.npmjs.org/glob-parent 3ms (cache hit)
183 silly packumentCache full:https://registry.npmjs.org/glob-parent set size:42445 disposed:false
184 silly fetch manifest ignore@^5.2.0
185 silly packumentCache full:https://registry.npmjs.org/ignore cache-miss
186 http cache https://registry.npmjs.org/ignore 2ms (cache hit)
187 silly packumentCache full:https://registry.npmjs.org/ignore set size:237380 disposed:false
188 silly fetch manifest imurmurhash@^0.1.4
189 silly packumentCache full:https://registry.npmjs.org/imurmurhash cache-miss
190 http cache https://registry.npmjs.org/imurmurhash 2ms (cache hit)
191 silly packumentCache full:https://registry.npmjs.org/imurmurhash set size:35819 disposed:false
192 silly fetch manifest is-glob@^4.0.0
193 silly packumentCache full:https://registry.npmjs.org/is-glob cache-miss
194 http cache https://registry.npmjs.org/is-glob 2ms (cache hit)
195 silly packumentCache full:https://registry.npmjs.org/is-glob set size:40530 disposed:false
196 silly fetch manifest json-stable-stringify-without-jsonify@^1.0.1
197 silly packumentCache full:https://registry.npmjs.org/json-stable-stringify-without-jsonify cache-miss
198 http cache https://registry.npmjs.org/json-stable-stringify-without-jsonify 2ms (cache hit)
199 silly packumentCache full:https://registry.npmjs.org/json-stable-stringify-without-jsonify set size:5808 disposed:false
200 silly fetch manifest minimatch@^10.2.4
201 silly packumentCache full:https://registry.npmjs.org/minimatch cache-miss
202 http cache https://registry.npmjs.org/minimatch 3ms (cache hit)
203 silly packumentCache full:https://registry.npmjs.org/minimatch set size:375282 disposed:false
204 silly fetch manifest natural-compare@^1.4.0
205 silly packumentCache full:https://registry.npmjs.org/natural-compare cache-miss
206 http cache https://registry.npmjs.org/natural-compare 3ms (cache hit)
207 silly packumentCache full:https://registry.npmjs.org/natural-compare set size:7852 disposed:false
208 silly fetch manifest optionator@^0.9.3
209 silly packumentCache full:https://registry.npmjs.org/optionator cache-miss
210 http cache https://registry.npmjs.org/optionator 3ms (cache hit)
211 silly packumentCache full:https://registry.npmjs.org/optionator set size:49651 disposed:false
212 silly fetch manifest eslint-plugin-react@^7.35.0
213 silly packumentCache full:https://registry.npmjs.org/eslint-plugin-react cache-miss
214 http cache https://registry.npmjs.org/eslint-plugin-react 5ms (cache hit)
215 silly packumentCache full:https://registry.npmjs.org/eslint-plugin-react set size:646827 disposed:false
216 silly fetch manifest eslint-plugin-import@^2.31.0
217 silly packumentCache full:https://registry.npmjs.org/eslint-plugin-import cache-miss
218 http cache https://registry.npmjs.org/eslint-plugin-import 4ms (cache hit)
219 silly packumentCache full:https://registry.npmjs.org/eslint-plugin-import set size:484928 disposed:false
220 silly fetch manifest eslint-plugin-jsx-a11y@^6.10.0
221 silly packumentCache full:https://registry.npmjs.org/eslint-plugin-jsx-a11y cache-miss
222 http cache https://registry.npmjs.org/eslint-plugin-jsx-a11y 3ms (cache hit)
223 silly packumentCache full:https://registry.npmjs.org/eslint-plugin-jsx-a11y set size:280052 disposed:false
224 silly fetch manifest @rushstack/eslint-patch@^1.10.3
225 silly packumentCache full:https://registry.npmjs.org/@rushstack%2feslint-patch cache-miss
226 http cache https://registry.npmjs.org/@rushstack%2feslint-patch 3ms (cache hit)
227 silly packumentCache full:https://registry.npmjs.org/@rushstack%2feslint-patch set size:114289 disposed:false
228 silly fetch manifest @next/eslint-plugin-next@15.0.3
229 silly packumentCache full:https://registry.npmjs.org/@next%2feslint-plugin-next cache-miss
230 http cache https://registry.npmjs.org/@next%2feslint-plugin-next 17ms (cache hit)
231 silly packumentCache full:https://registry.npmjs.org/@next%2feslint-plugin-next set size:6895527 disposed:false
232 silly fetch manifest @typescript-eslint/parser@^5.4.2 || ^6.0.0 || ^7.0.0 || ^8.0.0
233 silly packumentCache full:https://registry.npmjs.org/@typescript-eslint%2fparser cache-miss
234 http cache https://registry.npmjs.org/@typescript-eslint%2fparser 37ms (cache hit)
235 silly packumentCache full:https://registry.npmjs.org/@typescript-eslint%2fparser set size:15323179 disposed:false
236 silly fetch manifest eslint-plugin-react-hooks@^5.0.0
237 silly packumentCache full:https://registry.npmjs.org/eslint-plugin-react-hooks cache-miss
238 http cache https://registry.npmjs.org/eslint-plugin-react-hooks 17ms (cache hit)
239 silly packumentCache full:https://registry.npmjs.org/eslint-plugin-react-hooks set size:7490786 disposed:false
240 silly fetch manifest eslint-import-resolver-node@^0.3.6
241 silly packumentCache full:https://registry.npmjs.org/eslint-import-resolver-node cache-miss
242 http cache https://registry.npmjs.org/eslint-import-resolver-node 26ms (cache hit)
243 silly packumentCache full:https://registry.npmjs.org/eslint-import-resolver-node set size:39118 disposed:false
244 silly fetch manifest @typescript-eslint/eslint-plugin@^5.4.2 || ^6.0.0 || ^7.0.0 || ^8.0.0
245 silly packumentCache full:https://registry.npmjs.org/@typescript-eslint%2feslint-plugin cache-miss
246 http cache https://registry.npmjs.org/@typescript-eslint%2feslint-plugin 37ms (cache hit)
247 silly packumentCache full:https://registry.npmjs.org/@typescript-eslint%2feslint-plugin set size:18110281 disposed:false
248 silly fetch manifest eslint-import-resolver-typescript@^3.5.2
249 silly packumentCache full:https://registry.npmjs.org/eslint-import-resolver-typescript cache-miss
250 http cache https://registry.npmjs.org/eslint-import-resolver-typescript 4ms (cache hit)
251 silly packumentCache full:https://registry.npmjs.org/eslint-import-resolver-typescript set size:337167 disposed:false
252 silly fetch manifest motion-dom@^12.42.0
253 silly packumentCache full:https://registry.npmjs.org/motion-dom cache-miss
254 http cache https://registry.npmjs.org/motion-dom 3ms (cache hit)
255 silly packumentCache full:https://registry.npmjs.org/motion-dom set size:280997 disposed:false
256 silly fetch manifest motion-utils@^12.39.0
257 silly packumentCache full:https://registry.npmjs.org/motion-utils cache-miss
258 http cache https://registry.npmjs.org/motion-utils 2ms (cache hit)
259 silly packumentCache full:https://registry.npmjs.org/motion-utils set size:66443 disposed:false
260 silly fetch manifest tslib@^2.4.0
261 silly packumentCache full:https://registry.npmjs.org/tslib cache-miss
262 http cache https://registry.npmjs.org/tslib 2ms (cache hit)
263 silly packumentCache full:https://registry.npmjs.org/tslib set size:108843 disposed:false
264 silly fetch manifest busboy@1.6.0
265 silly packumentCache full:https://registry.npmjs.org/busboy cache-miss
266 http cache https://registry.npmjs.org/busboy 2ms (cache hit)
267 silly packumentCache full:https://registry.npmjs.org/busboy set size:78901 disposed:false
268 silly fetch manifest postcss@8.4.31
269 silly packumentCache full:https://registry.npmjs.org/postcss cache-hit
270 silly fetch manifest @next/env@15.0.3
271 silly packumentCache full:https://registry.npmjs.org/@next%2fenv cache-miss
272 http cache https://registry.npmjs.org/@next%2fenv 15ms (cache hit)
273 silly packumentCache full:https://registry.npmjs.org/@next%2fenv set size:7382158 disposed:false
274 silly fetch manifest styled-jsx@5.1.6
275 silly packumentCache full:https://registry.npmjs.org/styled-jsx cache-miss
276 http cache https://registry.npmjs.org/styled-jsx 16ms (cache hit)
277 silly packumentCache full:https://registry.npmjs.org/styled-jsx set size:436113 disposed:false
278 silly fetch manifest @swc/counter@0.1.3
279 silly packumentCache full:https://registry.npmjs.org/@swc%2fcounter cache-miss
280 http cache https://registry.npmjs.org/@swc%2fcounter 1ms (cache hit)
281 silly packumentCache full:https://registry.npmjs.org/@swc%2fcounter set size:7199 disposed:false
282 silly fetch manifest @swc/helpers@0.5.13
283 silly packumentCache full:https://registry.npmjs.org/@swc%2fhelpers cache-miss
284 http cache https://registry.npmjs.org/@swc%2fhelpers 4ms (cache hit)
285 silly packumentCache full:https://registry.npmjs.org/@swc%2fhelpers set size:775458 disposed:false
286 silly fetch manifest caniuse-lite@^1.0.30001579
287 silly packumentCache full:https://registry.npmjs.org/caniuse-lite cache-miss
288 http cache https://registry.npmjs.org/caniuse-lite 6ms (cache hit)
289 silly packumentCache full:https://registry.npmjs.org/caniuse-lite set size:2297040 disposed:false
290 silly fetch manifest sharp@^0.33.5
291 silly packumentCache full:https://registry.npmjs.org/sharp cache-miss
292 http cache https://registry.npmjs.org/sharp 4ms (cache hit)
293 silly packumentCache full:https://registry.npmjs.org/sharp set size:1178623 disposed:false
294 silly fetch manifest @next/swc-darwin-x64@15.0.3
295 silly packumentCache full:https://registry.npmjs.org/@next%2fswc-darwin-x64 cache-miss
296 http cache https://registry.npmjs.org/@next%2fswc-darwin-x64 12ms (cache hit)
297 silly packumentCache full:https://registry.npmjs.org/@next%2fswc-darwin-x64 set size:5308154 disposed:false
298 silly fetch manifest @next/swc-darwin-arm64@15.0.3
299 silly packumentCache full:https://registry.npmjs.org/@next%2fswc-darwin-arm64 cache-miss
300 http cache https://registry.npmjs.org/@next%2fswc-darwin-arm64 12ms (cache hit)
301 silly packumentCache full:https://registry.npmjs.org/@next%2fswc-darwin-arm64 set size:5366064 disposed:false
302 silly fetch manifest @next/swc-linux-x64-gnu@15.0.3
303 silly packumentCache full:https://registry.npmjs.org/@next%2fswc-linux-x64-gnu cache-miss
304 http cache https://registry.npmjs.org/@next%2fswc-linux-x64-gnu 13ms (cache hit)
305 silly packumentCache full:https://registry.npmjs.org/@next%2fswc-linux-x64-gnu set size:5416720 disposed:false
306 silly fetch manifest @next/swc-linux-x64-musl@15.0.3
307 silly packumentCache full:https://registry.npmjs.org/@next%2fswc-linux-x64-musl cache-miss
308 http cache https://registry.npmjs.org/@next%2fswc-linux-x64-musl 30ms (cache hit)
309 silly packumentCache full:https://registry.npmjs.org/@next%2fswc-linux-x64-musl set size:5172646 disposed:false
310 silly fetch manifest @next/swc-win32-x64-msvc@15.0.3
311 silly packumentCache full:https://registry.npmjs.org/@next%2fswc-win32-x64-msvc cache-miss
312 http cache https://registry.npmjs.org/@next%2fswc-win32-x64-msvc 24ms (cache hit)
313 silly packumentCache full:https://registry.npmjs.org/@next%2fswc-win32-x64-msvc set size:5388171 disposed:false
314 silly fetch manifest @next/swc-linux-arm64-gnu@15.0.3
315 silly packumentCache full:https://registry.npmjs.org/@next%2fswc-linux-arm64-gnu cache-miss
316 http cache https://registry.npmjs.org/@next%2fswc-linux-arm64-gnu 13ms (cache hit)
317 silly packumentCache full:https://registry.npmjs.org/@next%2fswc-linux-arm64-gnu set size:5220473 disposed:false
318 silly fetch manifest @next/swc-linux-arm64-musl@15.0.3
319 silly packumentCache full:https://registry.npmjs.org/@next%2fswc-linux-arm64-musl cache-miss
320 http cache https://registry.npmjs.org/@next%2fswc-linux-arm64-musl 13ms (cache hit)
321 silly packumentCache full:https://registry.npmjs.org/@next%2fswc-linux-arm64-musl set size:5238804 disposed:false
322 silly fetch manifest @next/swc-win32-arm64-msvc@15.0.3
323 silly packumentCache full:https://registry.npmjs.org/@next%2fswc-win32-arm64-msvc cache-miss
324 http cache https://registry.npmjs.org/@next%2fswc-win32-arm64-msvc 13ms (cache hit)
325 silly packumentCache full:https://registry.npmjs.org/@next%2fswc-win32-arm64-msvc set size:5202061 disposed:false
326 silly fetch manifest nanoid@^3.3.12
327 silly packumentCache full:https://registry.npmjs.org/nanoid cache-miss
328 http cache https://registry.npmjs.org/nanoid 4ms (cache hit)
329 silly packumentCache full:https://registry.npmjs.org/nanoid set size:330515 disposed:false
330 silly fetch manifest picocolors@^1.1.1
331 silly packumentCache full:https://registry.npmjs.org/picocolors cache-miss
332 http cache https://registry.npmjs.org/picocolors 2ms (cache hit)
333 silly packumentCache full:https://registry.npmjs.org/picocolors set size:16648 disposed:false
334 silly fetch manifest source-map-js@^1.2.1
335 silly packumentCache full:https://registry.npmjs.org/source-map-js cache-miss
336 http cache https://registry.npmjs.org/source-map-js 2ms (cache hit)
337 silly packumentCache full:https://registry.npmjs.org/source-map-js set size:62640 disposed:false
338 silly fetch manifest scheduler@^0.27.0
339 silly packumentCache full:https://registry.npmjs.org/scheduler cache-miss
340 http fetch GET 200 https://registry.npmjs.org/scheduler 299ms (cache miss)
341 silly packumentCache full:https://registry.npmjs.org/scheduler set size:undefined disposed:false
342 silly placeDep ROOT undici-types@8.3.0 OK for: @types/node@26.0.1 want: ~8.3.0
343 silly placeDep ROOT csstype@3.2.3 OK for: @types/react@19.2.17 want: ^3.2.2
344 silly placeDep ROOT @eslint-community/eslint-utils@4.9.1 OK for: eslint@10.6.0 want: ^4.8.0
345 silly placeDep ROOT @eslint-community/regexpp@4.12.2 OK for: eslint@10.6.0 want: ^4.12.2
346 silly placeDep ROOT @eslint/config-array@0.23.5 OK for: eslint@10.6.0 want: ^0.23.5
347 silly placeDep ROOT @eslint/config-helpers@0.6.0 OK for: eslint@10.6.0 want: ^0.6.0
348 silly placeDep ROOT @eslint/core@1.2.1 OK for: eslint@10.6.0 want: ^1.2.1
349 silly placeDep ROOT @eslint/plugin-kit@0.7.2 OK for: eslint@10.6.0 want: ^0.7.2
350 silly placeDep ROOT @humanfs/node@0.16.8 OK for: eslint@10.6.0 want: ^0.16.6
351 silly placeDep ROOT @humanwhocodes/module-importer@1.0.1 OK for: eslint@10.6.0 want: ^1.0.1
352 silly placeDep ROOT @humanwhocodes/retry@0.4.3 OK for: eslint@10.6.0 want: ^0.4.2
353 silly placeDep ROOT @types/estree@1.0.9 OK for: eslint@10.6.0 want: ^1.0.6
354 silly placeDep ROOT ajv@6.15.0 OK for: eslint@10.6.0 want: ^6.14.0
355 silly placeDep ROOT cross-spawn@7.0.6 OK for: eslint@10.6.0 want: ^7.0.6
356 silly placeDep ROOT debug@4.4.3 OK for: eslint@10.6.0 want: ^4.3.2
357 silly placeDep ROOT escape-string-regexp@4.0.0 OK for: eslint@10.6.0 want: ^4.0.0
358 silly placeDep ROOT eslint-scope@9.1.2 OK for: eslint@10.6.0 want: ^9.1.2
359 silly placeDep ROOT eslint-visitor-keys@5.0.1 OK for: eslint@10.6.0 want: ^5.0.1
360 silly placeDep ROOT espree@11.2.0 OK for: eslint@10.6.0 want: ^11.2.0
361 silly placeDep ROOT esquery@1.7.0 OK for: eslint@10.6.0 want: ^1.7.0
362 silly placeDep ROOT esutils@2.0.3 OK for: eslint@10.6.0 want: ^2.0.2
363 silly placeDep ROOT fast-deep-equal@3.1.3 OK for: eslint@10.6.0 want: ^3.1.3
364 silly placeDep ROOT file-entry-cache@8.0.0 OK for: eslint@10.6.0 want: ^8.0.0
365 silly placeDep ROOT find-up@5.0.0 OK for: eslint@10.6.0 want: ^5.0.0
366 silly placeDep ROOT glob-parent@6.0.2 OK for: eslint@10.6.0 want: ^6.0.2
367 silly placeDep ROOT ignore@5.3.2 OK for: eslint@10.6.0 want: ^5.2.0
368 silly placeDep ROOT imurmurhash@0.1.4 OK for: eslint@10.6.0 want: ^0.1.4
369 silly placeDep ROOT is-glob@4.0.3 OK for: eslint@10.6.0 want: ^4.0.0
370 silly placeDep ROOT json-stable-stringify-without-jsonify@1.0.1 OK for: eslint@10.6.0 want: ^1.0.1
371 silly placeDep ROOT minimatch@10.2.5 OK for: eslint@10.6.0 want: ^10.2.4
372 silly placeDep ROOT natural-compare@1.4.0 OK for: eslint@10.6.0 want: ^1.4.0
373 silly placeDep ROOT optionator@0.9.4 OK for: eslint@10.6.0 want: ^0.9.3
374 silly fetch manifest eslint-visitor-keys@^3.4.3
375 silly packumentCache full:https://registry.npmjs.org/eslint-visitor-keys cache-hit
376 silly fetch manifest @eslint/object-schema@^3.0.5
377 silly packumentCache full:https://registry.npmjs.org/@eslint%2fobject-schema cache-miss
378 http cache https://registry.npmjs.org/@eslint%2fobject-schema 3ms (cache hit)
379 silly packumentCache full:https://registry.npmjs.org/@eslint%2fobject-schema set size:38535 disposed:false
380 silly fetch manifest debug@^4.3.1
381 silly packumentCache full:https://registry.npmjs.org/debug cache-hit
382 silly fetch manifest @types/json-schema@^7.0.15
383 silly packumentCache full:https://registry.npmjs.org/@types%2fjson-schema cache-miss
384 http cache https://registry.npmjs.org/@types%2fjson-schema 1ms (cache hit)
385 silly packumentCache full:https://registry.npmjs.org/@types%2fjson-schema set size:44704 disposed:false
386 silly fetch manifest levn@^0.4.1
387 silly packumentCache full:https://registry.npmjs.org/levn cache-miss
388 http cache https://registry.npmjs.org/levn 2ms (cache hit)
389 silly packumentCache full:https://registry.npmjs.org/levn set size:28223 disposed:false
390 silly fetch manifest @humanwhocodes/retry@^0.4.0
391 silly packumentCache full:https://registry.npmjs.org/@humanwhocodes%2fretry cache-hit
392 silly fetch manifest @humanfs/core@^0.19.2
393 silly packumentCache full:https://registry.npmjs.org/@humanfs%2fcore cache-miss
394 http cache https://registry.npmjs.org/@humanfs%2fcore 2ms (cache hit)
395 silly packumentCache full:https://registry.npmjs.org/@humanfs%2fcore set size:37261 disposed:false
396 silly fetch manifest @humanfs/types@^0.15.0
397 silly packumentCache full:https://registry.npmjs.org/@humanfs%2ftypes cache-miss
398 http cache https://registry.npmjs.org/@humanfs%2ftypes 2ms (cache hit)
399 silly packumentCache full:https://registry.npmjs.org/@humanfs%2ftypes set size:19212 disposed:false
400 silly fetch manifest uri-js@^4.2.2
401 silly packumentCache full:https://registry.npmjs.org/uri-js cache-miss
402 http cache https://registry.npmjs.org/uri-js 2ms (cache hit)
403 silly packumentCache full:https://registry.npmjs.org/uri-js set size:42559 disposed:false
404 silly fetch manifest fast-deep-equal@^3.1.1
405 silly packumentCache full:https://registry.npmjs.org/fast-deep-equal cache-hit
406 silly fetch manifest json-schema-traverse@^0.4.1
407 silly packumentCache full:https://registry.npmjs.org/json-schema-traverse cache-miss
408 http cache https://registry.npmjs.org/json-schema-traverse 2ms (cache hit)
409 silly packumentCache full:https://registry.npmjs.org/json-schema-traverse set size:23537 disposed:false
410 silly fetch manifest fast-json-stable-stringify@^2.0.0
411 silly packumentCache full:https://registry.npmjs.org/fast-json-stable-stringify cache-miss
412 http cache https://registry.npmjs.org/fast-json-stable-stringify 2ms (cache hit)
413 silly packumentCache full:https://registry.npmjs.org/fast-json-stable-stringify set size:11337 disposed:false
414 silly fetch manifest which@^2.0.1
415 silly packumentCache full:https://registry.npmjs.org/which cache-miss
416 http cache https://registry.npmjs.org/which 2ms (cache hit)
417 silly packumentCache full:https://registry.npmjs.org/which set size:70143 disposed:false
418 silly fetch manifest path-key@^3.1.0
419 silly packumentCache full:https://registry.npmjs.org/path-key cache-miss
420 http cache https://registry.npmjs.org/path-key 2ms (cache hit)
421 silly packumentCache full:https://registry.npmjs.org/path-key set size:16975 disposed:false
422 silly fetch manifest shebang-command@^2.0.0
423 silly packumentCache full:https://registry.npmjs.org/shebang-command cache-miss
424 http cache https://registry.npmjs.org/shebang-command 2ms (cache hit)
425 silly packumentCache full:https://registry.npmjs.org/shebang-command set size:8525 disposed:false
426 silly fetch manifest ms@^2.1.3
427 silly packumentCache full:https://registry.npmjs.org/ms cache-miss
428 http cache https://registry.npmjs.org/ms 2ms (cache hit)
429 silly packumentCache full:https://registry.npmjs.org/ms set size:92208 disposed:false
430 silly fetch manifest @types/esrecurse@^4.3.1
431 silly packumentCache full:https://registry.npmjs.org/@types%2fesrecurse cache-miss
432 http cache https://registry.npmjs.org/@types%2fesrecurse 2ms (cache hit)
433 silly packumentCache full:https://registry.npmjs.org/@types%2fesrecurse set size:3878 disposed:false
434 silly fetch manifest esrecurse@^4.3.0
435 silly packumentCache full:https://registry.npmjs.org/esrecurse cache-miss
436 http cache https://registry.npmjs.org/esrecurse 3ms (cache hit)
437 silly packumentCache full:https://registry.npmjs.org/esrecurse set size:29005 disposed:false
438 silly fetch manifest estraverse@^5.2.0
439 silly packumentCache full:https://registry.npmjs.org/estraverse cache-miss
440 http cache https://registry.npmjs.org/estraverse 1ms (cache hit)
441 silly packumentCache full:https://registry.npmjs.org/estraverse set size:62412 disposed:false
442 silly fetch manifest acorn@^8.16.0
443 silly packumentCache full:https://registry.npmjs.org/acorn cache-miss
444 http cache https://registry.npmjs.org/acorn 3ms (cache hit)
445 silly packumentCache full:https://registry.npmjs.org/acorn set size:381366 disposed:false
446 silly fetch manifest acorn-jsx@^5.3.2
447 silly packumentCache full:https://registry.npmjs.org/acorn-jsx cache-miss
448 http cache https://registry.npmjs.org/acorn-jsx 2ms (cache hit)
449 silly packumentCache full:https://registry.npmjs.org/acorn-jsx set size:71068 disposed:false
450 silly fetch manifest estraverse@^5.1.0
451 silly packumentCache full:https://registry.npmjs.org/estraverse cache-hit
452 silly fetch manifest flat-cache@^4.0.0
453 silly packumentCache full:https://registry.npmjs.org/flat-cache cache-miss
454 http cache https://registry.npmjs.org/flat-cache 2ms (cache hit)
455 silly packumentCache full:https://registry.npmjs.org/flat-cache set size:160061 disposed:false
456 silly fetch manifest locate-path@^6.0.0
457 silly packumentCache full:https://registry.npmjs.org/locate-path cache-miss
458 http cache https://registry.npmjs.org/locate-path 2ms (cache hit)
459 silly packumentCache full:https://registry.npmjs.org/locate-path set size:31329 disposed:false
460 silly fetch manifest path-exists@^4.0.0
461 silly packumentCache full:https://registry.npmjs.org/path-exists cache-miss
462 http cache https://registry.npmjs.org/path-exists 2ms (cache hit)
463 silly packumentCache full:https://registry.npmjs.org/path-exists set size:13704 disposed:false
464 silly fetch manifest is-glob@^4.0.3
465 silly packumentCache full:https://registry.npmjs.org/is-glob cache-hit
466 silly fetch manifest is-extglob@^2.1.1
467 silly packumentCache full:https://registry.npmjs.org/is-extglob cache-miss
468 http cache https://registry.npmjs.org/is-extglob 1ms (cache hit)
469 silly packumentCache full:https://registry.npmjs.org/is-extglob set size:11766 disposed:false
470 silly fetch manifest brace-expansion@^5.0.5
471 silly packumentCache full:https://registry.npmjs.org/brace-expansion cache-miss
472 http cache https://registry.npmjs.org/brace-expansion 2ms (cache hit)
473 silly packumentCache full:https://registry.npmjs.org/brace-expansion set size:72152 disposed:false
474 silly fetch manifest prelude-ls@^1.2.1
475 silly packumentCache full:https://registry.npmjs.org/prelude-ls cache-miss
476 http cache https://registry.npmjs.org/prelude-ls 2ms (cache hit)
477 silly packumentCache full:https://registry.npmjs.org/prelude-ls set size:25777 disposed:false
478 silly fetch manifest deep-is@^0.1.3
479 silly packumentCache full:https://registry.npmjs.org/deep-is cache-miss
480 http cache https://registry.npmjs.org/deep-is 2ms (cache hit)
481 silly packumentCache full:https://registry.npmjs.org/deep-is set size:10205 disposed:false
482 silly fetch manifest word-wrap@^1.2.5
483 silly packumentCache full:https://registry.npmjs.org/word-wrap cache-miss
484 http cache https://registry.npmjs.org/word-wrap 2ms (cache hit)
485 silly packumentCache full:https://registry.npmjs.org/word-wrap set size:37835 disposed:false
486 silly fetch manifest type-check@^0.4.0
487 silly packumentCache full:https://registry.npmjs.org/type-check cache-miss
488 http cache https://registry.npmjs.org/type-check 2ms (cache hit)
489 silly packumentCache full:https://registry.npmjs.org/type-check set size:21221 disposed:false
490 silly fetch manifest fast-levenshtein@^2.0.6
491 silly packumentCache full:https://registry.npmjs.org/fast-levenshtein cache-miss
492 http cache https://registry.npmjs.org/fast-levenshtein 2ms (cache hit)
493 silly packumentCache full:https://registry.npmjs.org/fast-levenshtein set size:39317 disposed:false
494 silly placeDep node_modules/@eslint-community/eslint-utils eslint-visitor-keys@3.4.3 OK for: @eslint-community/eslint-utils@4.9.1 want: ^3.4.3
495 silly placeDep ROOT @eslint/object-schema@3.0.5 OK for: @eslint/config-array@0.23.5 want: ^3.0.5
496 silly placeDep ROOT @types/json-schema@7.0.15 OK for: @eslint/core@1.2.1 want: ^7.0.15
497 silly placeDep ROOT levn@0.4.1 OK for: @eslint/plugin-kit@0.7.2 want: ^0.4.1
498 silly fetch manifest type-check@~0.4.0
499 silly packumentCache full:https://registry.npmjs.org/type-check cache-hit
500 silly placeDep ROOT @humanfs/core@0.19.2 OK for: @humanfs/node@0.16.8 want: ^0.19.2
501 silly placeDep ROOT @humanfs/types@0.15.0 OK for: @humanfs/node@0.16.8 want: ^0.15.0
502 silly placeDep ROOT fast-json-stable-stringify@2.1.0 OK for: ajv@6.15.0 want: ^2.0.0
503 silly placeDep ROOT json-schema-traverse@0.4.1 OK for: ajv@6.15.0 want: ^0.4.1
504 silly placeDep ROOT uri-js@4.4.1 OK for: ajv@6.15.0 want: ^4.2.2
505 silly fetch manifest punycode@^2.1.0
506 silly packumentCache full:https://registry.npmjs.org/punycode cache-miss
507 http cache https://registry.npmjs.org/punycode 2ms (cache hit)
508 silly packumentCache full:https://registry.npmjs.org/punycode set size:61278 disposed:false
509 silly placeDep ROOT path-key@3.1.1 OK for: cross-spawn@7.0.6 want: ^3.1.0
510 silly placeDep ROOT shebang-command@2.0.0 OK for: cross-spawn@7.0.6 want: ^2.0.0
511 silly placeDep ROOT which@2.0.2 OK for: cross-spawn@7.0.6 want: ^2.0.1
512 silly fetch manifest shebang-regex@^3.0.0
513 silly packumentCache full:https://registry.npmjs.org/shebang-regex cache-miss
514 http cache https://registry.npmjs.org/shebang-regex 2ms (cache hit)
515 silly packumentCache full:https://registry.npmjs.org/shebang-regex set size:9763 disposed:false
516 silly fetch manifest isexe@^2.0.0
517 silly packumentCache full:https://registry.npmjs.org/isexe cache-miss
518 http cache https://registry.npmjs.org/isexe 2ms (cache hit)
519 silly packumentCache full:https://registry.npmjs.org/isexe set size:31756 disposed:false
520 silly placeDep ROOT ms@2.1.3 OK for: debug@4.4.3 want: ^2.1.3
521 silly placeDep ROOT @next/eslint-plugin-next@15.0.3 OK for: eslint-config-next@15.0.3 want: 15.0.3
522 silly placeDep ROOT @rushstack/eslint-patch@1.16.1 OK for: eslint-config-next@15.0.3 want: ^1.10.3
523 silly placeDep ROOT @typescript-eslint/eslint-plugin@8.62.0 OK for: eslint-config-next@15.0.3 want: ^5.4.2 || ^6.0.0 || ^7.0.0 || ^8.0.0
524 silly placeDep ROOT @typescript-eslint/parser@8.62.0 OK for: eslint-config-next@15.0.3 want: ^5.4.2 || ^6.0.0 || ^7.0.0 || ^8.0.0
525 silly placeDep ROOT eslint-import-resolver-node@0.3.10 OK for: eslint-config-next@15.0.3 want: ^0.3.6
526 silly placeDep ROOT eslint-import-resolver-typescript@3.10.1 OK for: eslint-config-next@15.0.3 want: ^3.5.2
527 silly placeDep ROOT eslint-plugin-import@2.32.0 OK for: eslint-config-next@15.0.3 want: ^2.31.0
528 silly placeDep ROOT eslint-plugin-jsx-a11y@6.10.2 OK for: eslint-config-next@15.0.3 want: ^6.10.0
529 silly placeDep ROOT eslint-plugin-react@7.37.5 OK for: eslint-config-next@15.0.3 want: ^7.35.0
530 silly placeDep ROOT eslint-plugin-react-hooks@5.2.0 OK for: eslint-config-next@15.0.3 want: ^5.0.0
531 silly fetch manifest fast-glob@3.3.1
532 silly packumentCache full:https://registry.npmjs.org/fast-glob cache-miss
533 http cache https://registry.npmjs.org/fast-glob 2ms (cache hit)
534 silly packumentCache full:https://registry.npmjs.org/fast-glob set size:220556 disposed:false
535 silly fetch manifest ignore@^7.0.5
536 silly packumentCache full:https://registry.npmjs.org/ignore cache-hit
537 silly fetch manifest ts-api-utils@^2.5.0
538 silly packumentCache full:https://registry.npmjs.org/ts-api-utils cache-miss
539 http cache https://registry.npmjs.org/ts-api-utils 2ms (cache hit)
540 silly packumentCache full:https://registry.npmjs.org/ts-api-utils set size:226785 disposed:false
541 silly fetch manifest @typescript-eslint/utils@8.62.0
542 silly packumentCache full:https://registry.npmjs.org/@typescript-eslint%2futils cache-miss
543 http cache https://registry.npmjs.org/@typescript-eslint%2futils 21ms (cache hit)
544 silly packumentCache full:https://registry.npmjs.org/@typescript-eslint%2futils set size:10300275 disposed:false
545 silly fetch manifest @typescript-eslint/type-utils@8.62.0
546 silly packumentCache full:https://registry.npmjs.org/@typescript-eslint%2ftype-utils cache-miss
547 http cache https://registry.npmjs.org/@typescript-eslint%2ftype-utils 24ms (cache hit)
548 silly packumentCache full:https://registry.npmjs.org/@typescript-eslint%2ftype-utils set size:9446987 disposed:false
549 silly fetch manifest @typescript-eslint/visitor-keys@8.62.0
550 silly packumentCache full:https://registry.npmjs.org/@typescript-eslint%2fvisitor-keys cache-miss
551 http cache https://registry.npmjs.org/@typescript-eslint%2fvisitor-keys 43ms (cache hit)
552 silly packumentCache full:https://registry.npmjs.org/@typescript-eslint%2fvisitor-keys set size:11963345 disposed:false
553 silly fetch manifest @typescript-eslint/scope-manager@8.62.0
554 silly packumentCache full:https://registry.npmjs.org/@typescript-eslint%2fscope-manager cache-miss
555 http cache https://registry.npmjs.org/@typescript-eslint%2fscope-manager 44ms (cache hit)
556 silly packumentCache full:https://registry.npmjs.org/@typescript-eslint%2fscope-manager set size:12572055 disposed:false
557 silly fetch manifest @typescript-eslint/types@8.62.0
558 silly packumentCache full:https://registry.npmjs.org/@typescript-eslint%2ftypes cache-miss
559 http cache https://registry.npmjs.org/@typescript-eslint%2ftypes 30ms (cache hit)
560 silly packumentCache full:https://registry.npmjs.org/@typescript-eslint%2ftypes set size:12387194 disposed:false
561 silly fetch manifest @typescript-eslint/typescript-estree@8.62.0
562 silly packumentCache full:https://registry.npmjs.org/@typescript-eslint%2ftypescript-estree cache-miss
563 http cache https://registry.npmjs.org/@typescript-eslint%2ftypescript-estree 33ms (cache hit)
564 silly packumentCache full:https://registry.npmjs.org/@typescript-eslint%2ftypescript-estree set size:16538844 disposed:false
565 silly fetch manifest debug@^3.2.7
566 silly packumentCache full:https://registry.npmjs.org/debug cache-hit
567 silly fetch manifest resolve@^2.0.0-next.6
568 silly packumentCache full:https://registry.npmjs.org/resolve cache-miss
569 http cache https://registry.npmjs.org/resolve 4ms (cache hit)
570 silly packumentCache full:https://registry.npmjs.org/resolve set size:244568 disposed:false
571 silly fetch manifest is-core-module@^2.16.1
572 silly packumentCache full:https://registry.npmjs.org/is-core-module cache-miss
573 http cache https://registry.npmjs.org/is-core-module 2ms (cache hit)
574 silly packumentCache full:https://registry.npmjs.org/is-core-module set size:74378 disposed:false
575 silly fetch manifest tinyglobby@^0.2.13
576 silly packumentCache full:https://registry.npmjs.org/tinyglobby cache-miss
577 http cache https://registry.npmjs.org/tinyglobby 2ms (cache hit)
578 silly packumentCache full:https://registry.npmjs.org/tinyglobby set size:54291 disposed:false
579 silly fetch manifest stable-hash@^0.0.5
580 silly packumentCache full:https://registry.npmjs.org/stable-hash cache-miss
581 http cache https://registry.npmjs.org/stable-hash 2ms (cache hit)
582 silly packumentCache full:https://registry.npmjs.org/stable-hash set size:18359 disposed:false
583 silly fetch manifest get-tsconfig@^4.10.0
584 silly packumentCache full:https://registry.npmjs.org/get-tsconfig cache-miss
585 http cache https://registry.npmjs.org/get-tsconfig 2ms (cache hit)
586 silly packumentCache full:https://registry.npmjs.org/get-tsconfig set size:128095 disposed:false
587 silly fetch manifest is-bun-module@^2.0.0
588 silly packumentCache full:https://registry.npmjs.org/is-bun-module cache-miss
589 http cache https://registry.npmjs.org/is-bun-module 1ms (cache hit)
590 silly packumentCache full:https://registry.npmjs.org/is-bun-module set size:19768 disposed:false
591 silly fetch manifest unrs-resolver@^1.6.2
592 silly packumentCache full:https://registry.npmjs.org/unrs-resolver cache-miss
593 http cache https://registry.npmjs.org/unrs-resolver 2ms (cache hit)
594 silly packumentCache full:https://registry.npmjs.org/unrs-resolver set size:151128 disposed:false
595 silly fetch manifest @nolyfill/is-core-module@1.0.39
596 silly packumentCache full:https://registry.npmjs.org/@nolyfill%2fis-core-module cache-miss
597 http cache https://registry.npmjs.org/@nolyfill%2fis-core-module 2ms (cache hit)
598 silly packumentCache full:https://registry.npmjs.org/@nolyfill%2fis-core-module set size:10461 disposed:false
599 silly fetch manifest @rtsao/scc@^1.1.0
600 silly packumentCache full:https://registry.npmjs.org/@rtsao%2fscc cache-miss
601 http cache https://registry.npmjs.org/@rtsao%2fscc 2ms (cache hit)
602 silly packumentCache full:https://registry.npmjs.org/@rtsao%2fscc set size:6332 disposed:false
603 silly fetch manifest array-includes@^3.1.9
604 silly packumentCache full:https://registry.npmjs.org/array-includes cache-miss
605 http cache https://registry.npmjs.org/array-includes 3ms (cache hit)
606 silly packumentCache full:https://registry.npmjs.org/array-includes set size:77143 disposed:false
607 silly fetch manifest array.prototype.findlastindex@^1.2.6
608 silly packumentCache full:https://registry.npmjs.org/array.prototype.findlastindex cache-miss
609 http cache https://registry.npmjs.org/array.prototype.findlastindex 2ms (cache hit)
610 silly packumentCache full:https://registry.npmjs.org/array.prototype.findlastindex set size:44828 disposed:false
611 silly fetch manifest array.prototype.flat@^1.3.3
612 silly packumentCache full:https://registry.npmjs.org/array.prototype.flat cache-miss
613 http cache https://registry.npmjs.org/array.prototype.flat 3ms (cache hit)
614 silly packumentCache full:https://registry.npmjs.org/array.prototype.flat set size:38327 disposed:false
615 silly fetch manifest array.prototype.flatmap@^1.3.3
616 silly packumentCache full:https://registry.npmjs.org/array.prototype.flatmap cache-miss
617 http cache https://registry.npmjs.org/array.prototype.flatmap 3ms (cache hit)
618 silly packumentCache full:https://registry.npmjs.org/array.prototype.flatmap set size:51458 disposed:false
619 silly fetch manifest doctrine@^2.1.0
620 silly packumentCache full:https://registry.npmjs.org/doctrine cache-miss
621 http cache https://registry.npmjs.org/doctrine 2ms (cache hit)
622 silly packumentCache full:https://registry.npmjs.org/doctrine set size:64052 disposed:false
623 silly fetch manifest eslint-module-utils@^2.12.1
624 silly packumentCache full:https://registry.npmjs.org/eslint-module-utils cache-miss
625 http cache https://registry.npmjs.org/eslint-module-utils 2ms (cache hit)
626 silly packumentCache full:https://registry.npmjs.org/eslint-module-utils set size:80506 disposed:false
627 silly fetch manifest hasown@^2.0.2
628 silly packumentCache full:https://registry.npmjs.org/hasown cache-miss
629 http cache https://registry.npmjs.org/hasown 2ms (cache hit)
630 silly packumentCache full:https://registry.npmjs.org/hasown set size:18361 disposed:false
631 silly fetch manifest minimatch@^3.1.2
632 silly packumentCache full:https://registry.npmjs.org/minimatch cache-hit
633 silly fetch manifest object.fromentries@^2.0.8
634 silly packumentCache full:https://registry.npmjs.org/object.fromentries cache-miss
635 http cache https://registry.npmjs.org/object.fromentries 2ms (cache hit)
636 silly packumentCache full:https://registry.npmjs.org/object.fromentries set size:37686 disposed:false
637 silly fetch manifest object.groupby@^1.0.3
638 silly packumentCache full:https://registry.npmjs.org/object.groupby cache-miss
639 http cache https://registry.npmjs.org/object.groupby 2ms (cache hit)
640 silly packumentCache full:https://registry.npmjs.org/object.groupby set size:15504 disposed:false
641 silly fetch manifest object.values@^1.2.1
642 silly packumentCache full:https://registry.npmjs.org/object.values cache-miss
643 http cache https://registry.npmjs.org/object.values 2ms (cache hit)
644 silly packumentCache full:https://registry.npmjs.org/object.values set size:49009 disposed:false
645 silly fetch manifest semver@^6.3.1
646 silly packumentCache full:https://registry.npmjs.org/semver cache-miss
647 http cache https://registry.npmjs.org/semver 3ms (cache hit)
648 silly packumentCache full:https://registry.npmjs.org/semver set size:246125 disposed:false
649 silly fetch manifest string.prototype.trimend@^1.0.9
650 silly packumentCache full:https://registry.npmjs.org/string.prototype.trimend cache-miss
651 http cache https://registry.npmjs.org/string.prototype.trimend 2ms (cache hit)
652 silly packumentCache full:https://registry.npmjs.org/string.prototype.trimend set size:44009 disposed:false
653 silly fetch manifest tsconfig-paths@^3.15.0
654 silly packumentCache full:https://registry.npmjs.org/tsconfig-paths cache-miss
655 http cache https://registry.npmjs.org/tsconfig-paths 4ms (cache hit)
656 silly packumentCache full:https://registry.npmjs.org/tsconfig-paths set size:192565 disposed:false
657 silly fetch manifest aria-query@^5.3.2
658 silly packumentCache full:https://registry.npmjs.org/aria-query cache-miss
659 http cache https://registry.npmjs.org/aria-query 2ms (cache hit)
660 silly packumentCache full:https://registry.npmjs.org/aria-query set size:98864 disposed:false
661 silly fetch manifest array-includes@^3.1.8
662 silly packumentCache full:https://registry.npmjs.org/array-includes cache-hit
663 silly fetch manifest array.prototype.flatmap@^1.3.2
664 silly packumentCache full:https://registry.npmjs.org/array.prototype.flatmap cache-hit
665 silly fetch manifest ast-types-flow@^0.0.8
666 silly packumentCache full:https://registry.npmjs.org/ast-types-flow cache-miss
667 http cache https://registry.npmjs.org/ast-types-flow 2ms (cache hit)
668 silly packumentCache full:https://registry.npmjs.org/ast-types-flow set size:15144 disposed:false
669 silly fetch manifest axe-core@^4.10.0
670 silly packumentCache full:https://registry.npmjs.org/axe-core cache-miss
671 http cache https://registry.npmjs.org/axe-core 22ms (cache hit)
672 silly packumentCache full:https://registry.npmjs.org/axe-core set size:9520341 disposed:false
673 silly fetch manifest axobject-query@^4.1.0
674 silly packumentCache full:https://registry.npmjs.org/axobject-query cache-miss
675 http cache https://registry.npmjs.org/axobject-query 2ms (cache hit)
676 silly packumentCache full:https://registry.npmjs.org/axobject-query set size:75032 disposed:false
677 silly fetch manifest damerau-levenshtein@^1.0.8
678 silly packumentCache full:https://registry.npmjs.org/damerau-levenshtein cache-miss
679 http cache https://registry.npmjs.org/damerau-levenshtein 2ms (cache hit)
680 silly packumentCache full:https://registry.npmjs.org/damerau-levenshtein set size:23390 disposed:false
681 silly fetch manifest emoji-regex@^9.2.2
682 silly packumentCache full:https://registry.npmjs.org/emoji-regex cache-miss
683 http cache https://registry.npmjs.org/emoji-regex 2ms (cache hit)
684 silly packumentCache full:https://registry.npmjs.org/emoji-regex set size:89064 disposed:false
685 silly fetch manifest jsx-ast-utils@^3.3.5
686 silly packumentCache full:https://registry.npmjs.org/jsx-ast-utils cache-miss
687 http cache https://registry.npmjs.org/jsx-ast-utils 2ms (cache hit)
688 silly packumentCache full:https://registry.npmjs.org/jsx-ast-utils set size:115998 disposed:false
689 silly fetch manifest language-tags@^1.0.9
690 silly packumentCache full:https://registry.npmjs.org/language-tags cache-miss
691 http cache https://registry.npmjs.org/language-tags 2ms (cache hit)
692 silly packumentCache full:https://registry.npmjs.org/language-tags set size:38675 disposed:false
693 silly fetch manifest safe-regex-test@^1.0.3
694 silly packumentCache full:https://registry.npmjs.org/safe-regex-test cache-miss
695 http cache https://registry.npmjs.org/safe-regex-test 2ms (cache hit)
696 silly packumentCache full:https://registry.npmjs.org/safe-regex-test set size:17412 disposed:false
697 silly fetch manifest string.prototype.includes@^2.0.1
698 silly packumentCache full:https://registry.npmjs.org/string.prototype.includes cache-miss
699 http cache https://registry.npmjs.org/string.prototype.includes 1ms (cache hit)
700 silly packumentCache full:https://registry.npmjs.org/string.prototype.includes set size:10217 disposed:false
701 silly fetch manifest array.prototype.findlast@^1.2.5
702 silly packumentCache full:https://registry.npmjs.org/array.prototype.findlast cache-miss
703 http cache https://registry.npmjs.org/array.prototype.findlast 2ms (cache hit)
704 silly packumentCache full:https://registry.npmjs.org/array.prototype.findlast set size:40323 disposed:false
705 silly fetch manifest array.prototype.tosorted@^1.1.4
706 silly packumentCache full:https://registry.npmjs.org/array.prototype.tosorted cache-miss
707 http cache https://registry.npmjs.org/array.prototype.tosorted 2ms (cache hit)
708 silly packumentCache full:https://registry.npmjs.org/array.prototype.tosorted set size:24661 disposed:false
709 silly fetch manifest es-iterator-helpers@^1.2.1
710 silly packumentCache full:https://registry.npmjs.org/es-iterator-helpers cache-miss
711 http cache https://registry.npmjs.org/es-iterator-helpers 2ms (cache hit)
712 silly packumentCache full:https://registry.npmjs.org/es-iterator-helpers set size:269439 disposed:false
713 silly fetch manifest estraverse@^5.3.0
714 silly packumentCache full:https://registry.npmjs.org/estraverse cache-hit
715 silly fetch manifest jsx-ast-utils@^2.4.1 || ^3.0.0
716 silly packumentCache full:https://registry.npmjs.org/jsx-ast-utils cache-hit
717 silly fetch manifest object.entries@^1.1.9
718 silly packumentCache full:https://registry.npmjs.org/object.entries cache-miss
719 http cache https://registry.npmjs.org/object.entries 2ms (cache hit)
720 silly packumentCache full:https://registry.npmjs.org/object.entries set size:50037 disposed:false
721 silly fetch manifest prop-types@^15.8.1
722 silly packumentCache full:https://registry.npmjs.org/prop-types cache-miss
723 http cache https://registry.npmjs.org/prop-types 2ms (cache hit)
724 silly packumentCache full:https://registry.npmjs.org/prop-types set size:76747 disposed:false
725 silly fetch manifest resolve@^2.0.0-next.5
726 silly packumentCache full:https://registry.npmjs.org/resolve cache-hit
727 silly fetch manifest string.prototype.matchall@^4.0.12
728 silly packumentCache full:https://registry.npmjs.org/string.prototype.matchall cache-miss
729 http cache https://registry.npmjs.org/string.prototype.matchall 2ms (cache hit)
730 silly packumentCache full:https://registry.npmjs.org/string.prototype.matchall set size:63239 disposed:false
731 silly fetch manifest string.prototype.repeat@^1.0.0
732 silly packumentCache full:https://registry.npmjs.org/string.prototype.repeat cache-miss
733 http cache https://registry.npmjs.org/string.prototype.repeat 2ms (cache hit)
734 silly packumentCache full:https://registry.npmjs.org/string.prototype.repeat set size:8608 disposed:false
735 silly placeDep ROOT fast-glob@3.3.1 OK for: @next/eslint-plugin-next@15.0.3 want: 3.3.1
736 silly fetch manifest merge2@^1.3.0
737 silly packumentCache full:https://registry.npmjs.org/merge2 cache-miss
738 http cache https://registry.npmjs.org/merge2 1ms (cache hit)
739 silly packumentCache full:https://registry.npmjs.org/merge2 set size:46159 disposed:false
740 silly fetch manifest micromatch@^4.0.4
741 silly packumentCache full:https://registry.npmjs.org/micromatch cache-miss
742 http cache https://registry.npmjs.org/micromatch 2ms (cache hit)
743 silly packumentCache full:https://registry.npmjs.org/micromatch set size:240630 disposed:false
744 silly fetch manifest glob-parent@^5.1.2
745 silly packumentCache full:https://registry.npmjs.org/glob-parent cache-hit
746 silly fetch manifest @nodelib/fs.stat@^2.0.2
747 silly packumentCache full:https://registry.npmjs.org/@nodelib%2ffs.stat cache-miss
748 http cache https://registry.npmjs.org/@nodelib%2ffs.stat 2ms (cache hit)
749 silly packumentCache full:https://registry.npmjs.org/@nodelib%2ffs.stat set size:36993 disposed:false
750 silly fetch manifest @nodelib/fs.walk@^1.2.3
751 silly packumentCache full:https://registry.npmjs.org/@nodelib%2ffs.walk cache-miss
752 http cache https://registry.npmjs.org/@nodelib%2ffs.walk 2ms (cache hit)
753 silly packumentCache full:https://registry.npmjs.org/@nodelib%2ffs.walk set size:41589 disposed:false
754 silly placeDep ROOT @typescript-eslint/scope-manager@8.62.0 OK for: @typescript-eslint/eslint-plugin@8.62.0 want: 8.62.0
755 silly placeDep ROOT @typescript-eslint/type-utils@8.62.0 OK for: @typescript-eslint/eslint-plugin@8.62.0 want: 8.62.0
756 silly placeDep ROOT @typescript-eslint/utils@8.62.0 OK for: @typescript-eslint/eslint-plugin@8.62.0 want: 8.62.0
757 silly placeDep ROOT @typescript-eslint/visitor-keys@8.62.0 OK for: @typescript-eslint/eslint-plugin@8.62.0 want: 8.62.0
758 silly placeDep node_modules/@typescript-eslint/eslint-plugin ignore@7.0.5 OK for: @typescript-eslint/eslint-plugin@8.62.0 want: ^7.0.5
759 silly placeDep ROOT ts-api-utils@2.5.0 OK for: @typescript-eslint/eslint-plugin@8.62.0 want: ^2.5.0
760 silly placeDep ROOT @typescript-eslint/types@8.62.0 OK for: @typescript-eslint/parser@8.62.0 want: 8.62.0
761 silly placeDep ROOT @typescript-eslint/typescript-estree@8.62.0 OK for: @typescript-eslint/parser@8.62.0 want: 8.62.0
762 silly fetch manifest semver@^7.7.3
763 silly packumentCache full:https://registry.npmjs.org/semver cache-hit
764 silly fetch manifest tinyglobby@^0.2.15
765 silly packumentCache full:https://registry.npmjs.org/tinyglobby cache-hit
766 silly fetch manifest @typescript-eslint/tsconfig-utils@8.62.0
767 silly packumentCache full:https://registry.npmjs.org/@typescript-eslint%2ftsconfig-utils cache-miss
768 http cache https://registry.npmjs.org/@typescript-eslint%2ftsconfig-utils 6ms (cache hit)
769 silly packumentCache full:https://registry.npmjs.org/@typescript-eslint%2ftsconfig-utils set size:1376174 disposed:false
770 silly fetch manifest @typescript-eslint/project-service@8.62.0
771 silly packumentCache full:https://registry.npmjs.org/@typescript-eslint%2fproject-service cache-miss
772 http cache https://registry.npmjs.org/@typescript-eslint%2fproject-service 5ms (cache hit)
773 silly packumentCache full:https://registry.npmjs.org/@typescript-eslint%2fproject-service set size:1462152 disposed:false
774 silly placeDep ROOT @typescript-eslint/project-service@8.62.0 OK for: @typescript-eslint/typescript-estree@8.62.0 want: 8.62.0
775 silly placeDep ROOT @typescript-eslint/tsconfig-utils@8.62.0 OK for: @typescript-eslint/typescript-estree@8.62.0 want: 8.62.0
776 silly placeDep ROOT semver@7.8.5 OK for: @typescript-eslint/typescript-estree@8.62.0 want: ^7.7.3
777 silly placeDep ROOT tinyglobby@0.2.17 OK for: @typescript-eslint/typescript-estree@8.62.0 want: ^0.2.15
778 silly fetch manifest @typescript-eslint/tsconfig-utils@^8.62.0
779 silly packumentCache full:https://registry.npmjs.org/@typescript-eslint%2ftsconfig-utils cache-miss
780 http cache https://registry.npmjs.org/@typescript-eslint%2ftsconfig-utils 6ms (cache hit)
781 silly packumentCache full:https://registry.npmjs.org/@typescript-eslint%2ftsconfig-utils set size:1376174 disposed:false
782 silly fetch manifest fdir@^6.5.0
783 silly packumentCache full:https://registry.npmjs.org/fdir cache-miss
784 http cache https://registry.npmjs.org/fdir 2ms (cache hit)
785 silly packumentCache full:https://registry.npmjs.org/fdir set size:136182 disposed:false
786 silly fetch manifest picomatch@^4.0.4
787 silly packumentCache full:https://registry.npmjs.org/picomatch cache-miss
788 http cache https://registry.npmjs.org/picomatch 2ms (cache hit)
789 silly packumentCache full:https://registry.npmjs.org/picomatch set size:126376 disposed:false
790 silly placeDep node_modules/eslint-import-resolver-node debug@3.2.7 OK for: eslint-import-resolver-node@0.3.10 want: ^3.2.7
791 silly placeDep ROOT is-core-module@2.16.2 OK for: eslint-import-resolver-node@0.3.10 want: ^2.16.1
792 silly placeDep ROOT resolve@2.0.0-next.7 OK for: eslint-import-resolver-node@0.3.10 want: ^2.0.0-next.6
793 silly fetch manifest hasown@^2.0.3
794 silly packumentCache full:https://registry.npmjs.org/hasown cache-hit
795 silly fetch manifest es-errors@^1.3.0
796 silly packumentCache full:https://registry.npmjs.org/es-errors cache-miss
797 http cache https://registry.npmjs.org/es-errors 2ms (cache hit)
798 silly packumentCache full:https://registry.npmjs.org/es-errors set size:16918 disposed:false
799 silly fetch manifest node-exports-info@^1.6.0
800 silly packumentCache full:https://registry.npmjs.org/node-exports-info cache-miss
801 http cache https://registry.npmjs.org/node-exports-info 2ms (cache hit)
802 silly packumentCache full:https://registry.npmjs.org/node-exports-info set size:69480 disposed:false
803 silly fetch manifest object-keys@^1.1.1
804 silly packumentCache full:https://registry.npmjs.org/object-keys cache-miss
805 http cache https://registry.npmjs.org/object-keys 2ms (cache hit)
806 silly packumentCache full:https://registry.npmjs.org/object-keys set size:67744 disposed:false
807 silly fetch manifest path-parse@^1.0.7
808 silly packumentCache full:https://registry.npmjs.org/path-parse cache-miss
809 http cache https://registry.npmjs.org/path-parse 2ms (cache hit)
810 silly packumentCache full:https://registry.npmjs.org/path-parse set size:14523 disposed:false
811 silly fetch manifest supports-preserve-symlinks-flag@^1.0.0
812 silly packumentCache full:https://registry.npmjs.org/supports-preserve-symlinks-flag cache-miss
813 http cache https://registry.npmjs.org/supports-preserve-symlinks-flag 3ms (cache hit)
814 silly packumentCache full:https://registry.npmjs.org/supports-preserve-symlinks-flag set size:6802 disposed:false
815 silly placeDep ROOT @nolyfill/is-core-module@1.0.39 OK for: eslint-import-resolver-typescript@3.10.1 want: 1.0.39
816 silly placeDep ROOT get-tsconfig@4.14.0 OK for: eslint-import-resolver-typescript@3.10.1 want: ^4.10.0
817 silly placeDep ROOT is-bun-module@2.0.0 OK for: eslint-import-resolver-typescript@3.10.1 want: ^2.0.0
818 silly placeDep ROOT stable-hash@0.0.5 OK for: eslint-import-resolver-typescript@3.10.1 want: ^0.0.5
819 silly placeDep ROOT unrs-resolver@1.12.2 OK for: eslint-import-resolver-typescript@3.10.1 want: ^1.6.2
820 silly fetch manifest resolve-pkg-maps@^1.0.0
821 silly packumentCache full:https://registry.npmjs.org/resolve-pkg-maps cache-miss
822 http cache https://registry.npmjs.org/resolve-pkg-maps 2ms (cache hit)
823 silly packumentCache full:https://registry.npmjs.org/resolve-pkg-maps set size:11615 disposed:false
824 silly fetch manifest napi-postinstall@^0.3.4
825 silly packumentCache full:https://registry.npmjs.org/napi-postinstall cache-miss
826 http cache https://registry.npmjs.org/napi-postinstall 2ms (cache hit)
827 silly packumentCache full:https://registry.npmjs.org/napi-postinstall set size:41400 disposed:false
828 silly fetch manifest @unrs/resolver-binding-darwin-arm64@1.12.2
829 silly packumentCache full:https://registry.npmjs.org/@unrs%2fresolver-binding-darwin-arm64 cache-miss
830 http cache https://registry.npmjs.org/@unrs%2fresolver-binding-darwin-arm64 1ms (cache hit)
831 silly packumentCache full:https://registry.npmjs.org/@unrs%2fresolver-binding-darwin-arm64 set size:63676 disposed:false
832 silly fetch manifest @unrs/resolver-binding-android-arm64@1.12.2
833 silly packumentCache full:https://registry.npmjs.org/@unrs%2fresolver-binding-android-arm64 cache-miss
834 http cache https://registry.npmjs.org/@unrs%2fresolver-binding-android-arm64 2ms (cache hit)
835 silly packumentCache full:https://registry.npmjs.org/@unrs%2fresolver-binding-android-arm64 set size:17616 disposed:false
836 silly fetch manifest @unrs/resolver-binding-win32-arm64-msvc@1.12.2
837 silly packumentCache full:https://registry.npmjs.org/@unrs%2fresolver-binding-win32-arm64-msvc cache-miss
838 http cache https://registry.npmjs.org/@unrs%2fresolver-binding-win32-arm64-msvc 2ms (cache hit)
839 silly packumentCache full:https://registry.npmjs.org/@unrs%2fresolver-binding-win32-arm64-msvc set size:64613 disposed:false
840 silly fetch manifest @unrs/resolver-binding-linux-arm64-gnu@1.12.2
841 silly packumentCache full:https://registry.npmjs.org/@unrs%2fresolver-binding-linux-arm64-gnu cache-miss
842 http cache https://registry.npmjs.org/@unrs%2fresolver-binding-linux-arm64-gnu 2ms (cache hit)
843 silly packumentCache full:https://registry.npmjs.org/@unrs%2fresolver-binding-linux-arm64-gnu set size:65047 disposed:false
844 silly fetch manifest @unrs/resolver-binding-linux-arm64-musl@1.12.2
845 silly packumentCache full:https://registry.npmjs.org/@unrs%2fresolver-binding-linux-arm64-musl cache-miss
846 http cache https://registry.npmjs.org/@unrs%2fresolver-binding-linux-arm64-musl 1ms (cache hit)
847 silly packumentCache full:https://registry.npmjs.org/@unrs%2fresolver-binding-linux-arm64-musl set size:65257 disposed:false
848 silly fetch manifest @unrs/resolver-binding-openharmony-arm64@1.12.2
849 silly packumentCache full:https://registry.npmjs.org/@unrs%2fresolver-binding-openharmony-arm64 cache-miss
850 http cache https://registry.npmjs.org/@unrs%2fresolver-binding-openharmony-arm64 2ms (cache hit)
851 silly packumentCache full:https://registry.npmjs.org/@unrs%2fresolver-binding-openharmony-arm64 set size:7350 disposed:false
852 silly fetch manifest @unrs/resolver-binding-android-arm-eabi@1.12.2
853 silly packumentCache full:https://registry.npmjs.org/@unrs%2fresolver-binding-android-arm-eabi cache-miss
854 http cache https://registry.npmjs.org/@unrs%2fresolver-binding-android-arm-eabi 2ms (cache hit)
855 silly packumentCache full:https://registry.npmjs.org/@unrs%2fresolver-binding-android-arm-eabi set size:17797 disposed:false
856 silly fetch manifest @unrs/resolver-binding-linux-arm-gnueabihf@1.12.2
857 silly packumentCache full:https://registry.npmjs.org/@unrs%2fresolver-binding-linux-arm-gnueabihf cache-miss
858 http cache https://registry.npmjs.org/@unrs%2fresolver-binding-linux-arm-gnueabihf 2ms (cache hit)
859 silly packumentCache full:https://registry.npmjs.org/@unrs%2fresolver-binding-linux-arm-gnueabihf set size:65279 disposed:false
860 silly fetch manifest @unrs/resolver-binding-linux-arm-musleabihf@1.12.2
861 silly packumentCache full:https://registry.npmjs.org/@unrs%2fresolver-binding-linux-arm-musleabihf cache-miss
862 http cache https://registry.npmjs.org/@unrs%2fresolver-binding-linux-arm-musleabihf 6ms (cache hit)
863 silly packumentCache full:https://registry.npmjs.org/@unrs%2fresolver-binding-linux-arm-musleabihf set size:65533 disposed:false
864 silly fetch manifest @unrs/resolver-binding-win32-ia32-msvc@1.12.2
865 silly packumentCache full:https://registry.npmjs.org/@unrs%2fresolver-binding-win32-ia32-msvc cache-miss
866 http cache https://registry.npmjs.org/@unrs%2fresolver-binding-win32-ia32-msvc 2ms (cache hit)
867 silly packumentCache full:https://registry.npmjs.org/@unrs%2fresolver-binding-win32-ia32-msvc set size:64317 disposed:false
868 silly fetch manifest @unrs/resolver-binding-linux-loong64-gnu@1.12.2
869 silly packumentCache full:https://registry.npmjs.org/@unrs%2fresolver-binding-linux-loong64-gnu cache-miss
870 http cache https://registry.npmjs.org/@unrs%2fresolver-binding-linux-loong64-gnu 1ms (cache hit)
871 silly packumentCache full:https://registry.npmjs.org/@unrs%2fresolver-binding-linux-loong64-gnu set size:4107 disposed:false
872 silly fetch manifest @unrs/resolver-binding-linux-loong64-musl@1.12.2
873 silly packumentCache full:https://registry.npmjs.org/@unrs%2fresolver-binding-linux-loong64-musl cache-miss
874 http cache https://registry.npmjs.org/@unrs%2fresolver-binding-linux-loong64-musl 1ms (cache hit)
875 silly packumentCache full:https://registry.npmjs.org/@unrs%2fresolver-binding-linux-loong64-musl set size:4124 disposed:false
876 silly fetch manifest @unrs/resolver-binding-linux-ppc64-gnu@1.12.2
877 silly packumentCache full:https://registry.npmjs.org/@unrs%2fresolver-binding-linux-ppc64-gnu cache-miss
878 http cache https://registry.npmjs.org/@unrs%2fresolver-binding-linux-ppc64-gnu 2ms (cache hit)
879 silly packumentCache full:https://registry.npmjs.org/@unrs%2fresolver-binding-linux-ppc64-gnu set size:65057 disposed:false
880 silly fetch manifest @unrs/resolver-binding-linux-riscv64-gnu@1.12.2
881 silly packumentCache full:https://registry.npmjs.org/@unrs%2fresolver-binding-linux-riscv64-gnu cache-miss
882 http cache https://registry.npmjs.org/@unrs%2fresolver-binding-linux-riscv64-gnu 2ms (cache hit)
883 silly packumentCache full:https://registry.npmjs.org/@unrs%2fresolver-binding-linux-riscv64-gnu set size:56387 disposed:false
884 silly fetch manifest @unrs/resolver-binding-linux-riscv64-musl@1.12.2
885 silly packumentCache full:https://registry.npmjs.org/@unrs%2fresolver-binding-linux-riscv64-musl cache-miss
886 http cache https://registry.npmjs.org/@unrs%2fresolver-binding-linux-riscv64-musl 1ms (cache hit)
887 silly packumentCache full:https://registry.npmjs.org/@unrs%2fresolver-binding-linux-riscv64-musl set size:45710 disposed:false
888 silly fetch manifest @unrs/resolver-binding-linux-s390x-gnu@1.12.2
889 silly packumentCache full:https://registry.npmjs.org/@unrs%2fresolver-binding-linux-s390x-gnu cache-miss
890 http cache https://registry.npmjs.org/@unrs%2fresolver-binding-linux-s390x-gnu 2ms (cache hit)
891 silly packumentCache full:https://registry.npmjs.org/@unrs%2fresolver-binding-linux-s390x-gnu set size:65047 disposed:false
892 silly fetch manifest @unrs/resolver-binding-wasm32-wasi@1.12.2
893 silly packumentCache full:https://registry.npmjs.org/@unrs%2fresolver-binding-wasm32-wasi cache-miss
894 http cache https://registry.npmjs.org/@unrs%2fresolver-binding-wasm32-wasi 1ms (cache hit)
895 silly packumentCache full:https://registry.npmjs.org/@unrs%2fresolver-binding-wasm32-wasi set size:67358 disposed:false
896 silly fetch manifest @unrs/resolver-binding-darwin-x64@1.12.2
897 silly packumentCache full:https://registry.npmjs.org/@unrs%2fresolver-binding-darwin-x64 cache-miss
898 http cache https://registry.npmjs.org/@unrs%2fresolver-binding-darwin-x64 2ms (cache hit)
899 silly packumentCache full:https://registry.npmjs.org/@unrs%2fresolver-binding-darwin-x64 set size:63092 disposed:false
900 silly fetch manifest @unrs/resolver-binding-win32-x64-msvc@1.12.2
901 silly packumentCache full:https://registry.npmjs.org/@unrs%2fresolver-binding-win32-x64-msvc cache-miss
902 http cache https://registry.npmjs.org/@unrs%2fresolver-binding-win32-x64-msvc 1ms (cache hit)
903 silly packumentCache full:https://registry.npmjs.org/@unrs%2fresolver-binding-win32-x64-msvc set size:64034 disposed:false
904 silly fetch manifest @unrs/resolver-binding-freebsd-x64@1.12.2
905 silly packumentCache full:https://registry.npmjs.org/@unrs%2fresolver-binding-freebsd-x64 cache-miss
906 http cache https://registry.npmjs.org/@unrs%2fresolver-binding-freebsd-x64 2ms (cache hit)
907 silly packumentCache full:https://registry.npmjs.org/@unrs%2fresolver-binding-freebsd-x64 set size:63388 disposed:false
908 silly fetch manifest @unrs/resolver-binding-linux-x64-gnu@1.12.2
909 silly packumentCache full:https://registry.npmjs.org/@unrs%2fresolver-binding-linux-x64-gnu cache-miss
910 http cache https://registry.npmjs.org/@unrs%2fresolver-binding-linux-x64-gnu 2ms (cache hit)
911 silly packumentCache full:https://registry.npmjs.org/@unrs%2fresolver-binding-linux-x64-gnu set size:64469 disposed:false
912 silly fetch manifest @unrs/resolver-binding-linux-x64-musl@1.12.2
913 silly packumentCache full:https://registry.npmjs.org/@unrs%2fresolver-binding-linux-x64-musl cache-miss
914 http cache https://registry.npmjs.org/@unrs%2fresolver-binding-linux-x64-musl 2ms (cache hit)
915 silly packumentCache full:https://registry.npmjs.org/@unrs%2fresolver-binding-linux-x64-musl set size:64685 disposed:false
916 silly placeDep ROOT @rtsao/scc@1.1.0 OK for: eslint-plugin-import@2.32.0 want: ^1.1.0
917 silly placeDep ROOT array-includes@3.1.9 OK for: eslint-plugin-import@2.32.0 want: ^3.1.9
918 silly placeDep ROOT array.prototype.findlastindex@1.2.6 OK for: eslint-plugin-import@2.32.0 want: ^1.2.6
919 silly placeDep ROOT array.prototype.flat@1.3.3 OK for: eslint-plugin-import@2.32.0 want: ^1.3.3
920 silly placeDep ROOT array.prototype.flatmap@1.3.3 OK for: eslint-plugin-import@2.32.0 want: ^1.3.3
921 silly placeDep node_modules/eslint-plugin-import debug@3.2.7 OK for: eslint-plugin-import@2.32.0 want: ^3.2.7
922 silly placeDep ROOT doctrine@2.1.0 OK for: eslint-plugin-import@2.32.0 want: ^2.1.0
923 silly placeDep ROOT eslint-module-utils@2.13.0 OK for: eslint-plugin-import@2.32.0 want: ^2.12.1
924 silly placeDep ROOT hasown@2.0.4 OK for: eslint-plugin-import@2.32.0 want: ^2.0.2
925 silly placeDep node_modules/eslint-plugin-import minimatch@3.1.5 OK for: eslint-plugin-import@2.32.0 want: ^3.1.2
926 silly placeDep ROOT object.fromentries@2.0.8 OK for: eslint-plugin-import@2.32.0 want: ^2.0.8
927 silly placeDep ROOT object.groupby@1.0.3 OK for: eslint-plugin-import@2.32.0 want: ^1.0.3
928 silly placeDep ROOT object.values@1.2.1 OK for: eslint-plugin-import@2.32.0 want: ^1.2.1
929 silly placeDep node_modules/eslint-plugin-import semver@6.3.1 OK for: eslint-plugin-import@2.32.0 want: ^6.3.1
930 silly placeDep ROOT string.prototype.trimend@1.0.10 OK for: eslint-plugin-import@2.32.0 want: ^1.0.9
931 silly placeDep ROOT tsconfig-paths@3.15.0 OK for: eslint-plugin-import@2.32.0 want: ^3.15.0
932 silly fetch manifest call-bind@^1.0.8
933 silly packumentCache full:https://registry.npmjs.org/call-bind cache-miss
934 http cache https://registry.npmjs.org/call-bind 2ms (cache hit)
935 silly packumentCache full:https://registry.npmjs.org/call-bind set size:32985 disposed:false
936 silly fetch manifest call-bound@^1.0.4
937 silly packumentCache full:https://registry.npmjs.org/call-bound cache-miss
938 http cache https://registry.npmjs.org/call-bound 2ms (cache hit)
939 silly packumentCache full:https://registry.npmjs.org/call-bound set size:15317 disposed:false
940 silly fetch manifest define-properties@^1.2.1
941 silly packumentCache full:https://registry.npmjs.org/define-properties cache-miss
942 http cache https://registry.npmjs.org/define-properties 2ms (cache hit)
943 silly packumentCache full:https://registry.npmjs.org/define-properties set size:31491 disposed:false
944 silly fetch manifest es-abstract@^1.24.0
945 silly packumentCache full:https://registry.npmjs.org/es-abstract cache-miss
946 http cache https://registry.npmjs.org/es-abstract 3ms (cache hit)
947 silly packumentCache full:https://registry.npmjs.org/es-abstract set size:384124 disposed:false
948 silly fetch manifest es-object-atoms@^1.1.1
949 silly packumentCache full:https://registry.npmjs.org/es-object-atoms cache-miss
950 http cache https://registry.npmjs.org/es-object-atoms 2ms (cache hit)
951 silly packumentCache full:https://registry.npmjs.org/es-object-atoms set size:18278 disposed:false
952 silly fetch manifest get-intrinsic@^1.3.0
953 silly packumentCache full:https://registry.npmjs.org/get-intrinsic cache-miss
954 http cache https://registry.npmjs.org/get-intrinsic 2ms (cache hit)
955 silly packumentCache full:https://registry.npmjs.org/get-intrinsic set size:60985 disposed:false
956 silly fetch manifest is-string@^1.1.1
957 silly packumentCache full:https://registry.npmjs.org/is-string cache-miss
958 http cache https://registry.npmjs.org/is-string 2ms (cache hit)
959 silly packumentCache full:https://registry.npmjs.org/is-string set size:29636 disposed:false
960 silly fetch manifest math-intrinsics@^1.1.0
961 silly packumentCache full:https://registry.npmjs.org/math-intrinsics cache-miss
962 http cache https://registry.npmjs.org/math-intrinsics 2ms (cache hit)
963 silly packumentCache full:https://registry.npmjs.org/math-intrinsics set size:9265 disposed:false
964 silly fetch manifest es-abstract@^1.23.9
965 silly packumentCache full:https://registry.npmjs.org/es-abstract cache-hit
966 silly fetch manifest es-shim-unscopables@^1.1.0
967 silly packumentCache full:https://registry.npmjs.org/es-shim-unscopables cache-miss
968 http cache https://registry.npmjs.org/es-shim-unscopables 2ms (cache hit)
969 silly packumentCache full:https://registry.npmjs.org/es-shim-unscopables set size:13965 disposed:false
970 silly fetch manifest es-abstract@^1.23.5
971 silly packumentCache full:https://registry.npmjs.org/es-abstract cache-hit
972 silly fetch manifest es-shim-unscopables@^1.0.2
973 silly packumentCache full:https://registry.npmjs.org/es-shim-unscopables cache-hit
974 silly fetch manifest function-bind@^1.1.2
975 silly packumentCache full:https://registry.npmjs.org/function-bind cache-miss
976 http cache https://registry.npmjs.org/function-bind 2ms (cache hit)
977 silly packumentCache full:https://registry.npmjs.org/function-bind set size:15733 disposed:false
978 silly fetch manifest brace-expansion@^1.1.7
979 silly packumentCache full:https://registry.npmjs.org/brace-expansion cache-hit
980 silly fetch manifest call-bind@^1.0.7
981 silly packumentCache full:https://registry.npmjs.org/call-bind cache-hit
982 silly fetch manifest es-abstract@^1.23.2
983 silly packumentCache full:https://registry.npmjs.org/es-abstract cache-hit
984 silly fetch manifest es-object-atoms@^1.0.0
985 silly packumentCache full:https://registry.npmjs.org/es-object-atoms cache-hit
986 silly fetch manifest call-bound@^1.0.3
987 silly packumentCache full:https://registry.npmjs.org/call-bound cache-hit
988 silly fetch manifest call-bind@^1.0.9
989 silly packumentCache full:https://registry.npmjs.org/call-bind cache-hit
990 silly fetch manifest es-object-atoms@^1.1.2
991 silly packumentCache full:https://registry.npmjs.org/es-object-atoms cache-hit
992 silly fetch manifest json5@^1.0.2
993 silly packumentCache full:https://registry.npmjs.org/json5 cache-miss
994 http cache https://registry.npmjs.org/json5 2ms (cache hit)
995 silly packumentCache full:https://registry.npmjs.org/json5 set size:86136 disposed:false
996 silly fetch manifest minimist@^1.2.6
997 silly packumentCache full:https://registry.npmjs.org/minimist cache-miss
998 http cache https://registry.npmjs.org/minimist 2ms (cache hit)
999 silly packumentCache full:https://registry.npmjs.org/minimist set size:77063 disposed:false
1000 silly fetch manifest strip-bom@^3.0.0
1001 silly packumentCache full:https://registry.npmjs.org/strip-bom cache-miss
1002 http cache https://registry.npmjs.org/strip-bom 2ms (cache hit)
1003 silly packumentCache full:https://registry.npmjs.org/strip-bom set size:19359 disposed:false
1004 silly fetch manifest @types/json5@^0.0.29
1005 silly packumentCache full:https://registry.npmjs.org/@types%2fjson5 cache-miss
1006 http cache https://registry.npmjs.org/@types%2fjson5 2ms (cache hit)
1007 silly packumentCache full:https://registry.npmjs.org/@types%2fjson5 set size:19581 disposed:false
1008 silly placeDep ROOT call-bind@1.0.9 OK for: array-includes@3.1.9 want: ^1.0.8
1009 silly placeDep ROOT call-bound@1.0.4 OK for: array-includes@3.1.9 want: ^1.0.4
1010 silly placeDep ROOT define-properties@1.2.1 OK for: array-includes@3.1.9 want: ^1.2.1
1011 silly placeDep ROOT es-abstract@1.24.2 OK for: array-includes@3.1.9 want: ^1.24.0
1012 silly placeDep ROOT es-object-atoms@1.1.2 OK for: array-includes@3.1.9 want: ^1.1.1
1013 silly placeDep ROOT get-intrinsic@1.3.0 OK for: array-includes@3.1.9 want: ^1.3.0
1014 silly placeDep ROOT is-string@1.1.1 OK for: array-includes@3.1.9 want: ^1.1.1
1015 silly placeDep ROOT math-intrinsics@1.1.0 OK for: array-includes@3.1.9 want: ^1.1.0
1016 silly fetch manifest call-bind-apply-helpers@^1.0.2
1017 silly packumentCache full:https://registry.npmjs.org/call-bind-apply-helpers cache-miss
1018 http cache https://registry.npmjs.org/call-bind-apply-helpers 1ms (cache hit)
1019 silly packumentCache full:https://registry.npmjs.org/call-bind-apply-helpers set size:12744 disposed:false
1020 silly fetch manifest es-define-property@^1.0.1
1021 silly packumentCache full:https://registry.npmjs.org/es-define-property cache-miss
1022 http cache https://registry.npmjs.org/es-define-property 2ms (cache hit)
1023 silly packumentCache full:https://registry.npmjs.org/es-define-property set size:8542 disposed:false
1024 silly fetch manifest set-function-length@^1.2.2
1025 silly packumentCache full:https://registry.npmjs.org/set-function-length cache-miss
1026 http cache https://registry.npmjs.org/set-function-length 1ms (cache hit)
1027 silly packumentCache full:https://registry.npmjs.org/set-function-length set size:24261 disposed:false
1028 silly fetch manifest define-data-property@^1.0.1
1029 silly packumentCache full:https://registry.npmjs.org/define-data-property cache-miss
1030 http cache https://registry.npmjs.org/define-data-property 2ms (cache hit)
1031 silly packumentCache full:https://registry.npmjs.org/define-data-property set size:28048 disposed:false
1032 silly fetch manifest has-property-descriptors@^1.0.0
1033 silly packumentCache full:https://registry.npmjs.org/has-property-descriptors cache-miss
1034 http cache https://registry.npmjs.org/has-property-descriptors 2ms (cache hit)
1035 silly packumentCache full:https://registry.npmjs.org/has-property-descriptors set size:12452 disposed:false
1036 silly fetch manifest array-buffer-byte-length@^1.0.2
1037 silly packumentCache full:https://registry.npmjs.org/array-buffer-byte-length cache-miss
1038 http cache https://registry.npmjs.org/array-buffer-byte-length 2ms (cache hit)
1039 silly packumentCache full:https://registry.npmjs.org/array-buffer-byte-length set size:13099 disposed:false
1040 silly fetch manifest arraybuffer.prototype.slice@^1.0.4
1041 silly packumentCache full:https://registry.npmjs.org/arraybuffer.prototype.slice cache-miss
1042 http cache https://registry.npmjs.org/arraybuffer.prototype.slice 1ms (cache hit)
1043 silly packumentCache full:https://registry.npmjs.org/arraybuffer.prototype.slice set size:20917 disposed:false
1044 silly fetch manifest available-typed-arrays@^1.0.7
1045 silly packumentCache full:https://registry.npmjs.org/available-typed-arrays cache-miss
1046 http cache https://registry.npmjs.org/available-typed-arrays 2ms (cache hit)
1047 silly packumentCache full:https://registry.npmjs.org/available-typed-arrays set size:31390 disposed:false
1048 silly fetch manifest data-view-buffer@^1.0.2
1049 silly packumentCache full:https://registry.npmjs.org/data-view-buffer cache-miss
1050 http cache https://registry.npmjs.org/data-view-buffer 2ms (cache hit)
1051 silly packumentCache full:https://registry.npmjs.org/data-view-buffer set size:11789 disposed:false
1052 silly fetch manifest data-view-byte-length@^1.0.2
1053 silly packumentCache full:https://registry.npmjs.org/data-view-byte-length cache-miss
1054 http cache https://registry.npmjs.org/data-view-byte-length 1ms (cache hit)
1055 silly packumentCache full:https://registry.npmjs.org/data-view-byte-length set size:12269 disposed:false
1056 silly fetch manifest data-view-byte-offset@^1.0.1
1057 silly packumentCache full:https://registry.npmjs.org/data-view-byte-offset cache-miss
1058 http cache https://registry.npmjs.org/data-view-byte-offset 1ms (cache hit)
1059 silly packumentCache full:https://registry.npmjs.org/data-view-byte-offset set size:9200 disposed:false
1060 silly fetch manifest es-set-tostringtag@^2.1.0
1061 silly packumentCache full:https://registry.npmjs.org/es-set-tostringtag cache-miss
1062 http cache https://registry.npmjs.org/es-set-tostringtag 2ms (cache hit)
1063 silly packumentCache full:https://registry.npmjs.org/es-set-tostringtag set size:22094 disposed:false
1064 silly fetch manifest es-to-primitive@^1.3.0
1065 silly packumentCache full:https://registry.npmjs.org/es-to-primitive cache-miss
1066 http cache https://registry.npmjs.org/es-to-primitive 2ms (cache hit)
1067 silly packumentCache full:https://registry.npmjs.org/es-to-primitive set size:35315 disposed:false
1068 silly fetch manifest function.prototype.name@^1.1.8
1069 silly packumentCache full:https://registry.npmjs.org/function.prototype.name cache-miss
1070 http cache https://registry.npmjs.org/function.prototype.name 2ms (cache hit)
1071 silly packumentCache full:https://registry.npmjs.org/function.prototype.name set size:48566 disposed:false
1072 silly fetch manifest get-proto@^1.0.1
1073 silly packumentCache full:https://registry.npmjs.org/get-proto cache-miss
1074 http cache https://registry.npmjs.org/get-proto 1ms (cache hit)
1075 silly packumentCache full:https://registry.npmjs.org/get-proto set size:8300 disposed:false
1076 silly fetch manifest get-symbol-description@^1.1.0
1077 silly packumentCache full:https://registry.npmjs.org/get-symbol-description cache-miss
1078 http cache https://registry.npmjs.org/get-symbol-description 1ms (cache hit)
1079 silly packumentCache full:https://registry.npmjs.org/get-symbol-description set size:15540 disposed:false
1080 silly fetch manifest globalthis@^1.0.4
1081 silly packumentCache full:https://registry.npmjs.org/globalthis cache-miss
1082 http cache https://registry.npmjs.org/globalthis 2ms (cache hit)
1083 silly packumentCache full:https://registry.npmjs.org/globalthis set size:22522 disposed:false
1084 silly fetch manifest gopd@^1.2.0
1085 silly packumentCache full:https://registry.npmjs.org/gopd cache-miss
1086 http cache https://registry.npmjs.org/gopd 1ms (cache hit)
1087 silly packumentCache full:https://registry.npmjs.org/gopd set size:11458 disposed:false
1088 silly fetch manifest has-property-descriptors@^1.0.2
1089 silly packumentCache full:https://registry.npmjs.org/has-property-descriptors cache-hit
1090 silly fetch manifest has-proto@^1.2.0
1091 silly packumentCache full:https://registry.npmjs.org/has-proto cache-miss
1092 http cache https://registry.npmjs.org/has-proto 2ms (cache hit)
1093 silly packumentCache full:https://registry.npmjs.org/has-proto set size:21527 disposed:false
1094 silly fetch manifest has-symbols@^1.1.0
1095 silly packumentCache full:https://registry.npmjs.org/has-symbols cache-miss
1096 http cache https://registry.npmjs.org/has-symbols 1ms (cache hit)
1097 silly packumentCache full:https://registry.npmjs.org/has-symbols set size:21550 disposed:false
1098 silly fetch manifest internal-slot@^1.1.0
1099 silly packumentCache full:https://registry.npmjs.org/internal-slot cache-miss
1100 http cache https://registry.npmjs.org/internal-slot 1ms (cache hit)
1101 silly packumentCache full:https://registry.npmjs.org/internal-slot set size:30267 disposed:false
1102 silly fetch manifest is-array-buffer@^3.0.5
1103 silly packumentCache full:https://registry.npmjs.org/is-array-buffer cache-miss
1104 http cache https://registry.npmjs.org/is-array-buffer 2ms (cache hit)
1105 silly packumentCache full:https://registry.npmjs.org/is-array-buffer set size:33562 disposed:false
1106 silly fetch manifest is-callable@^1.2.7
1107 silly packumentCache full:https://registry.npmjs.org/is-callable cache-miss
1108 http cache https://registry.npmjs.org/is-callable 2ms (cache hit)
1109 silly packumentCache full:https://registry.npmjs.org/is-callable set size:66606 disposed:false
1110 silly fetch manifest is-data-view@^1.0.2
1111 silly packumentCache full:https://registry.npmjs.org/is-data-view cache-miss
1112 http cache https://registry.npmjs.org/is-data-view 2ms (cache hit)
1113 silly packumentCache full:https://registry.npmjs.org/is-data-view set size:13756 disposed:false
1114 silly fetch manifest is-negative-zero@^2.0.3
1115 silly packumentCache full:https://registry.npmjs.org/is-negative-zero cache-miss
1116 http cache https://registry.npmjs.org/is-negative-zero 2ms (cache hit)
1117 silly packumentCache full:https://registry.npmjs.org/is-negative-zero set size:22152 disposed:false
1118 silly fetch manifest is-regex@^1.2.1
1119 silly packumentCache full:https://registry.npmjs.org/is-regex cache-miss
1120 http cache https://registry.npmjs.org/is-regex 2ms (cache hit)
1121 silly packumentCache full:https://registry.npmjs.org/is-regex set size:42924 disposed:false
1122 silly fetch manifest is-set@^2.0.3
1123 silly packumentCache full:https://registry.npmjs.org/is-set cache-miss
1124 http cache https://registry.npmjs.org/is-set 1ms (cache hit)
1125 silly packumentCache full:https://registry.npmjs.org/is-set set size:16614 disposed:false
1126 silly fetch manifest is-shared-array-buffer@^1.0.4
1127 silly packumentCache full:https://registry.npmjs.org/is-shared-array-buffer cache-miss
1128 http cache https://registry.npmjs.org/is-shared-array-buffer 2ms (cache hit)
1129 silly packumentCache full:https://registry.npmjs.org/is-shared-array-buffer set size:19880 disposed:false
1130 silly fetch manifest is-typed-array@^1.1.15
1131 silly packumentCache full:https://registry.npmjs.org/is-typed-array cache-miss
1132 http cache https://registry.npmjs.org/is-typed-array 3ms (cache hit)
1133 silly packumentCache full:https://registry.npmjs.org/is-typed-array set size:79965 disposed:false
1134 silly fetch manifest is-weakref@^1.1.1
1135 silly packumentCache full:https://registry.npmjs.org/is-weakref cache-miss
1136 http cache https://registry.npmjs.org/is-weakref 1ms (cache hit)
1137 silly packumentCache full:https://registry.npmjs.org/is-weakref set size:18473 disposed:false
1138 silly fetch manifest object-inspect@^1.13.4
1139 silly packumentCache full:https://registry.npmjs.org/object-inspect cache-miss
1140 http cache https://registry.npmjs.org/object-inspect 2ms (cache hit)
1141 silly packumentCache full:https://registry.npmjs.org/object-inspect set size:101912 disposed:false
1142 silly fetch manifest object.assign@^4.1.7
1143 silly packumentCache full:https://registry.npmjs.org/object.assign cache-miss
1144 http cache https://registry.npmjs.org/object.assign 1ms (cache hit)
1145 silly packumentCache full:https://registry.npmjs.org/object.assign set size:85907 disposed:false
1146 silly fetch manifest own-keys@^1.0.1
1147 silly packumentCache full:https://registry.npmjs.org/own-keys cache-miss
1148 http cache https://registry.npmjs.org/own-keys 1ms (cache hit)
1149 silly packumentCache full:https://registry.npmjs.org/own-keys set size:8735 disposed:false
1150 silly fetch manifest regexp.prototype.flags@^1.5.4
1151 silly packumentCache full:https://registry.npmjs.org/regexp.prototype.flags cache-miss
1152 http cache https://registry.npmjs.org/regexp.prototype.flags 2ms (cache hit)
1153 silly packumentCache full:https://registry.npmjs.org/regexp.prototype.flags set size:60621 disposed:false
1154 silly fetch manifest safe-array-concat@^1.1.3
1155 silly packumentCache full:https://registry.npmjs.org/safe-array-concat cache-miss
1156 http cache https://registry.npmjs.org/safe-array-concat 2ms (cache hit)
1157 silly packumentCache full:https://registry.npmjs.org/safe-array-concat set size:25516 disposed:false
1158 silly fetch manifest safe-push-apply@^1.0.0
1159 silly packumentCache full:https://registry.npmjs.org/safe-push-apply cache-miss
1160 http cache https://registry.npmjs.org/safe-push-apply 2ms (cache hit)
1161 silly packumentCache full:https://registry.npmjs.org/safe-push-apply set size:5759 disposed:false
1162 silly fetch manifest safe-regex-test@^1.1.0
1163 silly packumentCache full:https://registry.npmjs.org/safe-regex-test cache-hit
1164 silly fetch manifest set-proto@^1.0.0
1165 silly packumentCache full:https://registry.npmjs.org/set-proto cache-miss
1166 http cache https://registry.npmjs.org/set-proto 2ms (cache hit)
1167 silly packumentCache full:https://registry.npmjs.org/set-proto set size:5334 disposed:false
1168 silly fetch manifest stop-iteration-iterator@^1.1.0
1169 silly packumentCache full:https://registry.npmjs.org/stop-iteration-iterator cache-miss
1170 http cache https://registry.npmjs.org/stop-iteration-iterator 6ms (cache hit)
1171 silly packumentCache full:https://registry.npmjs.org/stop-iteration-iterator set size:9160 disposed:false
1172 silly fetch manifest string.prototype.trim@^1.2.10
1173 silly packumentCache full:https://registry.npmjs.org/string.prototype.trim cache-miss
1174 http cache https://registry.npmjs.org/string.prototype.trim 2ms (cache hit)
1175 silly packumentCache full:https://registry.npmjs.org/string.prototype.trim set size:57416 disposed:false
1176 silly fetch manifest string.prototype.trimstart@^1.0.8
1177 silly packumentCache full:https://registry.npmjs.org/string.prototype.trimstart cache-miss
1178 http cache https://registry.npmjs.org/string.prototype.trimstart 2ms (cache hit)
1179 silly packumentCache full:https://registry.npmjs.org/string.prototype.trimstart set size:38291 disposed:false
1180 silly fetch manifest typed-array-buffer@^1.0.3
1181 silly packumentCache full:https://registry.npmjs.org/typed-array-buffer cache-miss
1182 http cache https://registry.npmjs.org/typed-array-buffer 2ms (cache hit)
1183 silly packumentCache full:https://registry.npmjs.org/typed-array-buffer set size:14045 disposed:false
1184 silly fetch manifest typed-array-byte-length@^1.0.3
1185 silly packumentCache full:https://registry.npmjs.org/typed-array-byte-length cache-miss
1186 http cache https://registry.npmjs.org/typed-array-byte-length 2ms (cache hit)
1187 silly packumentCache full:https://registry.npmjs.org/typed-array-byte-length set size:18382 disposed:false
1188 silly fetch manifest typed-array-byte-offset@^1.0.4
1189 silly packumentCache full:https://registry.npmjs.org/typed-array-byte-offset cache-miss
1190 http cache https://registry.npmjs.org/typed-array-byte-offset 2ms (cache hit)
1191 silly packumentCache full:https://registry.npmjs.org/typed-array-byte-offset set size:21714 disposed:false
1192 silly fetch manifest typed-array-length@^1.0.7
1193 silly packumentCache full:https://registry.npmjs.org/typed-array-length cache-miss
1194 http cache https://registry.npmjs.org/typed-array-length 2ms (cache hit)
1195 silly packumentCache full:https://registry.npmjs.org/typed-array-length set size:35665 disposed:false
1196 silly fetch manifest unbox-primitive@^1.1.0
1197 silly packumentCache full:https://registry.npmjs.org/unbox-primitive cache-miss
1198 http cache https://registry.npmjs.org/unbox-primitive 2ms (cache hit)
1199 silly packumentCache full:https://registry.npmjs.org/unbox-primitive set size:15669 disposed:false
1200 silly fetch manifest which-typed-array@^1.1.19
1201 silly packumentCache full:https://registry.npmjs.org/which-typed-array cache-miss
1202 http cache https://registry.npmjs.org/which-typed-array 2ms (cache hit)
1203 silly packumentCache full:https://registry.npmjs.org/which-typed-array set size:101551 disposed:false
1204 silly fetch manifest has-tostringtag@^1.0.2
1205 silly packumentCache full:https://registry.npmjs.org/has-tostringtag cache-miss
1206 http cache https://registry.npmjs.org/has-tostringtag 2ms (cache hit)
1207 silly packumentCache full:https://registry.npmjs.org/has-tostringtag set size:13945 disposed:false
1208 silly placeDep ROOT es-errors@1.3.0 OK for: array.prototype.findlastindex@1.2.6 want: ^1.3.0
1209 silly placeDep ROOT es-shim-unscopables@1.1.0 OK for: array.prototype.findlastindex@1.2.6 want: ^1.1.0
1210 silly placeDep ROOT call-bind-apply-helpers@1.0.2 OK for: call-bind@1.0.9 want: ^1.0.2
1211 silly placeDep ROOT es-define-property@1.0.1 OK for: call-bind@1.0.9 want: ^1.0.1
1212 silly placeDep ROOT set-function-length@1.2.2 OK for: call-bind@1.0.9 want: ^1.2.2
1213 silly fetch manifest define-data-property@^1.1.4
1214 silly packumentCache full:https://registry.npmjs.org/define-data-property cache-hit
1215 silly fetch manifest gopd@^1.0.1
1216 silly packumentCache full:https://registry.npmjs.org/gopd cache-hit
1217 silly placeDep ROOT function-bind@1.1.2 OK for: call-bind-apply-helpers@1.0.2 want: ^1.1.2
1218 silly placeDep ROOT define-data-property@1.1.4 OK for: define-properties@1.2.1 want: ^1.0.1
1219 silly placeDep ROOT has-property-descriptors@1.0.2 OK for: define-properties@1.2.1 want: ^1.0.0
1220 silly placeDep ROOT object-keys@1.1.1 OK for: define-properties@1.2.1 want: ^1.1.1
1221 silly placeDep ROOT gopd@1.2.0 OK for: define-data-property@1.1.4 want: ^1.0.1
1222 silly placeDep ROOT array-buffer-byte-length@1.0.2 OK for: es-abstract@1.24.2 want: ^1.0.2
1223 silly placeDep ROOT arraybuffer.prototype.slice@1.0.4 OK for: es-abstract@1.24.2 want: ^1.0.4
1224 silly placeDep ROOT available-typed-arrays@1.0.7 OK for: es-abstract@1.24.2 want: ^1.0.7
1225 silly placeDep ROOT data-view-buffer@1.0.2 OK for: es-abstract@1.24.2 want: ^1.0.2
1226 silly placeDep ROOT data-view-byte-length@1.0.2 OK for: es-abstract@1.24.2 want: ^1.0.2
1227 silly placeDep ROOT data-view-byte-offset@1.0.1 OK for: es-abstract@1.24.2 want: ^1.0.1
1228 silly placeDep ROOT es-set-tostringtag@2.1.0 OK for: es-abstract@1.24.2 want: ^2.1.0
1229 silly placeDep ROOT es-to-primitive@1.3.4 OK for: es-abstract@1.24.2 want: ^1.3.0
1230 silly placeDep ROOT function.prototype.name@1.2.0 OK for: es-abstract@1.24.2 want: ^1.1.8
1231 silly placeDep ROOT get-proto@1.0.1 OK for: es-abstract@1.24.2 want: ^1.0.1
1232 silly placeDep ROOT get-symbol-description@1.1.0 OK for: es-abstract@1.24.2 want: ^1.1.0
1233 silly placeDep ROOT globalthis@1.0.4 OK for: es-abstract@1.24.2 want: ^1.0.4
1234 silly placeDep ROOT has-proto@1.2.0 OK for: es-abstract@1.24.2 want: ^1.2.0
1235 silly placeDep ROOT has-symbols@1.1.0 OK for: es-abstract@1.24.2 want: ^1.1.0
1236 silly placeDep ROOT internal-slot@1.1.0 OK for: es-abstract@1.24.2 want: ^1.1.0
1237 silly placeDep ROOT is-array-buffer@3.0.5 OK for: es-abstract@1.24.2 want: ^3.0.5
1238 silly placeDep ROOT is-callable@1.2.7 OK for: es-abstract@1.24.2 want: ^1.2.7
1239 silly placeDep ROOT is-data-view@1.0.2 OK for: es-abstract@1.24.2 want: ^1.0.2
1240 silly placeDep ROOT is-negative-zero@2.0.3 OK for: es-abstract@1.24.2 want: ^2.0.3
1241 silly placeDep ROOT is-regex@1.2.1 OK for: es-abstract@1.24.2 want: ^1.2.1
1242 silly placeDep ROOT is-set@2.0.3 OK for: es-abstract@1.24.2 want: ^2.0.3
1243 silly placeDep ROOT is-shared-array-buffer@1.0.4 OK for: es-abstract@1.24.2 want: ^1.0.4
1244 silly placeDep ROOT is-typed-array@1.1.15 OK for: es-abstract@1.24.2 want: ^1.1.15
1245 silly placeDep ROOT is-weakref@1.1.1 OK for: es-abstract@1.24.2 want: ^1.1.1
1246 silly placeDep ROOT object-inspect@1.13.4 OK for: es-abstract@1.24.2 want: ^1.13.4
1247 silly placeDep ROOT object.assign@4.1.7 OK for: es-abstract@1.24.2 want: ^4.1.7
1248 silly placeDep ROOT own-keys@1.0.1 OK for: es-abstract@1.24.2 want: ^1.0.1
1249 silly placeDep ROOT regexp.prototype.flags@1.5.4 OK for: es-abstract@1.24.2 want: ^1.5.4
1250 silly placeDep ROOT safe-array-concat@1.1.4 OK for: es-abstract@1.24.2 want: ^1.1.3
1251 silly placeDep ROOT safe-push-apply@1.0.0 OK for: es-abstract@1.24.2 want: ^1.0.0
1252 silly placeDep ROOT safe-regex-test@1.1.0 OK for: es-abstract@1.24.2 want: ^1.1.0
1253 silly placeDep ROOT set-proto@1.0.0 OK for: es-abstract@1.24.2 want: ^1.0.0
1254 silly placeDep ROOT stop-iteration-iterator@1.1.0 OK for: es-abstract@1.24.2 want: ^1.1.0
1255 silly placeDep ROOT string.prototype.trim@1.2.11 OK for: es-abstract@1.24.2 want: ^1.2.10
1256 silly placeDep ROOT string.prototype.trimstart@1.0.8 OK for: es-abstract@1.24.2 want: ^1.0.8
1257 silly placeDep ROOT typed-array-buffer@1.0.3 OK for: es-abstract@1.24.2 want: ^1.0.3
1258 silly placeDep ROOT typed-array-byte-length@1.0.3 OK for: es-abstract@1.24.2 want: ^1.0.3
1259 silly placeDep ROOT typed-array-byte-offset@1.0.4 OK for: es-abstract@1.24.2 want: ^1.0.4
1260 silly placeDep ROOT typed-array-length@1.0.8 OK for: es-abstract@1.24.2 want: ^1.0.7
1261 silly placeDep ROOT unbox-primitive@1.1.0 OK for: es-abstract@1.24.2 want: ^1.1.0
1262 silly placeDep ROOT which-typed-array@1.1.22 OK for: es-abstract@1.24.2 want: ^1.1.19
1263 silly fetch manifest is-array-buffer@^3.0.4
1264 silly packumentCache full:https://registry.npmjs.org/is-array-buffer cache-hit
1265 silly fetch manifest possible-typed-array-names@^1.0.0
1266 silly packumentCache full:https://registry.npmjs.org/possible-typed-array-names cache-miss
1267 http cache https://registry.npmjs.org/possible-typed-array-names 12ms (cache hit)
1268 silly packumentCache full:https://registry.npmjs.org/possible-typed-array-names set size:9167 disposed:false
1269 silly fetch manifest is-data-view@^1.0.1
1270 silly packumentCache full:https://registry.npmjs.org/is-data-view cache-hit
1271 silly fetch manifest is-symbol@^1.1.1
1272 silly packumentCache full:https://registry.npmjs.org/is-symbol cache-miss
1273 http cache https://registry.npmjs.org/is-symbol 3ms (cache hit)
1274 silly packumentCache full:https://registry.npmjs.org/is-symbol set size:22675 disposed:false
1275 silly fetch manifest is-date-object@^1.1.0
1276 silly packumentCache full:https://registry.npmjs.org/is-date-object cache-miss
1277 http cache https://registry.npmjs.org/is-date-object 3ms (cache hit)
1278 silly packumentCache full:https://registry.npmjs.org/is-date-object set size:25050 disposed:false
1279 silly fetch manifest es-abstract-get@^1.0.0
1280 silly packumentCache full:https://registry.npmjs.org/es-abstract-get cache-miss
1281 http cache https://registry.npmjs.org/es-abstract-get 3ms (cache hit)
1282 silly packumentCache full:https://registry.npmjs.org/es-abstract-get set size:7156 disposed:false
1283 silly fetch manifest is-document.all@^1.0.0
1284 silly packumentCache full:https://registry.npmjs.org/is-document.all cache-miss
1285 http cache https://registry.npmjs.org/is-document.all 1ms (cache hit)
1286 silly packumentCache full:https://registry.npmjs.org/is-document.all set size:5283 disposed:false
1287 silly fetch manifest functions-have-names@^1.2.3
1288 silly packumentCache full:https://registry.npmjs.org/functions-have-names cache-miss
1289 http cache https://registry.npmjs.org/functions-have-names 2ms (cache hit)
1290 silly packumentCache full:https://registry.npmjs.org/functions-have-names set size:24196 disposed:false
1291 silly fetch manifest dunder-proto@^1.0.1
1292 silly packumentCache full:https://registry.npmjs.org/dunder-proto cache-miss
1293 http cache https://registry.npmjs.org/dunder-proto 2ms (cache hit)
1294 silly packumentCache full:https://registry.npmjs.org/dunder-proto set size:8256 disposed:false
1295 silly fetch manifest dunder-proto@^1.0.0
1296 silly packumentCache full:https://registry.npmjs.org/dunder-proto cache-hit
1297 silly fetch manifest side-channel@^1.1.0
1298 silly packumentCache full:https://registry.npmjs.org/side-channel cache-miss
1299 http cache https://registry.npmjs.org/side-channel 2ms (cache hit)
1300 silly packumentCache full:https://registry.npmjs.org/side-channel set size:27650 disposed:false
1301 silly fetch manifest is-typed-array@^1.1.13
1302 silly packumentCache full:https://registry.npmjs.org/is-typed-array cache-hit
1303 silly fetch manifest which-typed-array@^1.1.16
1304 silly packumentCache full:https://registry.npmjs.org/which-typed-array cache-hit
1305 silly fetch manifest set-function-name@^2.0.2
1306 silly packumentCache full:https://registry.npmjs.org/set-function-name cache-miss
1307 http cache https://registry.npmjs.org/set-function-name 1ms (cache hit)
1308 silly packumentCache full:https://registry.npmjs.org/set-function-name set size:13766 disposed:false
1309 silly fetch manifest isarray@^2.0.5
1310 silly packumentCache full:https://registry.npmjs.org/isarray cache-miss
1311 http cache https://registry.npmjs.org/isarray 2ms (cache hit)
1312 silly packumentCache full:https://registry.npmjs.org/isarray set size:17392 disposed:false
1313 silly fetch manifest for-each@^0.3.3
1314 silly packumentCache full:https://registry.npmjs.org/for-each cache-miss
1315 http cache https://registry.npmjs.org/for-each 1ms (cache hit)
1316 silly packumentCache full:https://registry.npmjs.org/for-each set size:14327 disposed:false
1317 silly fetch manifest reflect.getprototypeof@^1.0.9
1318 silly packumentCache full:https://registry.npmjs.org/reflect.getprototypeof cache-miss
1319 http cache https://registry.npmjs.org/reflect.getprototypeof 2ms (cache hit)
1320 silly packumentCache full:https://registry.npmjs.org/reflect.getprototypeof set size:44083 disposed:false
1321 silly fetch manifest for-each@^0.3.5
1322 silly packumentCache full:https://registry.npmjs.org/for-each cache-hit
1323 silly fetch manifest possible-typed-array-names@^1.1.0
1324 silly packumentCache full:https://registry.npmjs.org/possible-typed-array-names cache-hit
1325 silly fetch manifest reflect.getprototypeof@^1.0.10
1326 silly packumentCache full:https://registry.npmjs.org/reflect.getprototypeof cache-hit
1327 silly fetch manifest has-bigints@^1.0.2
1328 silly packumentCache full:https://registry.npmjs.org/has-bigints cache-miss
1329 http cache https://registry.npmjs.org/has-bigints 1ms (cache hit)
1330 silly packumentCache full:https://registry.npmjs.org/has-bigints set size:14176 disposed:false
1331 silly fetch manifest which-boxed-primitive@^1.1.1
1332 silly packumentCache full:https://registry.npmjs.org/which-boxed-primitive cache-miss
1333 http cache https://registry.npmjs.org/which-boxed-primitive 2ms (cache hit)
1334 silly packumentCache full:https://registry.npmjs.org/which-boxed-primitive set size:19407 disposed:false
1335 silly placeDep ROOT possible-typed-array-names@1.1.0 OK for: available-typed-arrays@1.0.7 want: ^1.0.0
1336 silly placeDep ROOT has-tostringtag@1.0.2 OK for: es-set-tostringtag@2.1.0 want: ^1.0.2
1337 silly placeDep ROOT es-abstract-get@1.0.0 OK for: es-to-primitive@1.3.4 want: ^1.0.0
1338 silly placeDep ROOT is-date-object@1.1.0 OK for: es-to-primitive@1.3.4 want: ^1.1.0
1339 silly placeDep ROOT is-symbol@1.1.1 OK for: es-to-primitive@1.3.4 want: ^1.1.1
1340 silly placeDep node_modules/eslint-module-utils debug@3.2.7 OK for: eslint-module-utils@2.13.0 want: ^3.2.7
1341 silly placeDep ROOT aria-query@5.3.2 OK for: eslint-plugin-jsx-a11y@6.10.2 want: ^5.3.2
1342 silly placeDep ROOT ast-types-flow@0.0.8 OK for: eslint-plugin-jsx-a11y@6.10.2 want: ^0.0.8
1343 silly placeDep ROOT axe-core@4.12.1 OK for: eslint-plugin-jsx-a11y@6.10.2 want: ^4.10.0
1344 silly placeDep ROOT axobject-query@4.1.0 OK for: eslint-plugin-jsx-a11y@6.10.2 want: ^4.1.0
1345 silly placeDep ROOT damerau-levenshtein@1.0.8 OK for: eslint-plugin-jsx-a11y@6.10.2 want: ^1.0.8
1346 silly placeDep ROOT emoji-regex@9.2.2 OK for: eslint-plugin-jsx-a11y@6.10.2 want: ^9.2.2
1347 silly placeDep ROOT jsx-ast-utils@3.3.5 OK for: eslint-plugin-jsx-a11y@6.10.2 want: ^3.3.5
1348 silly placeDep ROOT language-tags@1.0.9 OK for: eslint-plugin-jsx-a11y@6.10.2 want: ^1.0.9
1349 silly placeDep node_modules/eslint-plugin-jsx-a11y minimatch@3.1.5 OK for: eslint-plugin-jsx-a11y@6.10.2 want: ^3.1.2
1350 silly placeDep ROOT string.prototype.includes@2.0.1 OK for: eslint-plugin-jsx-a11y@6.10.2 want: ^2.0.1
1351 silly fetch manifest language-subtag-registry@^0.3.20
1352 silly packumentCache full:https://registry.npmjs.org/language-subtag-registry cache-miss
1353 http cache https://registry.npmjs.org/language-subtag-registry 2ms (cache hit)
1354 silly packumentCache full:https://registry.npmjs.org/language-subtag-registry set size:46437 disposed:false
1355 silly placeDep ROOT array.prototype.findlast@1.2.5 OK for: eslint-plugin-react@7.37.5 want: ^1.2.5
1356 silly placeDep ROOT array.prototype.tosorted@1.1.4 OK for: eslint-plugin-react@7.37.5 want: ^1.1.4
1357 silly placeDep ROOT es-iterator-helpers@1.3.3 OK for: eslint-plugin-react@7.37.5 want: ^1.2.1
1358 silly placeDep ROOT estraverse@5.3.0 OK for: eslint-plugin-react@7.37.5 want: ^5.3.0
1359 silly placeDep node_modules/eslint-plugin-react minimatch@3.1.5 OK for: eslint-plugin-react@7.37.5 want: ^3.1.2
1360 silly placeDep ROOT object.entries@1.1.9 OK for: eslint-plugin-react@7.37.5 want: ^1.1.9
1361 silly placeDep ROOT prop-types@15.8.1 OK for: eslint-plugin-react@7.37.5 want: ^15.8.1
1362 silly placeDep node_modules/eslint-plugin-react semver@6.3.1 OK for: eslint-plugin-react@7.37.5 want: ^6.3.1
1363 silly placeDep ROOT string.prototype.matchall@4.0.12 OK for: eslint-plugin-react@7.37.5 want: ^4.0.12
1364 silly placeDep ROOT string.prototype.repeat@1.0.0 OK for: eslint-plugin-react@7.37.5 want: ^1.0.0
1365 silly fetch manifest iterator.prototype@^1.1.5
1366 silly packumentCache full:https://registry.npmjs.org/iterator.prototype cache-miss
1367 http cache https://registry.npmjs.org/iterator.prototype 2ms (cache hit)
1368 silly packumentCache full:https://registry.npmjs.org/iterator.prototype set size:26870 disposed:false
1369 silly fetch manifest loose-envify@^1.4.0
1370 silly packumentCache full:https://registry.npmjs.org/loose-envify cache-miss
1371 http cache https://registry.npmjs.org/loose-envify 2ms (cache hit)
1372 silly packumentCache full:https://registry.npmjs.org/loose-envify set size:12559 disposed:false
1373 silly fetch manifest object-assign@^4.1.1
1374 silly packumentCache full:https://registry.npmjs.org/object-assign cache-miss
1375 http cache https://registry.npmjs.org/object-assign 2ms (cache hit)
1376 silly packumentCache full:https://registry.npmjs.org/object-assign set size:28988 disposed:false
1377 silly fetch manifest react-is@^16.13.1
1378 silly packumentCache full:https://registry.npmjs.org/react-is cache-miss
1379 http cache https://registry.npmjs.org/react-is 12ms (cache hit)
1380 silly packumentCache full:https://registry.npmjs.org/react-is set size:5455311 disposed:false
1381 silly placeDep ROOT iterator.prototype@1.1.5 OK for: es-iterator-helpers@1.3.3 want: ^1.1.5
1382 silly placeDep ROOT @types/esrecurse@4.3.1 OK for: eslint-scope@9.1.2 want: ^4.3.1
1383 silly placeDep ROOT esrecurse@4.3.0 OK for: eslint-scope@9.1.2 want: ^4.3.0
1384 silly placeDep ROOT acorn@8.17.0 OK for: espree@11.2.0 want: ^8.16.0
1385 silly placeDep ROOT acorn-jsx@5.3.2 OK for: espree@11.2.0 want: ^5.3.2
1386 silly placeDep ROOT @nodelib/fs.stat@2.0.5 OK for: fast-glob@3.3.1 want: ^2.0.2
1387 silly placeDep ROOT @nodelib/fs.walk@1.2.8 OK for: fast-glob@3.3.1 want: ^1.2.3
1388 silly placeDep node_modules/fast-glob glob-parent@5.1.2 OK for: fast-glob@3.3.1 want: ^5.1.2
1389 silly placeDep ROOT merge2@1.4.1 OK for: fast-glob@3.3.1 want: ^1.3.0
1390 silly placeDep ROOT micromatch@4.0.8 OK for: fast-glob@3.3.1 want: ^4.0.4
1391 silly fetch manifest fastq@^1.6.0
1392 silly packumentCache full:https://registry.npmjs.org/fastq cache-miss
1393 http cache https://registry.npmjs.org/fastq 3ms (cache hit)
1394 silly packumentCache full:https://registry.npmjs.org/fastq set size:78301 disposed:false
1395 silly fetch manifest @nodelib/fs.scandir@2.1.5
1396 silly packumentCache full:https://registry.npmjs.org/@nodelib%2ffs.scandir cache-miss
1397 http cache https://registry.npmjs.org/@nodelib%2ffs.scandir 2ms (cache hit)
1398 silly packumentCache full:https://registry.npmjs.org/@nodelib%2ffs.scandir set size:49256 disposed:false
1399 silly fetch manifest braces@^3.0.3
1400 silly packumentCache full:https://registry.npmjs.org/braces cache-miss
1401 http cache https://registry.npmjs.org/braces 2ms (cache hit)
1402 silly packumentCache full:https://registry.npmjs.org/braces set size:114529 disposed:false
1403 silly fetch manifest picomatch@^2.3.1
1404 silly packumentCache full:https://registry.npmjs.org/picomatch cache-hit
1405 silly placeDep ROOT @nodelib/fs.scandir@2.1.5 OK for: @nodelib/fs.walk@1.2.8 want: 2.1.5
1406 silly placeDep ROOT fastq@1.20.1 OK for: @nodelib/fs.walk@1.2.8 want: ^1.6.0
1407 silly fetch manifest run-parallel@^1.1.9
1408 silly packumentCache full:https://registry.npmjs.org/run-parallel cache-miss
1409 http cache https://registry.npmjs.org/run-parallel 1ms (cache hit)
1410 silly packumentCache full:https://registry.npmjs.org/run-parallel set size:35172 disposed:false
1411 silly fetch manifest reusify@^1.0.4
1412 silly packumentCache full:https://registry.npmjs.org/reusify cache-miss
1413 http cache https://registry.npmjs.org/reusify 2ms (cache hit)
1414 silly packumentCache full:https://registry.npmjs.org/reusify set size:14249 disposed:false
1415 silly placeDep ROOT run-parallel@1.2.0 OK for: @nodelib/fs.scandir@2.1.5 want: ^1.1.9
1416 silly fetch manifest queue-microtask@^1.2.2
1417 silly packumentCache full:https://registry.npmjs.org/queue-microtask cache-miss
1418 http cache https://registry.npmjs.org/queue-microtask 2ms (cache hit)
1419 silly packumentCache full:https://registry.npmjs.org/queue-microtask set size:36088 disposed:false
1420 silly placeDep ROOT reusify@1.1.0 OK for: fastq@1.20.1 want: ^1.0.4
1421 silly placeDep ROOT flat-cache@4.0.1 OK for: file-entry-cache@8.0.0 want: ^4.0.0
1422 silly fetch manifest keyv@^4.5.4
1423 silly packumentCache full:https://registry.npmjs.org/keyv cache-miss
1424 http cache https://registry.npmjs.org/keyv 3ms (cache hit)
1425 silly packumentCache full:https://registry.npmjs.org/keyv set size:224095 disposed:false
1426 silly fetch manifest flatted@^3.2.9
1427 silly packumentCache full:https://registry.npmjs.org/flatted cache-miss
1428 http cache https://registry.npmjs.org/flatted 3ms (cache hit)
1429 silly packumentCache full:https://registry.npmjs.org/flatted set size:137347 disposed:false
1430 silly placeDep ROOT locate-path@6.0.0 OK for: find-up@5.0.0 want: ^6.0.0
1431 silly placeDep ROOT path-exists@4.0.0 OK for: find-up@5.0.0 want: ^4.0.0
1432 silly fetch manifest p-locate@^5.0.0
1433 silly packumentCache full:https://registry.npmjs.org/p-locate cache-miss
1434 http cache https://registry.npmjs.org/p-locate 2ms (cache hit)
1435 silly packumentCache full:https://registry.npmjs.org/p-locate set size:22488 disposed:false
1436 silly placeDep ROOT flatted@3.4.2 OK for: flat-cache@4.0.1 want: ^3.2.9
1437 silly placeDep ROOT keyv@4.5.4 OK for: flat-cache@4.0.1 want: ^4.5.4
1438 silly fetch manifest json-buffer@3.0.1
1439 silly packumentCache full:https://registry.npmjs.org/json-buffer cache-miss
1440 http cache https://registry.npmjs.org/json-buffer 2ms (cache hit)
1441 silly packumentCache full:https://registry.npmjs.org/json-buffer set size:23474 disposed:false
1442 silly placeDep ROOT motion-dom@12.42.0 OK for: framer-motion@12.42.0 want: ^12.42.0
1443 silly placeDep ROOT motion-utils@12.39.0 OK for: framer-motion@12.42.0 want: ^12.39.0
1444 silly placeDep ROOT tslib@2.8.1 OK for: framer-motion@12.42.0 want: ^2.4.0
1445 silly placeDep ROOT functions-have-names@1.2.3 OK for: function.prototype.name@1.2.0 want: ^1.2.3
1446 silly placeDep ROOT is-document.all@1.0.0 OK for: function.prototype.name@1.2.0 want: ^1.0.0
1447 silly placeDep ROOT dunder-proto@1.0.1 OK for: get-proto@1.0.1 want: ^1.0.1
1448 silly placeDep ROOT resolve-pkg-maps@1.0.0 OK for: get-tsconfig@4.14.0 want: ^1.0.0
1449 silly placeDep ROOT side-channel@1.1.1 OK for: internal-slot@1.1.0 want: ^1.1.0
1450 silly fetch manifest side-channel-list@^1.0.1
1451 silly packumentCache full:https://registry.npmjs.org/side-channel-list cache-miss
1452 http cache https://registry.npmjs.org/side-channel-list 3ms (cache hit)
1453 silly packumentCache full:https://registry.npmjs.org/side-channel-list set size:9021 disposed:false
1454 silly fetch manifest side-channel-map@^1.0.1
1455 silly packumentCache full:https://registry.npmjs.org/side-channel-map cache-miss
1456 http cache https://registry.npmjs.org/side-channel-map 2ms (cache hit)
1457 silly packumentCache full:https://registry.npmjs.org/side-channel-map set size:9126 disposed:false
1458 silly fetch manifest side-channel-weakmap@^1.0.2
1459 silly packumentCache full:https://registry.npmjs.org/side-channel-weakmap cache-miss
1460 http cache https://registry.npmjs.org/side-channel-weakmap 2ms (cache hit)
1461 silly packumentCache full:https://registry.npmjs.org/side-channel-weakmap set size:12620 disposed:false
1462 silly placeDep ROOT is-extglob@2.1.1 OK for: is-glob@4.0.3 want: ^2.1.1
1463 silly placeDep ROOT set-function-name@2.0.2 OK for: iterator.prototype@1.1.5 want: ^2.0.2
1464 silly placeDep ROOT json-buffer@3.0.1 OK for: keyv@4.5.4 want: 3.0.1
1465 silly placeDep ROOT language-subtag-registry@0.3.23 OK for: language-tags@1.0.9 want: ^0.3.20
1466 silly placeDep ROOT prelude-ls@1.2.1 OK for: levn@0.4.1 want: ^1.2.1
1467 silly placeDep ROOT type-check@0.4.0 OK for: levn@0.4.1 want: ~0.4.0
1468 silly placeDep ROOT p-locate@5.0.0 OK for: locate-path@6.0.0 want: ^5.0.0
1469 silly fetch manifest p-limit@^3.0.2
1470 silly packumentCache full:https://registry.npmjs.org/p-limit cache-miss
1471 http cache https://registry.npmjs.org/p-limit 2ms (cache hit)
1472 silly packumentCache full:https://registry.npmjs.org/p-limit set size:61867 disposed:false
1473 silly placeDep ROOT braces@3.0.3 OK for: micromatch@4.0.8 want: ^3.0.3
1474 silly placeDep ROOT picomatch@2.3.2 OK for: micromatch@4.0.8 want: ^2.3.1
1475 silly fetch manifest fill-range@^7.1.1
1476 silly packumentCache full:https://registry.npmjs.org/fill-range cache-miss
1477 http cache https://registry.npmjs.org/fill-range 2ms (cache hit)
1478 silly packumentCache full:https://registry.npmjs.org/fill-range set size:90162 disposed:false
1479 silly placeDep ROOT fill-range@7.1.1 OK for: braces@3.0.3 want: ^7.1.1
1480 silly fetch manifest to-regex-range@^5.0.1
1481 silly packumentCache full:https://registry.npmjs.org/to-regex-range cache-miss
1482 http cache https://registry.npmjs.org/to-regex-range 2ms (cache hit)
1483 silly packumentCache full:https://registry.npmjs.org/to-regex-range set size:61569 disposed:false
1484 silly placeDep ROOT to-regex-range@5.0.1 OK for: fill-range@7.1.1 want: ^5.0.1
1485 silly fetch manifest is-number@^7.0.0
1486 silly packumentCache full:https://registry.npmjs.org/is-number cache-miss
1487 http cache https://registry.npmjs.org/is-number 2ms (cache hit)
1488 silly packumentCache full:https://registry.npmjs.org/is-number set size:36183 disposed:false
1489 silly placeDep ROOT brace-expansion@5.0.6 OK for: minimatch@10.2.5 want: ^5.0.5
1490 silly fetch manifest balanced-match@^4.0.2
1491 silly packumentCache full:https://registry.npmjs.org/balanced-match cache-miss
1492 http cache https://registry.npmjs.org/balanced-match 2ms (cache hit)
1493 silly packumentCache full:https://registry.npmjs.org/balanced-match set size:39082 disposed:false
1494 silly placeDep ROOT balanced-match@4.0.4 OK for: brace-expansion@5.0.6 want: ^4.0.2
1495 silly placeDep ROOT @next/env@15.0.3 OK for: next@15.0.3 want: 15.0.3
1496 silly placeDep ROOT @next/swc-darwin-arm64@15.0.3 OK for: next@15.0.3 want: 15.0.3
1497 silly placeDep ROOT @next/swc-darwin-x64@15.0.3 OK for: next@15.0.3 want: 15.0.3
1498 silly placeDep ROOT @next/swc-linux-arm64-gnu@15.0.3 OK for: next@15.0.3 want: 15.0.3
1499 silly placeDep ROOT @next/swc-linux-arm64-musl@15.0.3 OK for: next@15.0.3 want: 15.0.3
1500 silly placeDep ROOT @next/swc-linux-x64-gnu@15.0.3 OK for: next@15.0.3 want: 15.0.3
1501 silly placeDep ROOT @next/swc-linux-x64-musl@15.0.3 OK for: next@15.0.3 want: 15.0.3
1502 silly placeDep ROOT @next/swc-win32-arm64-msvc@15.0.3 OK for: next@15.0.3 want: 15.0.3
1503 silly placeDep ROOT @next/swc-win32-x64-msvc@15.0.3 OK for: next@15.0.3 want: 15.0.3
1504 silly placeDep ROOT @swc/counter@0.1.3 OK for: next@15.0.3 want: 0.1.3
1505 silly placeDep ROOT @swc/helpers@0.5.13 OK for: next@15.0.3 want: 0.5.13
1506 silly placeDep ROOT busboy@1.6.0 OK for: next@15.0.3 want: 1.6.0
1507 silly placeDep ROOT caniuse-lite@1.0.30001799 OK for: next@15.0.3 want: ^1.0.30001579
1508 silly placeDep node_modules/next postcss@8.4.31 OK for: next@15.0.3 want: 8.4.31
1509 silly placeDep ROOT sharp@0.33.5 OK for: next@15.0.3 want: ^0.33.5
1510 silly placeDep ROOT styled-jsx@5.1.6 OK for: next@15.0.3 want: 5.1.6
1511 silly fetch manifest streamsearch@^1.1.0
1512 silly packumentCache full:https://registry.npmjs.org/streamsearch cache-miss
1513 http cache https://registry.npmjs.org/streamsearch 2ms (cache hit)
1514 silly packumentCache full:https://registry.npmjs.org/streamsearch set size:27372 disposed:false
1515 silly fetch manifest nanoid@^3.3.6
1516 silly packumentCache full:https://registry.npmjs.org/nanoid cache-hit
1517 silly fetch manifest picocolors@^1.0.0
1518 silly packumentCache full:https://registry.npmjs.org/picocolors cache-hit
1519 silly fetch manifest source-map-js@^1.0.2
1520 silly packumentCache full:https://registry.npmjs.org/source-map-js cache-hit
1521 silly fetch manifest color@^4.2.3
1522 silly packumentCache full:https://registry.npmjs.org/color cache-miss
1523 http cache https://registry.npmjs.org/color 2ms (cache hit)
1524 silly packumentCache full:https://registry.npmjs.org/color set size:98234 disposed:false
1525 silly fetch manifest detect-libc@^2.0.3
1526 silly packumentCache full:https://registry.npmjs.org/detect-libc cache-miss
1527 http cache https://registry.npmjs.org/detect-libc 2ms (cache hit)
1528 silly packumentCache full:https://registry.npmjs.org/detect-libc set size:47861 disposed:false
1529 silly fetch manifest @img/sharp-wasm32@0.33.5
1530 silly packumentCache full:https://registry.npmjs.org/@img%2fsharp-wasm32 cache-miss
1531 http cache https://registry.npmjs.org/@img%2fsharp-wasm32 2ms (cache hit)
1532 silly packumentCache full:https://registry.npmjs.org/@img%2fsharp-wasm32 set size:91518 disposed:false
1533 silly fetch manifest @img/sharp-linux-arm@0.33.5
1534 silly packumentCache full:https://registry.npmjs.org/@img%2fsharp-linux-arm cache-miss
1535 http cache https://registry.npmjs.org/@img%2fsharp-linux-arm 2ms (cache hit)
1536 silly packumentCache full:https://registry.npmjs.org/@img%2fsharp-linux-arm set size:97861 disposed:false
1537 silly fetch manifest @img/sharp-linux-x64@0.33.5
1538 silly packumentCache full:https://registry.npmjs.org/@img%2fsharp-linux-x64 cache-miss
1539 http cache https://registry.npmjs.org/@img%2fsharp-linux-x64 10ms (cache hit)
1540 silly packumentCache full:https://registry.npmjs.org/@img%2fsharp-linux-x64 set size:97392 disposed:false
1541 silly fetch manifest @img/sharp-win32-x64@0.33.5
1542 silly packumentCache full:https://registry.npmjs.org/@img%2fsharp-win32-x64 cache-miss
1543 http cache https://registry.npmjs.org/@img%2fsharp-win32-x64 3ms (cache hit)
1544 silly packumentCache full:https://registry.npmjs.org/@img%2fsharp-win32-x64 set size:94530 disposed:false
1545 silly fetch manifest @img/sharp-darwin-x64@0.33.5
1546 silly packumentCache full:https://registry.npmjs.org/@img%2fsharp-darwin-x64 cache-miss
1547 http cache https://registry.npmjs.org/@img%2fsharp-darwin-x64 2ms (cache hit)
1548 silly packumentCache full:https://registry.npmjs.org/@img%2fsharp-darwin-x64 set size:99734 disposed:false
1549 silly fetch manifest @img/sharp-win32-ia32@0.33.5
1550 silly packumentCache full:https://registry.npmjs.org/@img%2fsharp-win32-ia32 cache-miss
1551 http cache https://registry.npmjs.org/@img%2fsharp-win32-ia32 2ms (cache hit)
1552 silly packumentCache full:https://registry.npmjs.org/@img%2fsharp-win32-ia32 set size:95446 disposed:false
1553 silly fetch manifest @img/sharp-linux-arm64@0.33.5
1554 silly packumentCache full:https://registry.npmjs.org/@img%2fsharp-linux-arm64 cache-miss
1555 http cache https://registry.npmjs.org/@img%2fsharp-linux-arm64 2ms (cache hit)
1556 silly packumentCache full:https://registry.npmjs.org/@img%2fsharp-linux-arm64 set size:98665 disposed:false
1557 silly fetch manifest @img/sharp-linux-s390x@0.33.5
1558 silly packumentCache full:https://registry.npmjs.org/@img%2fsharp-linux-s390x cache-miss
1559 http cache https://registry.npmjs.org/@img%2fsharp-linux-s390x 2ms (cache hit)
1560 silly packumentCache full:https://registry.npmjs.org/@img%2fsharp-linux-s390x set size:96558 disposed:false
1561 silly fetch manifest @img/sharp-darwin-arm64@0.33.5
1562 silly packumentCache full:https://registry.npmjs.org/@img%2fsharp-darwin-arm64 cache-miss
1563 http cache https://registry.npmjs.org/@img%2fsharp-darwin-arm64 2ms (cache hit)
1564 silly packumentCache full:https://registry.npmjs.org/@img%2fsharp-darwin-arm64 set size:101056 disposed:false
1565 silly fetch manifest @img/sharp-linuxmusl-x64@0.33.5
1566 silly packumentCache full:https://registry.npmjs.org/@img%2fsharp-linuxmusl-x64 cache-miss
1567 http cache https://registry.npmjs.org/@img%2fsharp-linuxmusl-x64 4ms (cache hit)
1568 silly packumentCache full:https://registry.npmjs.org/@img%2fsharp-linuxmusl-x64 set size:98926 disposed:false
1569 silly fetch manifest @img/sharp-linuxmusl-arm64@0.33.5
1570 silly packumentCache full:https://registry.npmjs.org/@img%2fsharp-linuxmusl-arm64 cache-miss
1571 http cache https://registry.npmjs.org/@img%2fsharp-linuxmusl-arm64 2ms (cache hit)
1572 silly packumentCache full:https://registry.npmjs.org/@img%2fsharp-linuxmusl-arm64 set size:100207 disposed:false
1573 silly fetch manifest @img/sharp-libvips-linux-arm@1.0.5
1574 silly packumentCache full:https://registry.npmjs.org/@img%2fsharp-libvips-linux-arm cache-miss
1575 http cache https://registry.npmjs.org/@img%2fsharp-libvips-linux-arm 2ms (cache hit)
1576 silly packumentCache full:https://registry.npmjs.org/@img%2fsharp-libvips-linux-arm set size:83993 disposed:false
1577 silly fetch manifest @img/sharp-libvips-linux-x64@1.0.4
1578 silly packumentCache full:https://registry.npmjs.org/@img%2fsharp-libvips-linux-x64 cache-miss
1579 http cache https://registry.npmjs.org/@img%2fsharp-libvips-linux-x64 2ms (cache hit)
1580 silly packumentCache full:https://registry.npmjs.org/@img%2fsharp-libvips-linux-x64 set size:79852 disposed:false
1581 silly fetch manifest @img/sharp-libvips-darwin-x64@1.0.4
1582 silly packumentCache full:https://registry.npmjs.org/@img%2fsharp-libvips-darwin-x64 cache-miss
1583 http cache https://registry.npmjs.org/@img%2fsharp-libvips-darwin-x64 2ms (cache hit)
1584 silly packumentCache full:https://registry.npmjs.org/@img%2fsharp-libvips-darwin-x64 set size:76671 disposed:false
1585 silly fetch manifest @img/sharp-libvips-linux-arm64@1.0.4
1586 silly packumentCache full:https://registry.npmjs.org/@img%2fsharp-libvips-linux-arm64 cache-miss
1587 http cache https://registry.npmjs.org/@img%2fsharp-libvips-linux-arm64 2ms (cache hit)
1588 silly packumentCache full:https://registry.npmjs.org/@img%2fsharp-libvips-linux-arm64 set size:81049 disposed:false
1589 silly fetch manifest @img/sharp-libvips-linux-s390x@1.0.4
1590 silly packumentCache full:https://registry.npmjs.org/@img%2fsharp-libvips-linux-s390x cache-miss
1591 http cache https://registry.npmjs.org/@img%2fsharp-libvips-linux-s390x 2ms (cache hit)
1592 silly packumentCache full:https://registry.npmjs.org/@img%2fsharp-libvips-linux-s390x set size:75068 disposed:false
1593 silly fetch manifest @img/sharp-libvips-darwin-arm64@1.0.4
1594 silly packumentCache full:https://registry.npmjs.org/@img%2fsharp-libvips-darwin-arm64 cache-miss
1595 http cache https://registry.npmjs.org/@img%2fsharp-libvips-darwin-arm64 2ms (cache hit)
1596 silly packumentCache full:https://registry.npmjs.org/@img%2fsharp-libvips-darwin-arm64 set size:77540 disposed:false
1597 silly fetch manifest @img/sharp-libvips-linuxmusl-x64@1.0.4
1598 silly packumentCache full:https://registry.npmjs.org/@img%2fsharp-libvips-linuxmusl-x64 cache-miss
1599 http cache https://registry.npmjs.org/@img%2fsharp-libvips-linuxmusl-x64 2ms (cache hit)
1600 silly packumentCache full:https://registry.npmjs.org/@img%2fsharp-libvips-linuxmusl-x64 set size:77146 disposed:false
1601 silly fetch manifest @img/sharp-libvips-linuxmusl-arm64@1.0.4
1602 silly packumentCache full:https://registry.npmjs.org/@img%2fsharp-libvips-linuxmusl-arm64 cache-miss
1603 http cache https://registry.npmjs.org/@img%2fsharp-libvips-linuxmusl-arm64 2ms (cache hit)
1604 silly packumentCache full:https://registry.npmjs.org/@img%2fsharp-libvips-linuxmusl-arm64 set size:80185 disposed:false
1605 silly fetch manifest client-only@0.0.1
1606 silly packumentCache full:https://registry.npmjs.org/client-only cache-miss
1607 http cache https://registry.npmjs.org/client-only 2ms (cache hit)
1608 silly packumentCache full:https://registry.npmjs.org/client-only set size:2750 disposed:false
1609 silly placeDep ROOT streamsearch@1.1.0 OK for: busboy@1.6.0 want: ^1.1.0
1610 silly placeDep ROOT deep-is@0.1.4 OK for: optionator@0.9.4 want: ^0.1.3
1611 silly placeDep ROOT fast-levenshtein@2.0.6 OK for: optionator@0.9.4 want: ^2.0.6
1612 silly placeDep ROOT word-wrap@1.2.5 OK for: optionator@0.9.4 want: ^1.2.5
1613 silly placeDep ROOT p-limit@3.1.0 OK for: p-locate@5.0.0 want: ^3.0.2
1614 silly fetch manifest yocto-queue@^0.1.0
1615 silly packumentCache full:https://registry.npmjs.org/yocto-queue cache-miss
1616 http cache https://registry.npmjs.org/yocto-queue 3ms (cache hit)
1617 silly packumentCache full:https://registry.npmjs.org/yocto-queue set size:20256 disposed:false
1618 silly placeDep ROOT yocto-queue@0.1.0 OK for: p-limit@3.1.0 want: ^0.1.0
1619 silly placeDep ROOT nanoid@3.3.15 OK for: postcss@8.5.15 want: ^3.3.12
1620 silly placeDep ROOT picocolors@1.1.1 OK for: postcss@8.5.15 want: ^1.1.1
1621 silly placeDep ROOT source-map-js@1.2.1 OK for: postcss@8.5.15 want: ^1.2.1
1622 silly placeDep ROOT loose-envify@1.4.0 OK for: prop-types@15.8.1 want: ^1.4.0
1623 silly placeDep ROOT object-assign@4.1.1 OK for: prop-types@15.8.1 want: ^4.1.1
1624 silly placeDep ROOT react-is@16.13.1 OK for: prop-types@15.8.1 want: ^16.13.1
1625 silly fetch manifest js-tokens@^3.0.0 || ^4.0.0
1626 silly packumentCache full:https://registry.npmjs.org/js-tokens cache-miss
1627 http cache https://registry.npmjs.org/js-tokens 3ms (cache hit)
1628 silly packumentCache full:https://registry.npmjs.org/js-tokens set size:41947 disposed:false
1629 silly placeDep ROOT js-tokens@4.0.0 OK for: loose-envify@1.4.0 want: ^3.0.0 || ^4.0.0
1630 silly placeDep ROOT scheduler@0.27.0 OK for: react-dom@19.2.7 want: ^0.27.0
1631 silly placeDep ROOT node-exports-info@1.6.2 OK for: resolve@2.0.0-next.7 want: ^1.6.0
1632 silly placeDep ROOT path-parse@1.0.7 OK for: resolve@2.0.0-next.7 want: ^1.0.7
1633 silly placeDep ROOT supports-preserve-symlinks-flag@1.0.0 OK for: resolve@2.0.0-next.7 want: ^1.0.0
1634 silly placeDep node_modules/node-exports-info semver@6.3.1 OK for: node-exports-info@1.6.2 want: ^6.3.1
1635 silly placeDep ROOT queue-microtask@1.2.3 OK for: run-parallel@1.2.0 want: ^1.2.2
1636 silly placeDep ROOT isarray@2.0.5 OK for: safe-array-concat@1.1.4 want: ^2.0.5
1637 silly placeDep ROOT @img/sharp-darwin-arm64@0.33.5 OK for: sharp@0.33.5 want: 0.33.5
1638 silly placeDep ROOT @img/sharp-darwin-x64@0.33.5 OK for: sharp@0.33.5 want: 0.33.5
1639 silly placeDep ROOT @img/sharp-libvips-darwin-arm64@1.0.4 OK for: sharp@0.33.5 want: 1.0.4
1640 silly placeDep ROOT @img/sharp-libvips-darwin-x64@1.0.4 OK for: sharp@0.33.5 want: 1.0.4
1641 silly placeDep ROOT @img/sharp-libvips-linux-arm@1.0.5 OK for: sharp@0.33.5 want: 1.0.5
1642 silly placeDep ROOT @img/sharp-libvips-linux-arm64@1.0.4 OK for: sharp@0.33.5 want: 1.0.4
1643 silly placeDep ROOT @img/sharp-libvips-linux-s390x@1.0.4 OK for: sharp@0.33.5 want: 1.0.4
1644 silly placeDep ROOT @img/sharp-libvips-linux-x64@1.0.4 OK for: sharp@0.33.5 want: 1.0.4
1645 silly placeDep ROOT @img/sharp-libvips-linuxmusl-arm64@1.0.4 OK for: sharp@0.33.5 want: 1.0.4
1646 silly placeDep ROOT @img/sharp-libvips-linuxmusl-x64@1.0.4 OK for: sharp@0.33.5 want: 1.0.4
1647 silly placeDep ROOT @img/sharp-linux-arm@0.33.5 OK for: sharp@0.33.5 want: 0.33.5
1648 silly placeDep ROOT @img/sharp-linux-arm64@0.33.5 OK for: sharp@0.33.5 want: 0.33.5
1649 silly placeDep ROOT @img/sharp-linux-s390x@0.33.5 OK for: sharp@0.33.5 want: 0.33.5
1650 silly placeDep ROOT @img/sharp-linux-x64@0.33.5 OK for: sharp@0.33.5 want: 0.33.5
1651 silly placeDep ROOT @img/sharp-linuxmusl-arm64@0.33.5 OK for: sharp@0.33.5 want: 0.33.5
1652 silly placeDep ROOT @img/sharp-linuxmusl-x64@0.33.5 OK for: sharp@0.33.5 want: 0.33.5
1653 silly placeDep ROOT @img/sharp-wasm32@0.33.5 OK for: sharp@0.33.5 want: 0.33.5
1654 silly placeDep ROOT @img/sharp-win32-ia32@0.33.5 OK for: sharp@0.33.5 want: 0.33.5
1655 silly placeDep ROOT @img/sharp-win32-x64@0.33.5 OK for: sharp@0.33.5 want: 0.33.5
1656 silly placeDep ROOT color@4.2.3 OK for: sharp@0.33.5 want: ^4.2.3
1657 silly placeDep ROOT detect-libc@2.1.2 OK for: sharp@0.33.5 want: ^2.0.3
1658 silly fetch manifest @emnapi/runtime@^1.2.0
1659 silly packumentCache full:https://registry.npmjs.org/@emnapi%2fruntime cache-miss
1660 http cache https://registry.npmjs.org/@emnapi%2fruntime 3ms (cache hit)
1661 silly packumentCache full:https://registry.npmjs.org/@emnapi%2fruntime set size:116352 disposed:false
1662 silly fetch manifest color-string@^1.9.0
1663 silly packumentCache full:https://registry.npmjs.org/color-string cache-miss
1664 http cache https://registry.npmjs.org/color-string 3ms (cache hit)
1665 silly packumentCache full:https://registry.npmjs.org/color-string set size:84418 disposed:false
1666 silly fetch manifest color-convert@^2.0.1
1667 silly packumentCache full:https://registry.npmjs.org/color-convert cache-miss
1668 http cache https://registry.npmjs.org/color-convert 2ms (cache hit)
1669 silly packumentCache full:https://registry.npmjs.org/color-convert set size:72663 disposed:false
1670 silly placeDep ROOT @emnapi/runtime@1.11.1 OK for: @img/sharp-wasm32@0.33.5 want: ^1.2.0
1671 silly placeDep ROOT color-convert@2.0.1 OK for: color@4.2.3 want: ^2.0.1
1672 silly placeDep ROOT color-string@1.9.1 OK for: color@4.2.3 want: ^1.9.0
1673 silly fetch manifest color-name@~1.1.4
1674 silly packumentCache full:https://registry.npmjs.org/color-name cache-miss
1675 http cache https://registry.npmjs.org/color-name 2ms (cache hit)
1676 silly packumentCache full:https://registry.npmjs.org/color-name set size:19467 disposed:false
1677 silly fetch manifest color-name@^1.0.0
1678 silly packumentCache full:https://registry.npmjs.org/color-name cache-hit
1679 silly fetch manifest simple-swizzle@^0.2.2
1680 silly packumentCache full:https://registry.npmjs.org/simple-swizzle cache-miss
1681 http cache https://registry.npmjs.org/simple-swizzle 2ms (cache hit)
1682 silly packumentCache full:https://registry.npmjs.org/simple-swizzle set size:10651 disposed:false
1683 silly placeDep ROOT color-name@1.1.4 OK for: color-convert@2.0.1 want: ~1.1.4
1684 silly placeDep ROOT simple-swizzle@0.2.4 OK for: color-string@1.9.1 want: ^0.2.2
1685 silly fetch manifest is-arrayish@^0.3.1
1686 silly packumentCache full:https://registry.npmjs.org/is-arrayish cache-miss
1687 http cache https://registry.npmjs.org/is-arrayish 2ms (cache hit)
1688 silly packumentCache full:https://registry.npmjs.org/is-arrayish set size:15371 disposed:false
1689 silly placeDep ROOT shebang-regex@3.0.0 OK for: shebang-command@2.0.0 want: ^3.0.0
1690 silly placeDep ROOT side-channel-list@1.0.1 OK for: side-channel@1.1.1 want: ^1.0.1
1691 silly placeDep ROOT side-channel-map@1.0.1 OK for: side-channel@1.1.1 want: ^1.0.1
1692 silly placeDep ROOT side-channel-weakmap@1.0.2 OK for: side-channel@1.1.1 want: ^1.0.2
1693 silly placeDep ROOT is-arrayish@0.3.4 OK for: simple-swizzle@0.2.4 want: ^0.3.1
1694 silly placeDep ROOT client-only@0.0.1 OK for: styled-jsx@5.1.6 want: 0.0.1
1695 silly placeDep ROOT fdir@6.5.0 OK for: tinyglobby@0.2.17 want: ^6.5.0
1696 silly placeDep node_modules/tinyglobby picomatch@4.0.4 OK for: tinyglobby@0.2.17 want: ^4.0.4
1697 silly placeDep ROOT is-number@7.0.0 OK for: to-regex-range@5.0.1 want: ^7.0.0
1698 silly placeDep ROOT @types/json5@0.0.29 OK for: tsconfig-paths@3.15.0 want: ^0.0.29
1699 silly placeDep ROOT json5@1.0.2 OK for: tsconfig-paths@3.15.0 want: ^1.0.2
1700 silly placeDep ROOT minimist@1.2.8 OK for: tsconfig-paths@3.15.0 want: ^1.2.6
1701 silly placeDep ROOT strip-bom@3.0.0 OK for: tsconfig-paths@3.15.0 want: ^3.0.0
1702 silly fetch manifest minimist@^1.2.0
1703 silly packumentCache full:https://registry.npmjs.org/minimist cache-hit
1704 silly placeDep ROOT for-each@0.3.5 OK for: typed-array-byte-length@1.0.3 want: ^0.3.3
1705 silly placeDep ROOT reflect.getprototypeof@1.0.10 OK for: typed-array-byte-offset@1.0.4 want: ^1.0.9
1706 silly fetch manifest which-builtin-type@^1.2.1
1707 silly packumentCache full:https://registry.npmjs.org/which-builtin-type cache-miss
1708 http cache https://registry.npmjs.org/which-builtin-type 3ms (cache hit)
1709 silly packumentCache full:https://registry.npmjs.org/which-builtin-type set size:39107 disposed:false
1710 silly placeDep ROOT which-builtin-type@1.2.1 OK for: reflect.getprototypeof@1.0.10 want: ^1.2.1
1711 silly fetch manifest is-async-function@^2.0.0
1712 silly packumentCache full:https://registry.npmjs.org/is-async-function cache-miss
1713 http cache https://registry.npmjs.org/is-async-function 2ms (cache hit)
1714 silly packumentCache full:https://registry.npmjs.org/is-async-function set size:51614 disposed:false
1715 silly fetch manifest is-finalizationregistry@^1.1.0
1716 silly packumentCache full:https://registry.npmjs.org/is-finalizationregistry cache-miss
1717 http cache https://registry.npmjs.org/is-finalizationregistry 3ms (cache hit)
1718 silly packumentCache full:https://registry.npmjs.org/is-finalizationregistry set size:19800 disposed:false
1719 silly fetch manifest is-generator-function@^1.0.10
1720 silly packumentCache full:https://registry.npmjs.org/is-generator-function cache-miss
1721 http cache https://registry.npmjs.org/is-generator-function 2ms (cache hit)
1722 silly packumentCache full:https://registry.npmjs.org/is-generator-function set size:44643 disposed:false
1723 silly fetch manifest which-boxed-primitive@^1.1.0
1724 silly packumentCache full:https://registry.npmjs.org/which-boxed-primitive cache-hit
1725 silly fetch manifest which-collection@^1.0.2
1726 silly packumentCache full:https://registry.npmjs.org/which-collection cache-miss
1727 http cache https://registry.npmjs.org/which-collection 2ms (cache hit)
1728 silly packumentCache full:https://registry.npmjs.org/which-collection set size:13607 disposed:false
1729 silly placeDep ROOT has-bigints@1.1.0 OK for: unbox-primitive@1.1.0 want: ^1.0.2
1730 silly placeDep ROOT which-boxed-primitive@1.1.1 OK for: unbox-primitive@1.1.0 want: ^1.1.1
1731 silly fetch manifest is-bigint@^1.1.0
1732 silly packumentCache full:https://registry.npmjs.org/is-bigint cache-miss
1733 http cache https://registry.npmjs.org/is-bigint 5ms (cache hit)
1734 silly packumentCache full:https://registry.npmjs.org/is-bigint set size:20283 disposed:false
1735 silly fetch manifest is-boolean-object@^1.2.1
1736 silly packumentCache full:https://registry.npmjs.org/is-boolean-object cache-miss
1737 http cache https://registry.npmjs.org/is-boolean-object 3ms (cache hit)
1738 silly packumentCache full:https://registry.npmjs.org/is-boolean-object set size:31341 disposed:false
1739 silly fetch manifest is-number-object@^1.1.1
1740 silly packumentCache full:https://registry.npmjs.org/is-number-object cache-miss
1741 http cache https://registry.npmjs.org/is-number-object 2ms (cache hit)
1742 silly packumentCache full:https://registry.npmjs.org/is-number-object set size:31189 disposed:false
1743 silly placeDep ROOT @unrs/resolver-binding-android-arm-eabi@1.12.2 OK for: unrs-resolver@1.12.2 want: 1.12.2
1744 silly placeDep ROOT @unrs/resolver-binding-android-arm64@1.12.2 OK for: unrs-resolver@1.12.2 want: 1.12.2
1745 silly placeDep ROOT @unrs/resolver-binding-darwin-arm64@1.12.2 OK for: unrs-resolver@1.12.2 want: 1.12.2
1746 silly placeDep ROOT @unrs/resolver-binding-darwin-x64@1.12.2 OK for: unrs-resolver@1.12.2 want: 1.12.2
1747 silly placeDep ROOT @unrs/resolver-binding-freebsd-x64@1.12.2 OK for: unrs-resolver@1.12.2 want: 1.12.2
1748 silly placeDep ROOT @unrs/resolver-binding-linux-arm-gnueabihf@1.12.2 OK for: unrs-resolver@1.12.2 want: 1.12.2
1749 silly placeDep ROOT @unrs/resolver-binding-linux-arm-musleabihf@1.12.2 OK for: unrs-resolver@1.12.2 want: 1.12.2
1750 silly placeDep ROOT @unrs/resolver-binding-linux-arm64-gnu@1.12.2 OK for: unrs-resolver@1.12.2 want: 1.12.2
1751 silly placeDep ROOT @unrs/resolver-binding-linux-arm64-musl@1.12.2 OK for: unrs-resolver@1.12.2 want: 1.12.2
1752 silly placeDep ROOT @unrs/resolver-binding-linux-loong64-gnu@1.12.2 OK for: unrs-resolver@1.12.2 want: 1.12.2
1753 silly placeDep ROOT @unrs/resolver-binding-linux-loong64-musl@1.12.2 OK for: unrs-resolver@1.12.2 want: 1.12.2
1754 silly placeDep ROOT @unrs/resolver-binding-linux-ppc64-gnu@1.12.2 OK for: unrs-resolver@1.12.2 want: 1.12.2
1755 silly placeDep ROOT @unrs/resolver-binding-linux-riscv64-gnu@1.12.2 OK for: unrs-resolver@1.12.2 want: 1.12.2
1756 silly placeDep ROOT @unrs/resolver-binding-linux-riscv64-musl@1.12.2 OK for: unrs-resolver@1.12.2 want: 1.12.2
1757 silly placeDep ROOT @unrs/resolver-binding-linux-s390x-gnu@1.12.2 OK for: unrs-resolver@1.12.2 want: 1.12.2
1758 silly placeDep ROOT @unrs/resolver-binding-linux-x64-gnu@1.12.2 OK for: unrs-resolver@1.12.2 want: 1.12.2
1759 silly placeDep ROOT @unrs/resolver-binding-linux-x64-musl@1.12.2 OK for: unrs-resolver@1.12.2 want: 1.12.2
1760 silly placeDep ROOT @unrs/resolver-binding-openharmony-arm64@1.12.2 OK for: unrs-resolver@1.12.2 want: 1.12.2
1761 silly placeDep ROOT @unrs/resolver-binding-wasm32-wasi@1.12.2 OK for: unrs-resolver@1.12.2 want: 1.12.2
1762 silly placeDep ROOT @unrs/resolver-binding-win32-arm64-msvc@1.12.2 OK for: unrs-resolver@1.12.2 want: 1.12.2
1763 silly placeDep ROOT @unrs/resolver-binding-win32-ia32-msvc@1.12.2 OK for: unrs-resolver@1.12.2 want: 1.12.2
1764 silly placeDep ROOT @unrs/resolver-binding-win32-x64-msvc@1.12.2 OK for: unrs-resolver@1.12.2 want: 1.12.2
1765 silly placeDep ROOT napi-postinstall@0.3.4 OK for: unrs-resolver@1.12.2 want: ^0.3.4
1766 silly fetch manifest @napi-rs/wasm-runtime@^1.1.4
1767 silly packumentCache full:https://registry.npmjs.org/@napi-rs%2fwasm-runtime cache-miss
1768 http cache https://registry.npmjs.org/@napi-rs%2fwasm-runtime 3ms (cache hit)
1769 silly packumentCache full:https://registry.npmjs.org/@napi-rs%2fwasm-runtime set size:76486 disposed:false
1770 silly fetch manifest @emnapi/core@1.10.0
1771 silly packumentCache full:https://registry.npmjs.org/@emnapi%2fcore cache-miss
1772 http cache https://registry.npmjs.org/@emnapi%2fcore 3ms (cache hit)
1773 silly packumentCache full:https://registry.npmjs.org/@emnapi%2fcore set size:114822 disposed:false
1774 silly fetch manifest @emnapi/runtime@1.10.0
1775 silly packumentCache full:https://registry.npmjs.org/@emnapi%2fruntime cache-hit
1776 silly placeDep ROOT @emnapi/core@1.10.0 OK for: @unrs/resolver-binding-wasm32-wasi@1.12.2 want: 1.10.0
1777 silly placeDep node_modules/@unrs/resolver-binding-wasm32-wasi @emnapi/runtime@1.10.0 OK for: @unrs/resolver-binding-wasm32-wasi@1.12.2 want: 1.10.0
1778 silly placeDep ROOT @napi-rs/wasm-runtime@1.1.6 OK for: @unrs/resolver-binding-wasm32-wasi@1.12.2 want: ^1.1.4
1779 silly fetch manifest @emnapi/wasi-threads@1.2.1
1780 silly packumentCache full:https://registry.npmjs.org/@emnapi%2fwasi-threads cache-miss
1781 http cache https://registry.npmjs.org/@emnapi%2fwasi-threads 3ms (cache hit)
1782 silly packumentCache full:https://registry.npmjs.org/@emnapi%2fwasi-threads set size:28580 disposed:false
1783 silly fetch manifest @tybys/wasm-util@^0.10.3
1784 silly packumentCache full:https://registry.npmjs.org/@tybys%2fwasm-util cache-miss
1785 http cache https://registry.npmjs.org/@tybys%2fwasm-util 2ms (cache hit)
1786 silly packumentCache full:https://registry.npmjs.org/@tybys%2fwasm-util set size:60108 disposed:false
1787 silly placeDep ROOT @emnapi/wasi-threads@1.2.1 OK for: @emnapi/core@1.10.0 want: 1.2.1
1788 silly placeDep ROOT @tybys/wasm-util@0.10.3 OK for: @napi-rs/wasm-runtime@1.1.6 want: ^0.10.3
1789 silly placeDep ROOT punycode@2.3.1 OK for: uri-js@4.4.1 want: ^2.1.0
1790 silly placeDep ROOT isexe@2.0.0 OK for: which@2.0.2 want: ^2.0.0
1791 silly placeDep ROOT is-bigint@1.1.0 OK for: which-boxed-primitive@1.1.1 want: ^1.1.0
1792 silly placeDep ROOT is-boolean-object@1.2.2 OK for: which-boxed-primitive@1.1.1 want: ^1.2.1
1793 silly placeDep ROOT is-number-object@1.1.1 OK for: which-boxed-primitive@1.1.1 want: ^1.1.1
1794 silly placeDep ROOT is-async-function@2.1.1 OK for: which-builtin-type@1.2.1 want: ^2.0.0
1795 silly placeDep ROOT is-finalizationregistry@1.1.1 OK for: which-builtin-type@1.2.1 want: ^1.1.0
1796 silly placeDep ROOT is-generator-function@1.1.2 OK for: which-builtin-type@1.2.1 want: ^1.0.10
1797 silly placeDep ROOT which-collection@1.0.2 OK for: which-builtin-type@1.2.1 want: ^1.0.2
1798 silly fetch manifest async-function@^1.0.0
1799 silly packumentCache full:https://registry.npmjs.org/async-function cache-miss
1800 http cache https://registry.npmjs.org/async-function 3ms (cache hit)
1801 silly packumentCache full:https://registry.npmjs.org/async-function set size:7150 disposed:false
1802 silly fetch manifest generator-function@^2.0.0
1803 silly packumentCache full:https://registry.npmjs.org/generator-function cache-miss
1804 http cache https://registry.npmjs.org/generator-function 2ms (cache hit)
1805 silly packumentCache full:https://registry.npmjs.org/generator-function set size:10401 disposed:false
1806 silly fetch manifest is-map@^2.0.3
1807 silly packumentCache full:https://registry.npmjs.org/is-map cache-miss
1808 http cache https://registry.npmjs.org/is-map 2ms (cache hit)
1809 silly packumentCache full:https://registry.npmjs.org/is-map set size:18079 disposed:false
1810 silly fetch manifest is-weakmap@^2.0.2
1811 silly packumentCache full:https://registry.npmjs.org/is-weakmap cache-miss
1812 http cache https://registry.npmjs.org/is-weakmap 1ms (cache hit)
1813 silly packumentCache full:https://registry.npmjs.org/is-weakmap set size:15163 disposed:false
1814 silly fetch manifest is-weakset@^2.0.3
1815 silly packumentCache full:https://registry.npmjs.org/is-weakset cache-miss
1816 http cache https://registry.npmjs.org/is-weakset 3ms (cache hit)
1817 silly packumentCache full:https://registry.npmjs.org/is-weakset set size:21965 disposed:false
1818 silly placeDep ROOT async-function@1.0.0 OK for: is-async-function@2.1.1 want: ^1.0.0
1819 silly placeDep ROOT generator-function@2.0.1 OK for: is-generator-function@1.1.2 want: ^2.0.0
1820 silly placeDep ROOT is-map@2.0.3 OK for: which-collection@1.0.2 want: ^2.0.3
1821 silly placeDep ROOT is-weakmap@2.0.2 OK for: which-collection@1.0.2 want: ^2.0.2
1822 silly placeDep ROOT is-weakset@2.0.4 OK for: which-collection@1.0.2 want: ^2.0.3
1823 silly placeDep node_modules/eslint-plugin-import brace-expansion@1.1.15 OK for: minimatch@3.1.5 want: ^1.1.7
1824 silly fetch manifest balanced-match@^1.0.0
1825 silly packumentCache full:https://registry.npmjs.org/balanced-match cache-hit
1826 silly fetch manifest concat-map@0.0.1
1827 silly packumentCache full:https://registry.npmjs.org/concat-map cache-miss
1828 http cache https://registry.npmjs.org/concat-map 2ms (cache hit)
1829 silly packumentCache full:https://registry.npmjs.org/concat-map set size:9290 disposed:false
1830 silly placeDep node_modules/eslint-plugin-import balanced-match@1.0.2 OK for: brace-expansion@1.1.15 want: ^1.0.0
1831 silly placeDep ROOT concat-map@0.0.1 OK for: brace-expansion@1.1.15 want: 0.0.1
1832 silly placeDep node_modules/eslint-plugin-jsx-a11y brace-expansion@1.1.15 OK for: minimatch@3.1.5 want: ^1.1.7
1833 silly placeDep node_modules/eslint-plugin-jsx-a11y balanced-match@1.0.2 OK for: brace-expansion@1.1.15 want: ^1.0.0
1834 silly placeDep node_modules/eslint-plugin-react brace-expansion@1.1.15 OK for: minimatch@3.1.5 want: ^1.1.7
1835 silly placeDep node_modules/eslint-plugin-react balanced-match@1.0.2 OK for: brace-expansion@1.1.15 want: ^1.0.0
1836 silly reify moves {}
1837 silly audit bulk request {
1837 silly audit   '@types/node': [ '26.0.1' ],
1837 silly audit   '@types/react': [ '19.2.17' ],
1837 silly audit   '@types/react-dom': [ '19.2.3' ],
1837 silly audit   eslint: [ '10.6.0' ],
1837 silly audit   'eslint-config-next': [ '15.0.3' ],
1837 silly audit   'framer-motion': [ '12.42.0' ],
1837 silly audit   'lucide-react': [ '1.21.0' ],
1837 silly audit   next: [ '15.0.3' ],
1837 silly audit   postcss: [ '8.5.15', '8.4.31' ],
1837 silly audit   react: [ '19.2.7' ],
1837 silly audit   'react-dom': [ '19.2.7' ],
1837 silly audit   tailwindcss: [ '4.3.1' ],
1837 silly audit   typescript: [ '6.0.3' ],
1837 silly audit   vazirmatn: [ '33.0.3' ],
1837 silly audit   'undici-types': [ '8.3.0' ],
1837 silly audit   csstype: [ '3.2.3' ],
1837 silly audit   '@eslint-community/eslint-utils': [ '4.9.1' ],
1837 silly audit   '@eslint-community/regexpp': [ '4.12.2' ],
1837 silly audit   '@eslint/config-array': [ '0.23.5' ],
1837 silly audit   '@eslint/config-helpers': [ '0.6.0' ],
1837 silly audit   '@eslint/core': [ '1.2.1' ],
1837 silly audit   '@eslint/plugin-kit': [ '0.7.2' ],
1837 silly audit   '@humanfs/node': [ '0.16.8' ],
1837 silly audit   '@humanwhocodes/module-importer': [ '1.0.1' ],
1837 silly audit   '@humanwhocodes/retry': [ '0.4.3' ],
1837 silly audit   '@types/estree': [ '1.0.9' ],
1837 silly audit   ajv: [ '6.15.0' ],
1837 silly audit   'cross-spawn': [ '7.0.6' ],
1837 silly audit   debug: [ '4.4.3', '3.2.7' ],
1837 silly audit   'escape-string-regexp': [ '4.0.0' ],
1837 silly audit   'eslint-scope': [ '9.1.2' ],
1837 silly audit   'eslint-visitor-keys': [ '5.0.1', '3.4.3' ],
1837 silly audit   espree: [ '11.2.0' ],
1837 silly audit   esquery: [ '1.7.0' ],
1837 silly audit   esutils: [ '2.0.3' ],
1837 silly audit   'fast-deep-equal': [ '3.1.3' ],
1837 silly audit   'file-entry-cache': [ '8.0.0' ],
1837 silly audit   'find-up': [ '5.0.0' ],
1837 silly audit   'glob-parent': [ '6.0.2', '5.1.2' ],
1837 silly audit   ignore: [ '5.3.2', '7.0.5' ],
1837 silly audit   imurmurhash: [ '0.1.4' ],
1837 silly audit   'is-glob': [ '4.0.3' ],
1837 silly audit   'json-stable-stringify-without-jsonify': [ '1.0.1' ],
1837 silly audit   minimatch: [ '10.2.5', '3.1.5' ],
1837 silly audit   'natural-compare': [ '1.4.0' ],
1837 silly audit   optionator: [ '0.9.4' ],
1837 silly audit   '@eslint/object-schema': [ '3.0.5' ],
1837 silly audit   '@types/json-schema': [ '7.0.15' ],
1837 silly audit   levn: [ '0.4.1' ],
1837 silly audit   '@humanfs/core': [ '0.19.2' ],
1837 silly audit   '@humanfs/types': [ '0.15.0' ],
1837 silly audit   'fast-json-stable-stringify': [ '2.1.0' ],
1837 silly audit   'json-schema-traverse': [ '0.4.1' ],
1837 silly audit   'uri-js': [ '4.4.1' ],
1837 silly audit   'path-key': [ '3.1.1' ],
1837 silly audit   'shebang-command': [ '2.0.0' ],
1837 silly audit   which: [ '2.0.2' ],
1837 silly audit   ms: [ '2.1.3' ],
1837 silly audit   '@next/eslint-plugin-next': [ '15.0.3' ],
1837 silly audit   '@rushstack/eslint-patch': [ '1.16.1' ],
1837 silly audit   '@typescript-eslint/eslint-plugin': [ '8.62.0' ],
1837 silly audit   '@typescript-eslint/parser': [ '8.62.0' ],
1837 silly audit   'eslint-import-resolver-node': [ '0.3.10' ],
1837 silly audit   'eslint-import-resolver-typescript': [ '3.10.1' ],
1837 silly audit   'eslint-plugin-import': [ '2.32.0' ],
1837 silly audit   'eslint-plugin-jsx-a11y': [ '6.10.2' ],
1837 silly audit   'eslint-plugin-react': [ '7.37.5' ],
1837 silly audit   'eslint-plugin-react-hooks': [ '5.2.0' ],
1837 silly audit   'fast-glob': [ '3.3.1' ],
1837 silly audit   '@typescript-eslint/scope-manager': [ '8.62.0' ],
1837 silly audit   '@typescript-eslint/type-utils': [ '8.62.0' ],
1837 silly audit   '@typescript-eslint/utils': [ '8.62.0' ],
1837 silly audit   '@typescript-eslint/visitor-keys': [ '8.62.0' ],
1837 silly audit   'ts-api-utils': [ '2.5.0' ],
1837 silly audit   '@typescript-eslint/types': [ '8.62.0' ],
1837 silly audit   '@typescript-eslint/typescript-estree': [ '8.62.0' ],
1837 silly audit   '@typescript-eslint/project-service': [ '8.62.0' ],
1837 silly audit   '@typescript-eslint/tsconfig-utils': [ '8.62.0' ],
1837 silly audit   semver: [ '7.8.5', '6.3.1' ],
1837 silly audit   tinyglobby: [ '0.2.17' ],
1837 silly audit   'is-core-module': [ '2.16.2' ],
1837 silly audit   resolve: [ '2.0.0-next.7' ],
1837 silly audit   '@nolyfill/is-core-module': [ '1.0.39' ],
1837 silly audit   'get-tsconfig': [ '4.14.0' ],
1837 silly audit   'is-bun-module': [ '2.0.0' ],
1837 silly audit   'stable-hash': [ '0.0.5' ],
1837 silly audit   'unrs-resolver': [ '1.12.2' ],
1837 silly audit   '@rtsao/scc': [ '1.1.0' ],
1837 silly audit   'array-includes': [ '3.1.9' ],
1837 silly audit   'array.prototype.findlastindex': [ '1.2.6' ],
1837 silly audit   'array.prototype.flat': [ '1.3.3' ],
1837 silly audit   'array.prototype.flatmap': [ '1.3.3' ],
1837 silly audit   doctrine: [ '2.1.0' ],
1837 silly audit   'eslint-module-utils': [ '2.13.0' ],
1837 silly audit   hasown: [ '2.0.4' ],
1837 silly audit   'object.fromentries': [ '2.0.8' ],
1837 silly audit   'object.groupby': [ '1.0.3' ],
1837 silly audit   'object.values': [ '1.2.1' ],
1837 silly audit   'string.prototype.trimend': [ '1.0.10' ],
1837 silly audit   'tsconfig-paths': [ '3.15.0' ],
1837 silly audit   'call-bind': [ '1.0.9' ],
1837 silly audit   'call-bound': [ '1.0.4' ],
1837 silly audit   'define-properties': [ '1.2.1' ],
1837 silly audit   'es-abstract': [ '1.24.2' ],
1837 silly audit   'es-object-atoms': [ '1.1.2' ],
1837 silly audit   'get-intrinsic': [ '1.3.0' ],
1837 silly audit   'is-string': [ '1.1.1' ],
1837 silly audit   'math-intrinsics': [ '1.1.0' ],
1837 silly audit   'es-errors': [ '1.3.0' ],
1837 silly audit   'es-shim-unscopables': [ '1.1.0' ],
1837 silly audit   'call-bind-apply-helpers': [ '1.0.2' ],
1837 silly audit   'es-define-property': [ '1.0.1' ],
1837 silly audit   'set-function-length': [ '1.2.2' ],
1837 silly audit   'function-bind': [ '1.1.2' ],
1837 silly audit   'define-data-property': [ '1.1.4' ],
1837 silly audit   'has-property-descriptors': [ '1.0.2' ],
1837 silly audit   'object-keys': [ '1.1.1' ],
1837 silly audit   gopd: [ '1.2.0' ],
1837 silly audit   'array-buffer-byte-length': [ '1.0.2' ],
1837 silly audit   'arraybuffer.prototype.slice': [ '1.0.4' ],
1837 silly audit   'available-typed-arrays': [ '1.0.7' ],
1837 silly audit   'data-view-buffer': [ '1.0.2' ],
1837 silly audit   'data-view-byte-length': [ '1.0.2' ],
1837 silly audit   'data-view-byte-offset': [ '1.0.1' ],
1837 silly audit   'es-set-tostringtag': [ '2.1.0' ],
1837 silly audit   'es-to-primitive': [ '1.3.4' ],
1837 silly audit   'function.prototype.name': [ '1.2.0' ],
1837 silly audit   'get-proto': [ '1.0.1' ],
1837 silly audit   'get-symbol-description': [ '1.1.0' ],
1837 silly audit   globalthis: [ '1.0.4' ],
1837 silly audit   'has-proto': [ '1.2.0' ],
1837 silly audit   'has-symbols': [ '1.1.0' ],
1837 silly audit   'internal-slot': [ '1.1.0' ],
1837 silly audit   'is-array-buffer': [ '3.0.5' ],
1837 silly audit   'is-callable': [ '1.2.7' ],
1837 silly audit   'is-data-view': [ '1.0.2' ],
1837 silly audit   'is-negative-zero': [ '2.0.3' ],
1837 silly audit   'is-regex': [ '1.2.1' ],
1837 silly audit   'is-set': [ '2.0.3' ],
1837 silly audit   'is-shared-array-buffer': [ '1.0.4' ],
1837 silly audit   'is-typed-array': [ '1.1.15' ],
1837 silly audit   'is-weakref': [ '1.1.1' ],
1837 silly audit   'object-inspect': [ '1.13.4' ],
1837 silly audit   'object.assign': [ '4.1.7' ],
1837 silly audit   'own-keys': [ '1.0.1' ],
1837 silly audit   'regexp.prototype.flags': [ '1.5.4' ],
1837 silly audit   'safe-array-concat': [ '1.1.4' ],
1837 silly audit   'safe-push-apply': [ '1.0.0' ],
1837 silly audit   'safe-regex-test': [ '1.1.0' ],
1837 silly audit   'set-proto': [ '1.0.0' ],
1837 silly audit   'stop-iteration-iterator': [ '1.1.0' ],
1837 silly audit   'string.prototype.trim': [ '1.2.11' ],
1837 silly audit   'string.prototype.trimstart': [ '1.0.8' ],
1837 silly audit   'typed-array-buffer': [ '1.0.3' ],
1837 silly audit   'typed-array-byte-length': [ '1.0.3' ],
1837 silly audit   'typed-array-byte-offset': [ '1.0.4' ],
1837 silly audit   'typed-array-length': [ '1.0.8' ],
1837 silly audit   'unbox-primitive': [ '1.1.0' ],
1837 silly audit   'which-typed-array': [ '1.1.22' ],
1837 silly audit   'possible-typed-array-names': [ '1.1.0' ],
1837 silly audit   'has-tostringtag': [ '1.0.2' ],
1837 silly audit   'es-abstract-get': [ '1.0.0' ],
1837 silly audit   'is-date-object': [ '1.1.0' ],
1837 silly audit   'is-symbol': [ '1.1.1' ],
1837 silly audit   'aria-query': [ '5.3.2' ],
1837 silly audit   'ast-types-flow': [ '0.0.8' ],
1837 silly audit   'axe-core': [ '4.12.1' ],
1837 silly audit   'axobject-query': [ '4.1.0' ],
1837 silly audit   'damerau-levenshtein': [ '1.0.8' ],
1837 silly audit   'emoji-regex': [ '9.2.2' ],
1837 silly audit   'jsx-ast-utils': [ '3.3.5' ],
1837 silly audit   'language-tags': [ '1.0.9' ],
1837 silly audit   'string.prototype.includes': [ '2.0.1' ],
1837 silly audit   'array.prototype.findlast': [ '1.2.5' ],
1837 silly audit   'array.prototype.tosorted': [ '1.1.4' ],
1837 silly audit   'es-iterator-helpers': [ '1.3.3' ],
1837 silly audit   estraverse: [ '5.3.0' ],
1837 silly audit   'object.entries': [ '1.1.9' ],
1837 silly audit   'prop-types': [ '15.8.1' ],
1837 silly audit   'string.prototype.matchall': [ '4.0.12' ],
1837 silly audit   'string.prototype.repeat': [ '1.0.0' ],
1837 silly audit   'iterator.prototype': [ '1.1.5' ],
1837 silly audit   '@types/esrecurse': [ '4.3.1' ],
1837 silly audit   esrecurse: [ '4.3.0' ],
1837 silly audit   acorn: [ '8.17.0' ],
1837 silly audit   'acorn-jsx': [ '5.3.2' ],
1837 silly audit   '@nodelib/fs.stat': [ '2.0.5' ],
1837 silly audit   '@nodelib/fs.walk': [ '1.2.8' ],
1837 silly audit   merge2: [ '1.4.1' ],
1837 silly audit   micromatch: [ '4.0.8' ],
1837 silly audit   '@nodelib/fs.scandir': [ '2.1.5' ],
1837 silly audit   fastq: [ '1.20.1' ],
1837 silly audit   'run-parallel': [ '1.2.0' ],
1837 silly audit   reusify: [ '1.1.0' ],
1837 silly audit   'flat-cache': [ '4.0.1' ],
1837 silly audit   'locate-path': [ '6.0.0' ],
1837 silly audit   'path-exists': [ '4.0.0' ],
1837 silly audit   flatted: [ '3.4.2' ],
1837 silly audit   keyv: [ '4.5.4' ],
1837 silly audit   'motion-dom': [ '12.42.0' ],
1837 silly audit   'motion-utils': [ '12.39.0' ],
1837 silly audit   tslib: [ '2.8.1' ],
1837 silly audit   'functions-have-names': [ '1.2.3' ],
1837 silly audit   'is-document.all': [ '1.0.0' ],
1837 silly audit   'dunder-proto': [ '1.0.1' ],
1837 silly audit   'resolve-pkg-maps': [ '1.0.0' ],
1837 silly audit   'side-channel': [ '1.1.1' ],
1837 silly audit   'is-extglob': [ '2.1.1' ],
1837 silly audit   'set-function-name': [ '2.0.2' ],
1837 silly audit   'json-buffer': [ '3.0.1' ],
1837 silly audit   'language-subtag-registry': [ '0.3.23' ],
1837 silly audit   'prelude-ls': [ '1.2.1' ],
1837 silly audit   'type-check': [ '0.4.0' ],
1837 silly audit   'p-locate': [ '5.0.0' ],
1837 silly audit   braces: [ '3.0.3' ],
1837 silly audit   picomatch: [ '2.3.2', '4.0.4' ],
1837 silly audit   'fill-range': [ '7.1.1' ],
1837 silly audit   'to-regex-range': [ '5.0.1' ],
1837 silly audit   'brace-expansion': [ '5.0.6', '1.1.15' ],
1837 silly audit   'balanced-match': [ '4.0.4', '1.0.2' ],
1837 silly audit   '@next/env': [ '15.0.3' ],
1837 silly audit   '@next/swc-darwin-arm64': [ '15.0.3' ],
1837 silly audit   '@next/swc-darwin-x64': [ '15.0.3' ],
1837 silly audit   '@next/swc-linux-arm64-gnu': [ '15.0.3' ],
1837 silly audit   '@next/swc-linux-arm64-musl': [ '15.0.3' ],
1837 silly audit   '@next/swc-linux-x64-gnu': [ '15.0.3' ],
1837 silly audit   '@next/swc-linux-x64-musl': [ '15.0.3' ],
1837 silly audit   '@next/swc-win32-arm64-msvc': [ '15.0.3' ],
1837 silly audit   '@next/swc-win32-x64-msvc': [ '15.0.3' ],
1837 silly audit   '@swc/counter': [ '0.1.3' ],
1837 silly audit   '@swc/helpers': [ '0.5.13' ],
1837 silly audit   busboy: [ '1.6.0' ],
1837 silly audit   'caniuse-lite': [ '1.0.30001799' ],
1837 silly audit   sharp: [ '0.33.5' ],
1837 silly audit   'styled-jsx': [ '5.1.6' ],
1837 silly audit   streamsearch: [ '1.1.0' ],
1837 silly audit   'deep-is': [ '0.1.4' ],
1837 silly audit   'fast-levenshtein': [ '2.0.6' ],
1837 silly audit   'word-wrap': [ '1.2.5' ],
1837 silly audit   'p-limit': [ '3.1.0' ],
1837 silly audit   'yocto-queue': [ '0.1.0' ],
1837 silly audit   nanoid: [ '3.3.15' ],
1837 silly audit   picocolors: [ '1.1.1' ],
1837 silly audit   'source-map-js': [ '1.2.1' ],
1837 silly audit   'loose-envify': [ '1.4.0' ],
1837 silly audit   'object-assign': [ '4.1.1' ],
1837 silly audit   'react-is': [ '16.13.1' ],
1837 silly audit   'js-tokens': [ '4.0.0' ],
1837 silly audit   scheduler: [ '0.27.0' ],
1837 silly audit   'node-exports-info': [ '1.6.2' ],
1837 silly audit   'path-parse': [ '1.0.7' ],
1837 silly audit   'supports-preserve-symlinks-flag': [ '1.0.0' ],
1837 silly audit   'queue-microtask': [ '1.2.3' ],
1837 silly audit   isarray: [ '2.0.5' ],
1837 silly audit   '@img/sharp-darwin-arm64': [ '0.33.5' ],
1837 silly audit   '@img/sharp-darwin-x64': [ '0.33.5' ],
1837 silly audit   '@img/sharp-libvips-darwin-arm64': [ '1.0.4' ],
1837 silly audit   '@img/sharp-libvips-darwin-x64': [ '1.0.4' ],
1837 silly audit   '@img/sharp-libvips-linux-arm': [ '1.0.5' ],
1837 silly audit   '@img/sharp-libvips-linux-arm64': [ '1.0.4' ],
1837 silly audit   '@img/sharp-libvips-linux-s390x': [ '1.0.4' ],
1837 silly audit   '@img/sharp-libvips-linux-x64': [ '1.0.4' ],
1837 silly audit   '@img/sharp-libvips-linuxmusl-arm64': [ '1.0.4' ],
1837 silly audit   '@img/sharp-libvips-linuxmusl-x64': [ '1.0.4' ],
1837 silly audit   '@img/sharp-linux-arm': [ '0.33.5' ],
1837 silly audit   '@img/sharp-linux-arm64': [ '0.33.5' ],
1837 silly audit   '@img/sharp-linux-s390x': [ '0.33.5' ],
1837 silly audit   '@img/sharp-linux-x64': [ '0.33.5' ],
1837 silly audit   '@img/sharp-linuxmusl-arm64': [ '0.33.5' ],
1837 silly audit   '@img/sharp-linuxmusl-x64': [ '0.33.5' ],
1837 silly audit   '@img/sharp-wasm32': [ '0.33.5' ],
1837 silly audit   '@img/sharp-win32-ia32': [ '0.33.5' ],
1837 silly audit   '@img/sharp-win32-x64': [ '0.33.5' ],
1837 silly audit   color: [ '4.2.3' ],
1837 silly audit   'detect-libc': [ '2.1.2' ],
1837 silly audit   '@emnapi/runtime': [ '1.11.1', '1.10.0' ],
1837 silly audit   'color-convert': [ '2.0.1' ],
1837 silly audit   'color-string': [ '1.9.1' ],
1837 silly audit   'color-name': [ '1.1.4' ],
1837 silly audit   'simple-swizzle': [ '0.2.4' ],
1837 silly audit   'shebang-regex': [ '3.0.0' ],
1837 silly audit   'side-channel-list': [ '1.0.1' ],
1837 silly audit   'side-channel-map': [ '1.0.1' ],
1837 silly audit   'side-channel-weakmap': [ '1.0.2' ],
1837 silly audit   'is-arrayish': [ '0.3.4' ],
1837 silly audit   'client-only': [ '0.0.1' ],
1837 silly audit   fdir: [ '6.5.0' ],
1837 silly audit   'is-number': [ '7.0.0' ],
1837 silly audit   '@types/json5': [ '0.0.29' ],
1837 silly audit   json5: [ '1.0.2' ],
1837 silly audit   minimist: [ '1.2.8' ],
1837 silly audit   'strip-bom': [ '3.0.0' ],
1837 silly audit   'for-each': [ '0.3.5' ],
1837 silly audit   'reflect.getprototypeof': [ '1.0.10' ],
1837 silly audit   'which-builtin-type': [ '1.2.1' ],
1837 silly audit   'has-bigints': [ '1.1.0' ],
1837 silly audit   'which-boxed-primitive': [ '1.1.1' ],
1837 silly audit   '@unrs/resolver-binding-android-arm-eabi': [ '1.12.2' ],
1837 silly audit   '@unrs/resolver-binding-android-arm64': [ '1.12.2' ],
1837 silly audit   '@unrs/resolver-binding-darwin-arm64': [ '1.12.2' ],
1837 silly audit   '@unrs/resolver-binding-darwin-x64': [ '1.12.2' ],
1837 silly audit   '@unrs/resolver-binding-freebsd-x64': [ '1.12.2' ],
1837 silly audit   '@unrs/resolver-binding-linux-arm-gnueabihf': [ '1.12.2' ],
1837 silly audit   '@unrs/resolver-binding-linux-arm-musleabihf': [ '1.12.2' ],
1837 silly audit   '@unrs/resolver-binding-linux-arm64-gnu': [ '1.12.2' ],
1837 silly audit   '@unrs/resolver-binding-linux-arm64-musl': [ '1.12.2' ],
1837 silly audit   '@unrs/resolver-binding-linux-loong64-gnu': [ '1.12.2' ],
1837 silly audit   '@unrs/resolver-binding-linux-loong64-musl': [ '1.12.2' ],
1837 silly audit   '@unrs/resolver-binding-linux-ppc64-gnu': [ '1.12.2' ],
1837 silly audit   '@unrs/resolver-binding-linux-riscv64-gnu': [ '1.12.2' ],
1837 silly audit   '@unrs/resolver-binding-linux-riscv64-musl': [ '1.12.2' ],
1837 silly audit   '@unrs/resolver-binding-linux-s390x-gnu': [ '1.12.2' ],
1837 silly audit   '@unrs/resolver-binding-linux-x64-gnu': [ '1.12.2' ],
1837 silly audit   '@unrs/resolver-binding-linux-x64-musl': [ '1.12.2' ],
1837 silly audit   '@unrs/resolver-binding-openharmony-arm64': [ '1.12.2' ],
1837 silly audit   '@unrs/resolver-binding-wasm32-wasi': [ '1.12.2' ],
1837 silly audit   '@unrs/resolver-binding-win32-arm64-msvc': [ '1.12.2' ],
1837 silly audit   '@unrs/resolver-binding-win32-ia32-msvc': [ '1.12.2' ],
1837 silly audit   '@unrs/resolver-binding-win32-x64-msvc': [ '1.12.2' ],
1837 silly audit   'napi-postinstall': [ '0.3.4' ],
1837 silly audit   '@emnapi/core': [ '1.10.0' ],
1837 silly audit   '@napi-rs/wasm-runtime': [ '1.1.6' ],
1837 silly audit   '@emnapi/wasi-threads': [ '1.2.1' ],
1837 silly audit   '@tybys/wasm-util': [ '0.10.3' ],
1837 silly audit   punycode: [ '2.3.1' ],
1837 silly audit   isexe: [ '2.0.0' ],
1837 silly audit   'is-bigint': [ '1.1.0' ],
1837 silly audit   'is-boolean-object': [ '1.2.2' ],
1837 silly audit   'is-number-object': [ '1.1.1' ],
1837 silly audit   'is-async-function': [ '2.1.1' ],
1837 silly audit   'is-finalizationregistry': [ '1.1.1' ],
1837 silly audit   'is-generator-function': [ '1.1.2' ],
1837 silly audit   'which-collection': [ '1.0.2' ],
1837 silly audit   'async-function': [ '1.0.0' ],
1837 silly audit   'generator-function': [ '2.0.1' ],
1837 silly audit   'is-map': [ '2.0.3' ],
1837 silly audit   'is-weakmap': [ '2.0.2' ],
1837 silly audit   'is-weakset': [ '2.0.4' ],
1837 silly audit   'concat-map': [ '0.0.1' ]
1837 silly audit }
1838 http cache concat-map@https://registry.npmjs.org/concat-map/-/concat-map-0.0.1.tgz 0ms (cache hit)
1839 http cache is-weakset@https://registry.npmjs.org/is-weakset/-/is-weakset-2.0.4.tgz 0ms (cache hit)
1840 http cache is-weakmap@https://registry.npmjs.org/is-weakmap/-/is-weakmap-2.0.2.tgz 0ms (cache hit)
1841 http cache is-map@https://registry.npmjs.org/is-map/-/is-map-2.0.3.tgz 0ms (cache hit)
1842 http cache generator-function@https://registry.npmjs.org/generator-function/-/generator-function-2.0.1.tgz 0ms (cache hit)
1843 http cache async-function@https://registry.npmjs.org/async-function/-/async-function-1.0.0.tgz 0ms (cache hit)
1844 http cache which-collection@https://registry.npmjs.org/which-collection/-/which-collection-1.0.2.tgz 0ms (cache hit)
1845 http cache is-generator-function@https://registry.npmjs.org/is-generator-function/-/is-generator-function-1.1.2.tgz 0ms (cache hit)
1846 http cache is-finalizationregistry@https://registry.npmjs.org/is-finalizationregistry/-/is-finalizationregistry-1.1.1.tgz 0ms (cache hit)
1847 http cache is-async-function@https://registry.npmjs.org/is-async-function/-/is-async-function-2.1.1.tgz 0ms (cache hit)
1848 http cache is-number-object@https://registry.npmjs.org/is-number-object/-/is-number-object-1.1.1.tgz 0ms (cache hit)
1849 http cache is-boolean-object@https://registry.npmjs.org/is-boolean-object/-/is-boolean-object-1.2.2.tgz 0ms (cache hit)
1850 http cache is-bigint@https://registry.npmjs.org/is-bigint/-/is-bigint-1.1.0.tgz 0ms (cache hit)
1851 http cache isexe@https://registry.npmjs.org/isexe/-/isexe-2.0.0.tgz 0ms (cache hit)
1852 http cache punycode@https://registry.npmjs.org/punycode/-/punycode-2.3.1.tgz 0ms (cache hit)
1853 http cache napi-postinstall@https://registry.npmjs.org/napi-postinstall/-/napi-postinstall-0.3.4.tgz 0ms (cache hit)
1854 http cache @unrs/resolver-binding-linux-x64-gnu@https://registry.npmjs.org/@unrs/resolver-binding-linux-x64-gnu/-/resolver-binding-linux-x64-gnu-1.12.2.tgz 0ms (cache hit)
1855 http cache which-boxed-primitive@https://registry.npmjs.org/which-boxed-primitive/-/which-boxed-primitive-1.1.1.tgz 0ms (cache hit)
1856 http cache has-bigints@https://registry.npmjs.org/has-bigints/-/has-bigints-1.1.0.tgz 0ms (cache hit)
1857 http cache which-builtin-type@https://registry.npmjs.org/which-builtin-type/-/which-builtin-type-1.2.1.tgz 0ms (cache hit)
1858 http cache reflect.getprototypeof@https://registry.npmjs.org/reflect.getprototypeof/-/reflect.getprototypeof-1.0.10.tgz 0ms (cache hit)
1859 http cache for-each@https://registry.npmjs.org/for-each/-/for-each-0.3.5.tgz 0ms (cache hit)
1860 http cache strip-bom@https://registry.npmjs.org/strip-bom/-/strip-bom-3.0.0.tgz 0ms (cache hit)
1861 http cache minimist@https://registry.npmjs.org/minimist/-/minimist-1.2.8.tgz 0ms (cache hit)
1862 http cache json5@https://registry.npmjs.org/json5/-/json5-1.0.2.tgz 0ms (cache hit)
1863 http cache @types/json5@https://registry.npmjs.org/@types/json5/-/json5-0.0.29.tgz 0ms (cache hit)
1864 http cache is-number@https://registry.npmjs.org/is-number/-/is-number-7.0.0.tgz 0ms (cache hit)
1865 http cache fdir@https://registry.npmjs.org/fdir/-/fdir-6.5.0.tgz 0ms (cache hit)
1866 http cache client-only@https://registry.npmjs.org/client-only/-/client-only-0.0.1.tgz 0ms (cache hit)
1867 http cache is-arrayish@https://registry.npmjs.org/is-arrayish/-/is-arrayish-0.3.4.tgz 0ms (cache hit)
1868 http cache side-channel-weakmap@https://registry.npmjs.org/side-channel-weakmap/-/side-channel-weakmap-1.0.2.tgz 0ms (cache hit)
1869 http cache side-channel-map@https://registry.npmjs.org/side-channel-map/-/side-channel-map-1.0.1.tgz 0ms (cache hit)
1870 http cache side-channel-list@https://registry.npmjs.org/side-channel-list/-/side-channel-list-1.0.1.tgz 0ms (cache hit)
1871 http cache shebang-regex@https://registry.npmjs.org/shebang-regex/-/shebang-regex-3.0.0.tgz 0ms (cache hit)
1872 http cache color-name@https://registry.npmjs.org/color-name/-/color-name-1.1.4.tgz 0ms (cache hit)
1873 http cache color-string@https://registry.npmjs.org/color-string/-/color-string-1.9.1.tgz 0ms (cache hit)
1874 http cache simple-swizzle@https://registry.npmjs.org/simple-swizzle/-/simple-swizzle-0.2.4.tgz 0ms (cache hit)
1875 http cache color-convert@https://registry.npmjs.org/color-convert/-/color-convert-2.0.1.tgz 0ms (cache hit)
1876 http cache detect-libc@https://registry.npmjs.org/detect-libc/-/detect-libc-2.1.2.tgz 0ms (cache hit)
1877 http cache color@https://registry.npmjs.org/color/-/color-4.2.3.tgz 0ms (cache hit)
1878 http cache @img/sharp-libvips-linux-x64@https://registry.npmjs.org/@img/sharp-libvips-linux-x64/-/sharp-libvips-linux-x64-1.0.4.tgz 0ms (cache hit)
1879 http cache isarray@https://registry.npmjs.org/isarray/-/isarray-2.0.5.tgz 0ms (cache hit)
1880 http cache @img/sharp-linux-x64@https://registry.npmjs.org/@img/sharp-linux-x64/-/sharp-linux-x64-0.33.5.tgz 0ms (cache hit)
1881 http cache queue-microtask@https://registry.npmjs.org/queue-microtask/-/queue-microtask-1.2.3.tgz 0ms (cache hit)
1882 http cache supports-preserve-symlinks-flag@https://registry.npmjs.org/supports-preserve-symlinks-flag/-/supports-preserve-symlinks-flag-1.0.0.tgz 0ms (cache hit)
1883 http cache path-parse@https://registry.npmjs.org/path-parse/-/path-parse-1.0.7.tgz 0ms (cache hit)
1884 http cache node-exports-info@https://registry.npmjs.org/node-exports-info/-/node-exports-info-1.6.2.tgz 0ms (cache hit)
1885 http cache scheduler@https://registry.npmjs.org/scheduler/-/scheduler-0.27.0.tgz 0ms (cache hit)
1886 http cache js-tokens@https://registry.npmjs.org/js-tokens/-/js-tokens-4.0.0.tgz 0ms (cache hit)
1887 http cache react-is@https://registry.npmjs.org/react-is/-/react-is-16.13.1.tgz 0ms (cache hit)
1888 http cache object-assign@https://registry.npmjs.org/object-assign/-/object-assign-4.1.1.tgz 0ms (cache hit)
1889 http cache loose-envify@https://registry.npmjs.org/loose-envify/-/loose-envify-1.4.0.tgz 0ms (cache hit)
1890 http cache source-map-js@https://registry.npmjs.org/source-map-js/-/source-map-js-1.2.1.tgz 0ms (cache hit)
1891 http cache picocolors@https://registry.npmjs.org/picocolors/-/picocolors-1.1.1.tgz 0ms (cache hit)
1892 http cache nanoid@https://registry.npmjs.org/nanoid/-/nanoid-3.3.15.tgz 0ms (cache hit)
1893 http cache yocto-queue@https://registry.npmjs.org/yocto-queue/-/yocto-queue-0.1.0.tgz 0ms (cache hit)
1894 http cache p-limit@https://registry.npmjs.org/p-limit/-/p-limit-3.1.0.tgz 0ms (cache hit)
1895 http cache word-wrap@https://registry.npmjs.org/word-wrap/-/word-wrap-1.2.5.tgz 0ms (cache hit)
1896 http cache fast-levenshtein@https://registry.npmjs.org/fast-levenshtein/-/fast-levenshtein-2.0.6.tgz 0ms (cache hit)
1897 http cache deep-is@https://registry.npmjs.org/deep-is/-/deep-is-0.1.4.tgz 0ms (cache hit)
1898 http cache streamsearch@https://registry.npmjs.org/streamsearch/-/streamsearch-1.1.0.tgz 0ms (cache hit)
1899 http cache styled-jsx@https://registry.npmjs.org/styled-jsx/-/styled-jsx-5.1.6.tgz 0ms (cache hit)
1900 http cache sharp@https://registry.npmjs.org/sharp/-/sharp-0.33.5.tgz 0ms (cache hit)
1901 http cache caniuse-lite@https://registry.npmjs.org/caniuse-lite/-/caniuse-lite-1.0.30001799.tgz 0ms (cache hit)
1902 http cache busboy@https://registry.npmjs.org/busboy/-/busboy-1.6.0.tgz 0ms (cache hit)
1903 http cache @swc/helpers@https://registry.npmjs.org/@swc/helpers/-/helpers-0.5.13.tgz 0ms (cache hit)
1904 http cache @swc/counter@https://registry.npmjs.org/@swc/counter/-/counter-0.1.3.tgz 0ms (cache hit)
1905 http cache @next/swc-linux-x64-gnu@https://registry.npmjs.org/@next/swc-linux-x64-gnu/-/swc-linux-x64-gnu-15.0.3.tgz 0ms (cache hit)
1906 http cache @next/env@https://registry.npmjs.org/@next/env/-/env-15.0.3.tgz 0ms (cache hit)
1907 http cache balanced-match@https://registry.npmjs.org/balanced-match/-/balanced-match-4.0.4.tgz 0ms (cache hit)
1908 http cache brace-expansion@https://registry.npmjs.org/brace-expansion/-/brace-expansion-5.0.6.tgz 0ms (cache hit)
1909 http cache to-regex-range@https://registry.npmjs.org/to-regex-range/-/to-regex-range-5.0.1.tgz 0ms (cache hit)
1910 http cache fill-range@https://registry.npmjs.org/fill-range/-/fill-range-7.1.1.tgz 0ms (cache hit)
1911 http cache picomatch@https://registry.npmjs.org/picomatch/-/picomatch-2.3.2.tgz 0ms (cache hit)
1912 http cache braces@https://registry.npmjs.org/braces/-/braces-3.0.3.tgz 0ms (cache hit)
1913 http cache p-locate@https://registry.npmjs.org/p-locate/-/p-locate-5.0.0.tgz 0ms (cache hit)
1914 http cache type-check@https://registry.npmjs.org/type-check/-/type-check-0.4.0.tgz 0ms (cache hit)
1915 http cache prelude-ls@https://registry.npmjs.org/prelude-ls/-/prelude-ls-1.2.1.tgz 0ms (cache hit)
1916 http cache language-subtag-registry@https://registry.npmjs.org/language-subtag-registry/-/language-subtag-registry-0.3.23.tgz 0ms (cache hit)
1917 http cache json-buffer@https://registry.npmjs.org/json-buffer/-/json-buffer-3.0.1.tgz 0ms (cache hit)
1918 http cache set-function-name@https://registry.npmjs.org/set-function-name/-/set-function-name-2.0.2.tgz 0ms (cache hit)
1919 http cache is-extglob@https://registry.npmjs.org/is-extglob/-/is-extglob-2.1.1.tgz 0ms (cache hit)
1920 http cache side-channel@https://registry.npmjs.org/side-channel/-/side-channel-1.1.1.tgz 0ms (cache hit)
1921 http cache resolve-pkg-maps@https://registry.npmjs.org/resolve-pkg-maps/-/resolve-pkg-maps-1.0.0.tgz 0ms (cache hit)
1922 http cache dunder-proto@https://registry.npmjs.org/dunder-proto/-/dunder-proto-1.0.1.tgz 0ms (cache hit)
1923 http cache is-document.all@https://registry.npmjs.org/is-document.all/-/is-document.all-1.0.0.tgz 0ms (cache hit)
1924 http cache functions-have-names@https://registry.npmjs.org/functions-have-names/-/functions-have-names-1.2.3.tgz 0ms (cache hit)
1925 http cache tslib@https://registry.npmjs.org/tslib/-/tslib-2.8.1.tgz 0ms (cache hit)
1926 http cache motion-utils@https://registry.npmjs.org/motion-utils/-/motion-utils-12.39.0.tgz 0ms (cache hit)
1927 http cache motion-dom@https://registry.npmjs.org/motion-dom/-/motion-dom-12.42.0.tgz 0ms (cache hit)
1928 http cache keyv@https://registry.npmjs.org/keyv/-/keyv-4.5.4.tgz 0ms (cache hit)
1929 http cache flatted@https://registry.npmjs.org/flatted/-/flatted-3.4.2.tgz 0ms (cache hit)
1930 http cache path-exists@https://registry.npmjs.org/path-exists/-/path-exists-4.0.0.tgz 0ms (cache hit)
1931 http cache locate-path@https://registry.npmjs.org/locate-path/-/locate-path-6.0.0.tgz 0ms (cache hit)
1932 http cache flat-cache@https://registry.npmjs.org/flat-cache/-/flat-cache-4.0.1.tgz 0ms (cache hit)
1933 http cache reusify@https://registry.npmjs.org/reusify/-/reusify-1.1.0.tgz 0ms (cache hit)
1934 http cache run-parallel@https://registry.npmjs.org/run-parallel/-/run-parallel-1.2.0.tgz 0ms (cache hit)
1935 http cache fastq@https://registry.npmjs.org/fastq/-/fastq-1.20.1.tgz 0ms (cache hit)
1936 http cache @nodelib/fs.scandir@https://registry.npmjs.org/@nodelib/fs.scandir/-/fs.scandir-2.1.5.tgz 0ms (cache hit)
1937 http cache micromatch@https://registry.npmjs.org/micromatch/-/micromatch-4.0.8.tgz 0ms (cache hit)
1938 http cache merge2@https://registry.npmjs.org/merge2/-/merge2-1.4.1.tgz 0ms (cache hit)
1939 http cache @nodelib/fs.walk@https://registry.npmjs.org/@nodelib/fs.walk/-/fs.walk-1.2.8.tgz 0ms (cache hit)
1940 http cache @nodelib/fs.stat@https://registry.npmjs.org/@nodelib/fs.stat/-/fs.stat-2.0.5.tgz 0ms (cache hit)
1941 http cache acorn-jsx@https://registry.npmjs.org/acorn-jsx/-/acorn-jsx-5.3.2.tgz 0ms (cache hit)
1942 http cache acorn@https://registry.npmjs.org/acorn/-/acorn-8.17.0.tgz 0ms (cache hit)
1943 http cache esrecurse@https://registry.npmjs.org/esrecurse/-/esrecurse-4.3.0.tgz 0ms (cache hit)
1944 http cache @types/esrecurse@https://registry.npmjs.org/@types/esrecurse/-/esrecurse-4.3.1.tgz 0ms (cache hit)
1945 http cache iterator.prototype@https://registry.npmjs.org/iterator.prototype/-/iterator.prototype-1.1.5.tgz 0ms (cache hit)
1946 http cache string.prototype.repeat@https://registry.npmjs.org/string.prototype.repeat/-/string.prototype.repeat-1.0.0.tgz 0ms (cache hit)
1947 http cache string.prototype.matchall@https://registry.npmjs.org/string.prototype.matchall/-/string.prototype.matchall-4.0.12.tgz 0ms (cache hit)
1948 http cache prop-types@https://registry.npmjs.org/prop-types/-/prop-types-15.8.1.tgz 0ms (cache hit)
1949 http cache object.entries@https://registry.npmjs.org/object.entries/-/object.entries-1.1.9.tgz 0ms (cache hit)
1950 http cache estraverse@https://registry.npmjs.org/estraverse/-/estraverse-5.3.0.tgz 0ms (cache hit)
1951 http cache es-iterator-helpers@https://registry.npmjs.org/es-iterator-helpers/-/es-iterator-helpers-1.3.3.tgz 0ms (cache hit)
1952 http cache array.prototype.tosorted@https://registry.npmjs.org/array.prototype.tosorted/-/array.prototype.tosorted-1.1.4.tgz 0ms (cache hit)
1953 http cache array.prototype.findlast@https://registry.npmjs.org/array.prototype.findlast/-/array.prototype.findlast-1.2.5.tgz 0ms (cache hit)
1954 http cache string.prototype.includes@https://registry.npmjs.org/string.prototype.includes/-/string.prototype.includes-2.0.1.tgz 0ms (cache hit)
1955 http cache language-tags@https://registry.npmjs.org/language-tags/-/language-tags-1.0.9.tgz 0ms (cache hit)
1956 http cache jsx-ast-utils@https://registry.npmjs.org/jsx-ast-utils/-/jsx-ast-utils-3.3.5.tgz 0ms (cache hit)
1957 http cache emoji-regex@https://registry.npmjs.org/emoji-regex/-/emoji-regex-9.2.2.tgz 0ms (cache hit)
1958 http cache damerau-levenshtein@https://registry.npmjs.org/damerau-levenshtein/-/damerau-levenshtein-1.0.8.tgz 0ms (cache hit)
1959 http cache axobject-query@https://registry.npmjs.org/axobject-query/-/axobject-query-4.1.0.tgz 0ms (cache hit)
1960 http cache axe-core@https://registry.npmjs.org/axe-core/-/axe-core-4.12.1.tgz 0ms (cache hit)
1961 http cache ast-types-flow@https://registry.npmjs.org/ast-types-flow/-/ast-types-flow-0.0.8.tgz 0ms (cache hit)
1962 http cache aria-query@https://registry.npmjs.org/aria-query/-/aria-query-5.3.2.tgz 0ms (cache hit)
1963 http cache is-symbol@https://registry.npmjs.org/is-symbol/-/is-symbol-1.1.1.tgz 0ms (cache hit)
1964 http cache is-date-object@https://registry.npmjs.org/is-date-object/-/is-date-object-1.1.0.tgz 0ms (cache hit)
1965 http cache es-abstract-get@https://registry.npmjs.org/es-abstract-get/-/es-abstract-get-1.0.0.tgz 0ms (cache hit)
1966 http cache has-tostringtag@https://registry.npmjs.org/has-tostringtag/-/has-tostringtag-1.0.2.tgz 0ms (cache hit)
1967 http cache possible-typed-array-names@https://registry.npmjs.org/possible-typed-array-names/-/possible-typed-array-names-1.1.0.tgz 0ms (cache hit)
1968 http cache which-typed-array@https://registry.npmjs.org/which-typed-array/-/which-typed-array-1.1.22.tgz 0ms (cache hit)
1969 http cache unbox-primitive@https://registry.npmjs.org/unbox-primitive/-/unbox-primitive-1.1.0.tgz 0ms (cache hit)
1970 http cache typed-array-length@https://registry.npmjs.org/typed-array-length/-/typed-array-length-1.0.8.tgz 0ms (cache hit)
1971 http cache typed-array-byte-offset@https://registry.npmjs.org/typed-array-byte-offset/-/typed-array-byte-offset-1.0.4.tgz 0ms (cache hit)
1972 http cache typed-array-byte-length@https://registry.npmjs.org/typed-array-byte-length/-/typed-array-byte-length-1.0.3.tgz 0ms (cache hit)
1973 http cache typed-array-buffer@https://registry.npmjs.org/typed-array-buffer/-/typed-array-buffer-1.0.3.tgz 0ms (cache hit)
1974 http cache string.prototype.trimstart@https://registry.npmjs.org/string.prototype.trimstart/-/string.prototype.trimstart-1.0.8.tgz 0ms (cache hit)
1975 http cache string.prototype.trim@https://registry.npmjs.org/string.prototype.trim/-/string.prototype.trim-1.2.11.tgz 0ms (cache hit)
1976 http cache stop-iteration-iterator@https://registry.npmjs.org/stop-iteration-iterator/-/stop-iteration-iterator-1.1.0.tgz 0ms (cache hit)
1977 http cache safe-regex-test@https://registry.npmjs.org/safe-regex-test/-/safe-regex-test-1.1.0.tgz 0ms (cache hit)
1978 http cache safe-push-apply@https://registry.npmjs.org/safe-push-apply/-/safe-push-apply-1.0.0.tgz 0ms (cache hit)
1979 http cache safe-array-concat@https://registry.npmjs.org/safe-array-concat/-/safe-array-concat-1.1.4.tgz 0ms (cache hit)
1980 http cache set-proto@https://registry.npmjs.org/set-proto/-/set-proto-1.0.0.tgz 0ms (cache hit)
1981 http cache regexp.prototype.flags@https://registry.npmjs.org/regexp.prototype.flags/-/regexp.prototype.flags-1.5.4.tgz 1ms (cache hit)
1982 http cache own-keys@https://registry.npmjs.org/own-keys/-/own-keys-1.0.1.tgz 0ms (cache hit)
1983 http cache object.assign@https://registry.npmjs.org/object.assign/-/object.assign-4.1.7.tgz 0ms (cache hit)
1984 http cache object-inspect@https://registry.npmjs.org/object-inspect/-/object-inspect-1.13.4.tgz 0ms (cache hit)
1985 http cache is-weakref@https://registry.npmjs.org/is-weakref/-/is-weakref-1.1.1.tgz 0ms (cache hit)
1986 http cache is-typed-array@https://registry.npmjs.org/is-typed-array/-/is-typed-array-1.1.15.tgz 0ms (cache hit)
1987 http cache is-shared-array-buffer@https://registry.npmjs.org/is-shared-array-buffer/-/is-shared-array-buffer-1.0.4.tgz 0ms (cache hit)
1988 http cache is-set@https://registry.npmjs.org/is-set/-/is-set-2.0.3.tgz 0ms (cache hit)
1989 http cache is-regex@https://registry.npmjs.org/is-regex/-/is-regex-1.2.1.tgz 0ms (cache hit)
1990 http cache is-negative-zero@https://registry.npmjs.org/is-negative-zero/-/is-negative-zero-2.0.3.tgz 0ms (cache hit)
1991 http cache is-data-view@https://registry.npmjs.org/is-data-view/-/is-data-view-1.0.2.tgz 0ms (cache hit)
1992 http cache is-callable@https://registry.npmjs.org/is-callable/-/is-callable-1.2.7.tgz 0ms (cache hit)
1993 http cache is-array-buffer@https://registry.npmjs.org/is-array-buffer/-/is-array-buffer-3.0.5.tgz 0ms (cache hit)
1994 http cache internal-slot@https://registry.npmjs.org/internal-slot/-/internal-slot-1.1.0.tgz 0ms (cache hit)
1995 http cache has-symbols@https://registry.npmjs.org/has-symbols/-/has-symbols-1.1.0.tgz 0ms (cache hit)
1996 http cache has-proto@https://registry.npmjs.org/has-proto/-/has-proto-1.2.0.tgz 0ms (cache hit)
1997 http cache globalthis@https://registry.npmjs.org/globalthis/-/globalthis-1.0.4.tgz 0ms (cache hit)
1998 http cache get-symbol-description@https://registry.npmjs.org/get-symbol-description/-/get-symbol-description-1.1.0.tgz 0ms (cache hit)
1999 http cache get-proto@https://registry.npmjs.org/get-proto/-/get-proto-1.0.1.tgz 0ms (cache hit)
2000 http cache function.prototype.name@https://registry.npmjs.org/function.prototype.name/-/function.prototype.name-1.2.0.tgz 0ms (cache hit)
2001 http cache es-to-primitive@https://registry.npmjs.org/es-to-primitive/-/es-to-primitive-1.3.4.tgz 0ms (cache hit)
2002 http cache es-set-tostringtag@https://registry.npmjs.org/es-set-tostringtag/-/es-set-tostringtag-2.1.0.tgz 0ms (cache hit)
2003 http cache data-view-byte-offset@https://registry.npmjs.org/data-view-byte-offset/-/data-view-byte-offset-1.0.1.tgz 0ms (cache hit)
2004 http cache data-view-buffer@https://registry.npmjs.org/data-view-buffer/-/data-view-buffer-1.0.2.tgz 0ms (cache hit)
2005 http cache available-typed-arrays@https://registry.npmjs.org/available-typed-arrays/-/available-typed-arrays-1.0.7.tgz 0ms (cache hit)
2006 http cache arraybuffer.prototype.slice@https://registry.npmjs.org/arraybuffer.prototype.slice/-/arraybuffer.prototype.slice-1.0.4.tgz 0ms (cache hit)
2007 http cache array-buffer-byte-length@https://registry.npmjs.org/array-buffer-byte-length/-/array-buffer-byte-length-1.0.2.tgz 0ms (cache hit)
2008 http cache gopd@https://registry.npmjs.org/gopd/-/gopd-1.2.0.tgz 0ms (cache hit)
2009 http cache object-keys@https://registry.npmjs.org/object-keys/-/object-keys-1.1.1.tgz 0ms (cache hit)
2010 http cache has-property-descriptors@https://registry.npmjs.org/has-property-descriptors/-/has-property-descriptors-1.0.2.tgz 0ms (cache hit)
2011 http cache define-data-property@https://registry.npmjs.org/define-data-property/-/define-data-property-1.1.4.tgz 0ms (cache hit)
2012 http cache function-bind@https://registry.npmjs.org/function-bind/-/function-bind-1.1.2.tgz 0ms (cache hit)
2013 http cache set-function-length@https://registry.npmjs.org/set-function-length/-/set-function-length-1.2.2.tgz 0ms (cache hit)
2014 http cache es-define-property@https://registry.npmjs.org/es-define-property/-/es-define-property-1.0.1.tgz 0ms (cache hit)
2015 http cache call-bind-apply-helpers@https://registry.npmjs.org/call-bind-apply-helpers/-/call-bind-apply-helpers-1.0.2.tgz 0ms (cache hit)
2016 http cache es-shim-unscopables@https://registry.npmjs.org/es-shim-unscopables/-/es-shim-unscopables-1.1.0.tgz 0ms (cache hit)
2017 http cache es-errors@https://registry.npmjs.org/es-errors/-/es-errors-1.3.0.tgz 0ms (cache hit)
2018 http cache math-intrinsics@https://registry.npmjs.org/math-intrinsics/-/math-intrinsics-1.1.0.tgz 0ms (cache hit)
2019 http cache is-string@https://registry.npmjs.org/is-string/-/is-string-1.1.1.tgz 0ms (cache hit)
2020 http cache get-intrinsic@https://registry.npmjs.org/get-intrinsic/-/get-intrinsic-1.3.0.tgz 0ms (cache hit)
2021 http cache es-object-atoms@https://registry.npmjs.org/es-object-atoms/-/es-object-atoms-1.1.2.tgz 0ms (cache hit)
2022 http cache es-abstract@https://registry.npmjs.org/es-abstract/-/es-abstract-1.24.2.tgz 0ms (cache hit)
2023 http cache define-properties@https://registry.npmjs.org/define-properties/-/define-properties-1.2.1.tgz 0ms (cache hit)
2024 http cache call-bound@https://registry.npmjs.org/call-bound/-/call-bound-1.0.4.tgz 0ms (cache hit)
2025 http cache call-bind@https://registry.npmjs.org/call-bind/-/call-bind-1.0.9.tgz 0ms (cache hit)
2026 http cache tsconfig-paths@https://registry.npmjs.org/tsconfig-paths/-/tsconfig-paths-3.15.0.tgz 0ms (cache hit)
2027 http cache string.prototype.trimend@https://registry.npmjs.org/string.prototype.trimend/-/string.prototype.trimend-1.0.10.tgz 0ms (cache hit)
2028 http cache data-view-byte-length@https://registry.npmjs.org/data-view-byte-length/-/data-view-byte-length-1.0.2.tgz 0ms (cache hit)
2029 http cache object.values@https://registry.npmjs.org/object.values/-/object.values-1.2.1.tgz 0ms (cache hit)
2030 http cache object.groupby@https://registry.npmjs.org/object.groupby/-/object.groupby-1.0.3.tgz 0ms (cache hit)
2031 http cache object.fromentries@https://registry.npmjs.org/object.fromentries/-/object.fromentries-2.0.8.tgz 0ms (cache hit)
2032 http cache hasown@https://registry.npmjs.org/hasown/-/hasown-2.0.4.tgz 0ms (cache hit)
2033 http cache eslint-module-utils@https://registry.npmjs.org/eslint-module-utils/-/eslint-module-utils-2.13.0.tgz 0ms (cache hit)
2034 http cache doctrine@https://registry.npmjs.org/doctrine/-/doctrine-2.1.0.tgz 0ms (cache hit)
2035 http cache array.prototype.flatmap@https://registry.npmjs.org/array.prototype.flatmap/-/array.prototype.flatmap-1.3.3.tgz 0ms (cache hit)
2036 http cache array.prototype.flat@https://registry.npmjs.org/array.prototype.flat/-/array.prototype.flat-1.3.3.tgz 0ms (cache hit)
2037 http cache array.prototype.findlastindex@https://registry.npmjs.org/array.prototype.findlastindex/-/array.prototype.findlastindex-1.2.6.tgz 0ms (cache hit)
2038 http cache array-includes@https://registry.npmjs.org/array-includes/-/array-includes-3.1.9.tgz 0ms (cache hit)
2039 http cache @rtsao/scc@https://registry.npmjs.org/@rtsao/scc/-/scc-1.1.0.tgz 0ms (cache hit)
2040 http cache unrs-resolver@https://registry.npmjs.org/unrs-resolver/-/unrs-resolver-1.12.2.tgz 0ms (cache hit)
2041 http cache stable-hash@https://registry.npmjs.org/stable-hash/-/stable-hash-0.0.5.tgz 0ms (cache hit)
2042 http cache is-bun-module@https://registry.npmjs.org/is-bun-module/-/is-bun-module-2.0.0.tgz 0ms (cache hit)
2043 http cache get-tsconfig@https://registry.npmjs.org/get-tsconfig/-/get-tsconfig-4.14.0.tgz 0ms (cache hit)
2044 http cache @nolyfill/is-core-module@https://registry.npmjs.org/@nolyfill/is-core-module/-/is-core-module-1.0.39.tgz 0ms (cache hit)
2045 http cache resolve@https://registry.npmjs.org/resolve/-/resolve-2.0.0-next.7.tgz 0ms (cache hit)
2046 http cache is-core-module@https://registry.npmjs.org/is-core-module/-/is-core-module-2.16.2.tgz 0ms (cache hit)
2047 http cache tinyglobby@https://registry.npmjs.org/tinyglobby/-/tinyglobby-0.2.17.tgz 0ms (cache hit)
2048 http cache semver@https://registry.npmjs.org/semver/-/semver-7.8.5.tgz 0ms (cache hit)
2049 http cache @typescript-eslint/tsconfig-utils@https://registry.npmjs.org/@typescript-eslint/tsconfig-utils/-/tsconfig-utils-8.62.0.tgz 0ms (cache hit)
2050 http cache @typescript-eslint/project-service@https://registry.npmjs.org/@typescript-eslint/project-service/-/project-service-8.62.0.tgz 0ms (cache hit)
2051 http cache @typescript-eslint/typescript-estree@https://registry.npmjs.org/@typescript-eslint/typescript-estree/-/typescript-estree-8.62.0.tgz 0ms (cache hit)
2052 http cache @typescript-eslint/types@https://registry.npmjs.org/@typescript-eslint/types/-/types-8.62.0.tgz 0ms (cache hit)
2053 http cache ts-api-utils@https://registry.npmjs.org/ts-api-utils/-/ts-api-utils-2.5.0.tgz 0ms (cache hit)
2054 http cache @typescript-eslint/visitor-keys@https://registry.npmjs.org/@typescript-eslint/visitor-keys/-/visitor-keys-8.62.0.tgz 0ms (cache hit)
2055 http cache @typescript-eslint/utils@https://registry.npmjs.org/@typescript-eslint/utils/-/utils-8.62.0.tgz 0ms (cache hit)
2056 http cache @typescript-eslint/type-utils@https://registry.npmjs.org/@typescript-eslint/type-utils/-/type-utils-8.62.0.tgz 0ms (cache hit)
2057 http cache @typescript-eslint/scope-manager@https://registry.npmjs.org/@typescript-eslint/scope-manager/-/scope-manager-8.62.0.tgz 0ms (cache hit)
2058 http cache fast-glob@https://registry.npmjs.org/fast-glob/-/fast-glob-3.3.1.tgz 0ms (cache hit)
2059 http cache eslint-plugin-react-hooks@https://registry.npmjs.org/eslint-plugin-react-hooks/-/eslint-plugin-react-hooks-5.2.0.tgz 0ms (cache hit)
2060 http cache eslint-plugin-react@https://registry.npmjs.org/eslint-plugin-react/-/eslint-plugin-react-7.37.5.tgz 0ms (cache hit)
2061 http cache eslint-plugin-jsx-a11y@https://registry.npmjs.org/eslint-plugin-jsx-a11y/-/eslint-plugin-jsx-a11y-6.10.2.tgz 0ms (cache hit)
2062 http cache eslint-plugin-import@https://registry.npmjs.org/eslint-plugin-import/-/eslint-plugin-import-2.32.0.tgz 0ms (cache hit)
2063 http cache eslint-import-resolver-typescript@https://registry.npmjs.org/eslint-import-resolver-typescript/-/eslint-import-resolver-typescript-3.10.1.tgz 0ms (cache hit)
2064 http cache eslint-import-resolver-node@https://registry.npmjs.org/eslint-import-resolver-node/-/eslint-import-resolver-node-0.3.10.tgz 0ms (cache hit)
2065 http cache @typescript-eslint/parser@https://registry.npmjs.org/@typescript-eslint/parser/-/parser-8.62.0.tgz 0ms (cache hit)
2066 http cache @typescript-eslint/eslint-plugin@https://registry.npmjs.org/@typescript-eslint/eslint-plugin/-/eslint-plugin-8.62.0.tgz 0ms (cache hit)
2067 http cache @rushstack/eslint-patch@https://registry.npmjs.org/@rushstack/eslint-patch/-/eslint-patch-1.16.1.tgz 0ms (cache hit)
2068 http cache @next/eslint-plugin-next@https://registry.npmjs.org/@next/eslint-plugin-next/-/eslint-plugin-next-15.0.3.tgz 0ms (cache hit)
2069 http cache ms@https://registry.npmjs.org/ms/-/ms-2.1.3.tgz 0ms (cache hit)
2070 http cache which@https://registry.npmjs.org/which/-/which-2.0.2.tgz 0ms (cache hit)
2071 http cache shebang-command@https://registry.npmjs.org/shebang-command/-/shebang-command-2.0.0.tgz 0ms (cache hit)
2072 http cache path-key@https://registry.npmjs.org/path-key/-/path-key-3.1.1.tgz 0ms (cache hit)
2073 http cache uri-js@https://registry.npmjs.org/uri-js/-/uri-js-4.4.1.tgz 0ms (cache hit)
2074 http cache json-schema-traverse@https://registry.npmjs.org/json-schema-traverse/-/json-schema-traverse-0.4.1.tgz 0ms (cache hit)
2075 http cache fast-json-stable-stringify@https://registry.npmjs.org/fast-json-stable-stringify/-/fast-json-stable-stringify-2.1.0.tgz 0ms (cache hit)
2076 http cache @humanfs/types@https://registry.npmjs.org/@humanfs/types/-/types-0.15.0.tgz 0ms (cache hit)
2077 http cache @humanfs/core@https://registry.npmjs.org/@humanfs/core/-/core-0.19.2.tgz 0ms (cache hit)
2078 http cache levn@https://registry.npmjs.org/levn/-/levn-0.4.1.tgz 0ms (cache hit)
2079 http cache @types/json-schema@https://registry.npmjs.org/@types/json-schema/-/json-schema-7.0.15.tgz 0ms (cache hit)
2080 http cache @eslint/object-schema@https://registry.npmjs.org/@eslint/object-schema/-/object-schema-3.0.5.tgz 0ms (cache hit)
2081 http cache optionator@https://registry.npmjs.org/optionator/-/optionator-0.9.4.tgz 0ms (cache hit)
2082 http cache natural-compare@https://registry.npmjs.org/natural-compare/-/natural-compare-1.4.0.tgz 0ms (cache hit)
2083 http cache minimatch@https://registry.npmjs.org/minimatch/-/minimatch-10.2.5.tgz 0ms (cache hit)
2084 http cache json-stable-stringify-without-jsonify@https://registry.npmjs.org/json-stable-stringify-without-jsonify/-/json-stable-stringify-without-jsonify-1.0.1.tgz 0ms (cache hit)
2085 http cache is-glob@https://registry.npmjs.org/is-glob/-/is-glob-4.0.3.tgz 0ms (cache hit)
2086 http cache imurmurhash@https://registry.npmjs.org/imurmurhash/-/imurmurhash-0.1.4.tgz 0ms (cache hit)
2087 http cache ignore@https://registry.npmjs.org/ignore/-/ignore-5.3.2.tgz 0ms (cache hit)
2088 http cache glob-parent@https://registry.npmjs.org/glob-parent/-/glob-parent-6.0.2.tgz 0ms (cache hit)
2089 http cache find-up@https://registry.npmjs.org/find-up/-/find-up-5.0.0.tgz 0ms (cache hit)
2090 http cache file-entry-cache@https://registry.npmjs.org/file-entry-cache/-/file-entry-cache-8.0.0.tgz 0ms (cache hit)
2091 http cache fast-deep-equal@https://registry.npmjs.org/fast-deep-equal/-/fast-deep-equal-3.1.3.tgz 0ms (cache hit)
2092 http cache esutils@https://registry.npmjs.org/esutils/-/esutils-2.0.3.tgz 0ms (cache hit)
2093 http cache esquery@https://registry.npmjs.org/esquery/-/esquery-1.7.0.tgz 0ms (cache hit)
2094 http cache espree@https://registry.npmjs.org/espree/-/espree-11.2.0.tgz 0ms (cache hit)
2095 http cache eslint-visitor-keys@https://registry.npmjs.org/eslint-visitor-keys/-/eslint-visitor-keys-5.0.1.tgz 0ms (cache hit)
2096 http cache eslint-scope@https://registry.npmjs.org/eslint-scope/-/eslint-scope-9.1.2.tgz 0ms (cache hit)
2097 http cache escape-string-regexp@https://registry.npmjs.org/escape-string-regexp/-/escape-string-regexp-4.0.0.tgz 0ms (cache hit)
2098 http cache debug@https://registry.npmjs.org/debug/-/debug-4.4.3.tgz 0ms (cache hit)
2099 http cache cross-spawn@https://registry.npmjs.org/cross-spawn/-/cross-spawn-7.0.6.tgz 0ms (cache hit)
2100 http cache ajv@https://registry.npmjs.org/ajv/-/ajv-6.15.0.tgz 0ms (cache hit)
2101 http cache @types/estree@https://registry.npmjs.org/@types/estree/-/estree-1.0.9.tgz 0ms (cache hit)
2102 http cache @humanwhocodes/retry@https://registry.npmjs.org/@humanwhocodes/retry/-/retry-0.4.3.tgz 0ms (cache hit)
2103 http cache @humanwhocodes/module-importer@https://registry.npmjs.org/@humanwhocodes/module-importer/-/module-importer-1.0.1.tgz 0ms (cache hit)
2104 http cache @humanfs/node@https://registry.npmjs.org/@humanfs/node/-/node-0.16.8.tgz 0ms (cache hit)
2105 http cache @eslint/plugin-kit@https://registry.npmjs.org/@eslint/plugin-kit/-/plugin-kit-0.7.2.tgz 0ms (cache hit)
2106 http cache @eslint/core@https://registry.npmjs.org/@eslint/core/-/core-1.2.1.tgz 0ms (cache hit)
2107 http cache @eslint/config-helpers@https://registry.npmjs.org/@eslint/config-helpers/-/config-helpers-0.6.0.tgz 0ms (cache hit)
2108 http cache @eslint/config-array@https://registry.npmjs.org/@eslint/config-array/-/config-array-0.23.5.tgz 0ms (cache hit)
2109 http cache @eslint-community/regexpp@https://registry.npmjs.org/@eslint-community/regexpp/-/regexpp-4.12.2.tgz 0ms (cache hit)
2110 http cache @eslint-community/eslint-utils@https://registry.npmjs.org/@eslint-community/eslint-utils/-/eslint-utils-4.9.1.tgz 0ms (cache hit)
2111 http cache csstype@https://registry.npmjs.org/csstype/-/csstype-3.2.3.tgz 0ms (cache hit)
2112 http cache undici-types@https://registry.npmjs.org/undici-types/-/undici-types-8.3.0.tgz 1ms (cache hit)
2113 http cache vazirmatn@https://registry.npmjs.org/vazirmatn/-/vazirmatn-33.0.3.tgz 0ms (cache hit)
2114 http cache typescript@https://registry.npmjs.org/typescript/-/typescript-6.0.3.tgz 0ms (cache hit)
2115 http cache tailwindcss@https://registry.npmjs.org/tailwindcss/-/tailwindcss-4.3.1.tgz 0ms (cache hit)
2116 http cache react-dom@https://registry.npmjs.org/react-dom/-/react-dom-19.2.7.tgz 0ms (cache hit)
2117 http cache react@https://registry.npmjs.org/react/-/react-19.2.7.tgz 0ms (cache hit)
2118 http cache postcss@https://registry.npmjs.org/postcss/-/postcss-8.5.15.tgz 0ms (cache hit)
2119 http cache next@https://registry.npmjs.org/next/-/next-15.0.3.tgz 0ms (cache hit)
2120 http cache lucide-react@https://registry.npmjs.org/lucide-react/-/lucide-react-1.21.0.tgz 0ms (cache hit)
2121 http cache framer-motion@https://registry.npmjs.org/framer-motion/-/framer-motion-12.42.0.tgz 0ms (cache hit)
2122 http cache eslint-config-next@https://registry.npmjs.org/eslint-config-next/-/eslint-config-next-15.0.3.tgz 0ms (cache hit)
2123 http cache eslint@https://registry.npmjs.org/eslint/-/eslint-10.6.0.tgz 0ms (cache hit)
2124 http cache @types/react-dom@https://registry.npmjs.org/@types/react-dom/-/react-dom-19.2.3.tgz 0ms (cache hit)
2125 http cache @types/react@https://registry.npmjs.org/@types/react/-/react-19.2.17.tgz 0ms (cache hit)
2126 http cache @types/node@https://registry.npmjs.org/@types/node/-/node-26.0.1.tgz 0ms (cache hit)
2127 http cache semver@https://registry.npmjs.org/semver/-/semver-6.3.1.tgz 0ms (cache hit)
2128 http cache debug@https://registry.npmjs.org/debug/-/debug-3.2.7.tgz 0ms (cache hit)
2129 http cache picomatch@https://registry.npmjs.org/picomatch/-/picomatch-4.0.4.tgz 0ms (cache hit)
2130 http cache glob-parent@https://registry.npmjs.org/glob-parent/-/glob-parent-5.1.2.tgz 0ms (cache hit)
2131 http cache balanced-match@https://registry.npmjs.org/balanced-match/-/balanced-match-1.0.2.tgz 0ms (cache hit)
2132 http cache brace-expansion@https://registry.npmjs.org/brace-expansion/-/brace-expansion-1.1.15.tgz 0ms (cache hit)
2133 http cache minimatch@https://registry.npmjs.org/minimatch/-/minimatch-3.1.5.tgz 0ms (cache hit)
2134 http cache semver@https://registry.npmjs.org/semver/-/semver-6.3.1.tgz 0ms (cache hit)
2135 http cache balanced-match@https://registry.npmjs.org/balanced-match/-/balanced-match-1.0.2.tgz 0ms (cache hit)
2136 http cache brace-expansion@https://registry.npmjs.org/brace-expansion/-/brace-expansion-1.1.15.tgz 0ms (cache hit)
2137 http cache minimatch@https://registry.npmjs.org/minimatch/-/minimatch-3.1.5.tgz 0ms (cache hit)
2138 http cache balanced-match@https://registry.npmjs.org/balanced-match/-/balanced-match-1.0.2.tgz 0ms (cache hit)
2139 http cache brace-expansion@https://registry.npmjs.org/brace-expansion/-/brace-expansion-1.1.15.tgz 0ms (cache hit)
2140 http cache semver@https://registry.npmjs.org/semver/-/semver-6.3.1.tgz 0ms (cache hit)
2141 http cache minimatch@https://registry.npmjs.org/minimatch/-/minimatch-3.1.5.tgz 0ms (cache hit)
2142 http cache debug@https://registry.npmjs.org/debug/-/debug-3.2.7.tgz 0ms (cache hit)
2143 http cache debug@https://registry.npmjs.org/debug/-/debug-3.2.7.tgz 0ms (cache hit)
2144 http cache ignore@https://registry.npmjs.org/ignore/-/ignore-7.0.5.tgz 0ms (cache hit)
2145 http cache eslint-visitor-keys@https://registry.npmjs.org/eslint-visitor-keys/-/eslint-visitor-keys-3.4.3.tgz 0ms (cache hit)
2146 silly tarball no local data for concat-map@https://registry.npmjs.org/concat-map/-/concat-map-0.0.1.tgz. Extracting by manifest.
2147 silly tarball no local data for is-weakset@https://registry.npmjs.org/is-weakset/-/is-weakset-2.0.4.tgz. Extracting by manifest.
2148 silly tarball no local data for is-weakmap@https://registry.npmjs.org/is-weakmap/-/is-weakmap-2.0.2.tgz. Extracting by manifest.
2149 silly tarball no local data for is-map@https://registry.npmjs.org/is-map/-/is-map-2.0.3.tgz. Extracting by manifest.
2150 silly tarball no local data for generator-function@https://registry.npmjs.org/generator-function/-/generator-function-2.0.1.tgz. Extracting by manifest.
2151 silly tarball no local data for async-function@https://registry.npmjs.org/async-function/-/async-function-1.0.0.tgz. Extracting by manifest.
2152 silly tarball no local data for which-collection@https://registry.npmjs.org/which-collection/-/which-collection-1.0.2.tgz. Extracting by manifest.
2153 silly tarball no local data for is-generator-function@https://registry.npmjs.org/is-generator-function/-/is-generator-function-1.1.2.tgz. Extracting by manifest.
2154 silly tarball no local data for is-finalizationregistry@https://registry.npmjs.org/is-finalizationregistry/-/is-finalizationregistry-1.1.1.tgz. Extracting by manifest.
2155 silly tarball no local data for is-async-function@https://registry.npmjs.org/is-async-function/-/is-async-function-2.1.1.tgz. Extracting by manifest.
2156 silly tarball no local data for is-number-object@https://registry.npmjs.org/is-number-object/-/is-number-object-1.1.1.tgz. Extracting by manifest.
2157 silly tarball no local data for is-boolean-object@https://registry.npmjs.org/is-boolean-object/-/is-boolean-object-1.2.2.tgz. Extracting by manifest.
2158 silly tarball no local data for is-bigint@https://registry.npmjs.org/is-bigint/-/is-bigint-1.1.0.tgz. Extracting by manifest.
2159 silly tarball no local data for isexe@https://registry.npmjs.org/isexe/-/isexe-2.0.0.tgz. Extracting by manifest.
2160 silly tarball no local data for punycode@https://registry.npmjs.org/punycode/-/punycode-2.3.1.tgz. Extracting by manifest.
2161 silly tarball no local data for napi-postinstall@https://registry.npmjs.org/napi-postinstall/-/napi-postinstall-0.3.4.tgz. Extracting by manifest.
2162 silly tarball no local data for @unrs/resolver-binding-linux-x64-gnu@https://registry.npmjs.org/@unrs/resolver-binding-linux-x64-gnu/-/resolver-binding-linux-x64-gnu-1.12.2.tgz. Extracting by manifest.
2163 silly tarball no local data for which-boxed-primitive@https://registry.npmjs.org/which-boxed-primitive/-/which-boxed-primitive-1.1.1.tgz. Extracting by manifest.
2164 silly tarball no local data for has-bigints@https://registry.npmjs.org/has-bigints/-/has-bigints-1.1.0.tgz. Extracting by manifest.
2165 silly tarball no local data for which-builtin-type@https://registry.npmjs.org/which-builtin-type/-/which-builtin-type-1.2.1.tgz. Extracting by manifest.
2166 silly tarball no local data for reflect.getprototypeof@https://registry.npmjs.org/reflect.getprototypeof/-/reflect.getprototypeof-1.0.10.tgz. Extracting by manifest.
2167 silly tarball no local data for for-each@https://registry.npmjs.org/for-each/-/for-each-0.3.5.tgz. Extracting by manifest.
2168 silly tarball no local data for strip-bom@https://registry.npmjs.org/strip-bom/-/strip-bom-3.0.0.tgz. Extracting by manifest.
2169 silly tarball no local data for minimist@https://registry.npmjs.org/minimist/-/minimist-1.2.8.tgz. Extracting by manifest.
2170 silly tarball no local data for json5@https://registry.npmjs.org/json5/-/json5-1.0.2.tgz. Extracting by manifest.
2171 silly tarball no local data for @types/json5@https://registry.npmjs.org/@types/json5/-/json5-0.0.29.tgz. Extracting by manifest.
2172 silly tarball no local data for is-number@https://registry.npmjs.org/is-number/-/is-number-7.0.0.tgz. Extracting by manifest.
2173 silly tarball no local data for fdir@https://registry.npmjs.org/fdir/-/fdir-6.5.0.tgz. Extracting by manifest.
2174 silly tarball no local data for client-only@https://registry.npmjs.org/client-only/-/client-only-0.0.1.tgz. Extracting by manifest.
2175 silly tarball no local data for is-arrayish@https://registry.npmjs.org/is-arrayish/-/is-arrayish-0.3.4.tgz. Extracting by manifest.
2176 silly tarball no local data for side-channel-weakmap@https://registry.npmjs.org/side-channel-weakmap/-/side-channel-weakmap-1.0.2.tgz. Extracting by manifest.
2177 silly tarball no local data for side-channel-map@https://registry.npmjs.org/side-channel-map/-/side-channel-map-1.0.1.tgz. Extracting by manifest.
2178 silly tarball no local data for side-channel-list@https://registry.npmjs.org/side-channel-list/-/side-channel-list-1.0.1.tgz. Extracting by manifest.
2179 silly tarball no local data for shebang-regex@https://registry.npmjs.org/shebang-regex/-/shebang-regex-3.0.0.tgz. Extracting by manifest.
2180 silly tarball no local data for color-name@https://registry.npmjs.org/color-name/-/color-name-1.1.4.tgz. Extracting by manifest.
2181 silly tarball no local data for color-string@https://registry.npmjs.org/color-string/-/color-string-1.9.1.tgz. Extracting by manifest.
2182 silly tarball no local data for simple-swizzle@https://registry.npmjs.org/simple-swizzle/-/simple-swizzle-0.2.4.tgz. Extracting by manifest.
2183 silly tarball no local data for color-convert@https://registry.npmjs.org/color-convert/-/color-convert-2.0.1.tgz. Extracting by manifest.
2184 silly tarball no local data for detect-libc@https://registry.npmjs.org/detect-libc/-/detect-libc-2.1.2.tgz. Extracting by manifest.
2185 silly tarball no local data for color@https://registry.npmjs.org/color/-/color-4.2.3.tgz. Extracting by manifest.
2186 silly tarball no local data for @img/sharp-libvips-linux-x64@https://registry.npmjs.org/@img/sharp-libvips-linux-x64/-/sharp-libvips-linux-x64-1.0.4.tgz. Extracting by manifest.
2187 silly tarball no local data for isarray@https://registry.npmjs.org/isarray/-/isarray-2.0.5.tgz. Extracting by manifest.
2188 silly tarball no local data for @img/sharp-linux-x64@https://registry.npmjs.org/@img/sharp-linux-x64/-/sharp-linux-x64-0.33.5.tgz. Extracting by manifest.
2189 silly tarball no local data for queue-microtask@https://registry.npmjs.org/queue-microtask/-/queue-microtask-1.2.3.tgz. Extracting by manifest.
2190 silly tarball no local data for supports-preserve-symlinks-flag@https://registry.npmjs.org/supports-preserve-symlinks-flag/-/supports-preserve-symlinks-flag-1.0.0.tgz. Extracting by manifest.
2191 silly tarball no local data for path-parse@https://registry.npmjs.org/path-parse/-/path-parse-1.0.7.tgz. Extracting by manifest.
2192 silly tarball no local data for node-exports-info@https://registry.npmjs.org/node-exports-info/-/node-exports-info-1.6.2.tgz. Extracting by manifest.
2193 silly tarball no local data for scheduler@https://registry.npmjs.org/scheduler/-/scheduler-0.27.0.tgz. Extracting by manifest.
2194 silly tarball no local data for js-tokens@https://registry.npmjs.org/js-tokens/-/js-tokens-4.0.0.tgz. Extracting by manifest.
2195 silly tarball no local data for react-is@https://registry.npmjs.org/react-is/-/react-is-16.13.1.tgz. Extracting by manifest.
2196 silly tarball no local data for object-assign@https://registry.npmjs.org/object-assign/-/object-assign-4.1.1.tgz. Extracting by manifest.
2197 silly tarball no local data for loose-envify@https://registry.npmjs.org/loose-envify/-/loose-envify-1.4.0.tgz. Extracting by manifest.
2198 silly tarball no local data for source-map-js@https://registry.npmjs.org/source-map-js/-/source-map-js-1.2.1.tgz. Extracting by manifest.
2199 silly tarball no local data for picocolors@https://registry.npmjs.org/picocolors/-/picocolors-1.1.1.tgz. Extracting by manifest.
2200 silly tarball no local data for nanoid@https://registry.npmjs.org/nanoid/-/nanoid-3.3.15.tgz. Extracting by manifest.
2201 silly tarball no local data for yocto-queue@https://registry.npmjs.org/yocto-queue/-/yocto-queue-0.1.0.tgz. Extracting by manifest.
2202 silly tarball no local data for p-limit@https://registry.npmjs.org/p-limit/-/p-limit-3.1.0.tgz. Extracting by manifest.
2203 silly tarball no local data for word-wrap@https://registry.npmjs.org/word-wrap/-/word-wrap-1.2.5.tgz. Extracting by manifest.
2204 silly tarball no local data for fast-levenshtein@https://registry.npmjs.org/fast-levenshtein/-/fast-levenshtein-2.0.6.tgz. Extracting by manifest.
2205 silly tarball no local data for deep-is@https://registry.npmjs.org/deep-is/-/deep-is-0.1.4.tgz. Extracting by manifest.
2206 silly tarball no local data for streamsearch@https://registry.npmjs.org/streamsearch/-/streamsearch-1.1.0.tgz. Extracting by manifest.
2207 silly tarball no local data for styled-jsx@https://registry.npmjs.org/styled-jsx/-/styled-jsx-5.1.6.tgz. Extracting by manifest.
2208 silly tarball no local data for sharp@https://registry.npmjs.org/sharp/-/sharp-0.33.5.tgz. Extracting by manifest.
2209 silly tarball no local data for caniuse-lite@https://registry.npmjs.org/caniuse-lite/-/caniuse-lite-1.0.30001799.tgz. Extracting by manifest.
2210 silly tarball no local data for busboy@https://registry.npmjs.org/busboy/-/busboy-1.6.0.tgz. Extracting by manifest.
2211 silly tarball no local data for @swc/helpers@https://registry.npmjs.org/@swc/helpers/-/helpers-0.5.13.tgz. Extracting by manifest.
2212 silly tarball no local data for @swc/counter@https://registry.npmjs.org/@swc/counter/-/counter-0.1.3.tgz. Extracting by manifest.
2213 silly tarball no local data for @next/swc-linux-x64-gnu@https://registry.npmjs.org/@next/swc-linux-x64-gnu/-/swc-linux-x64-gnu-15.0.3.tgz. Extracting by manifest.
2214 silly tarball no local data for @next/env@https://registry.npmjs.org/@next/env/-/env-15.0.3.tgz. Extracting by manifest.
2215 silly tarball no local data for balanced-match@https://registry.npmjs.org/balanced-match/-/balanced-match-4.0.4.tgz. Extracting by manifest.
2216 silly tarball no local data for brace-expansion@https://registry.npmjs.org/brace-expansion/-/brace-expansion-5.0.6.tgz. Extracting by manifest.
2217 silly tarball no local data for to-regex-range@https://registry.npmjs.org/to-regex-range/-/to-regex-range-5.0.1.tgz. Extracting by manifest.
2218 silly tarball no local data for fill-range@https://registry.npmjs.org/fill-range/-/fill-range-7.1.1.tgz. Extracting by manifest.
2219 silly tarball no local data for picomatch@https://registry.npmjs.org/picomatch/-/picomatch-2.3.2.tgz. Extracting by manifest.
2220 silly tarball no local data for braces@https://registry.npmjs.org/braces/-/braces-3.0.3.tgz. Extracting by manifest.
2221 silly tarball no local data for p-locate@https://registry.npmjs.org/p-locate/-/p-locate-5.0.0.tgz. Extracting by manifest.
2222 silly tarball no local data for type-check@https://registry.npmjs.org/type-check/-/type-check-0.4.0.tgz. Extracting by manifest.
2223 silly tarball no local data for prelude-ls@https://registry.npmjs.org/prelude-ls/-/prelude-ls-1.2.1.tgz. Extracting by manifest.
2224 silly tarball no local data for language-subtag-registry@https://registry.npmjs.org/language-subtag-registry/-/language-subtag-registry-0.3.23.tgz. Extracting by manifest.
2225 silly tarball no local data for json-buffer@https://registry.npmjs.org/json-buffer/-/json-buffer-3.0.1.tgz. Extracting by manifest.
2226 silly tarball no local data for set-function-name@https://registry.npmjs.org/set-function-name/-/set-function-name-2.0.2.tgz. Extracting by manifest.
2227 silly tarball no local data for is-extglob@https://registry.npmjs.org/is-extglob/-/is-extglob-2.1.1.tgz. Extracting by manifest.
2228 silly tarball no local data for side-channel@https://registry.npmjs.org/side-channel/-/side-channel-1.1.1.tgz. Extracting by manifest.
2229 silly tarball no local data for resolve-pkg-maps@https://registry.npmjs.org/resolve-pkg-maps/-/resolve-pkg-maps-1.0.0.tgz. Extracting by manifest.
2230 silly tarball no local data for dunder-proto@https://registry.npmjs.org/dunder-proto/-/dunder-proto-1.0.1.tgz. Extracting by manifest.
2231 silly tarball no local data for is-document.all@https://registry.npmjs.org/is-document.all/-/is-document.all-1.0.0.tgz. Extracting by manifest.
2232 silly tarball no local data for functions-have-names@https://registry.npmjs.org/functions-have-names/-/functions-have-names-1.2.3.tgz. Extracting by manifest.
2233 silly tarball no local data for tslib@https://registry.npmjs.org/tslib/-/tslib-2.8.1.tgz. Extracting by manifest.
2234 silly tarball no local data for motion-utils@https://registry.npmjs.org/motion-utils/-/motion-utils-12.39.0.tgz. Extracting by manifest.
2235 silly tarball no local data for motion-dom@https://registry.npmjs.org/motion-dom/-/motion-dom-12.42.0.tgz. Extracting by manifest.
2236 silly tarball no local data for keyv@https://registry.npmjs.org/keyv/-/keyv-4.5.4.tgz. Extracting by manifest.
2237 silly tarball no local data for flatted@https://registry.npmjs.org/flatted/-/flatted-3.4.2.tgz. Extracting by manifest.
2238 silly tarball no local data for path-exists@https://registry.npmjs.org/path-exists/-/path-exists-4.0.0.tgz. Extracting by manifest.
2239 silly tarball no local data for locate-path@https://registry.npmjs.org/locate-path/-/locate-path-6.0.0.tgz. Extracting by manifest.
2240 silly tarball no local data for flat-cache@https://registry.npmjs.org/flat-cache/-/flat-cache-4.0.1.tgz. Extracting by manifest.
2241 silly tarball no local data for reusify@https://registry.npmjs.org/reusify/-/reusify-1.1.0.tgz. Extracting by manifest.
2242 silly tarball no local data for run-parallel@https://registry.npmjs.org/run-parallel/-/run-parallel-1.2.0.tgz. Extracting by manifest.
2243 silly tarball no local data for fastq@https://registry.npmjs.org/fastq/-/fastq-1.20.1.tgz. Extracting by manifest.
2244 silly tarball no local data for @nodelib/fs.scandir@https://registry.npmjs.org/@nodelib/fs.scandir/-/fs.scandir-2.1.5.tgz. Extracting by manifest.
2245 silly tarball no local data for micromatch@https://registry.npmjs.org/micromatch/-/micromatch-4.0.8.tgz. Extracting by manifest.
2246 silly tarball no local data for merge2@https://registry.npmjs.org/merge2/-/merge2-1.4.1.tgz. Extracting by manifest.
2247 silly tarball no local data for @nodelib/fs.walk@https://registry.npmjs.org/@nodelib/fs.walk/-/fs.walk-1.2.8.tgz. Extracting by manifest.
2248 silly tarball no local data for @nodelib/fs.stat@https://registry.npmjs.org/@nodelib/fs.stat/-/fs.stat-2.0.5.tgz. Extracting by manifest.
2249 silly tarball no local data for acorn-jsx@https://registry.npmjs.org/acorn-jsx/-/acorn-jsx-5.3.2.tgz. Extracting by manifest.
2250 silly tarball no local data for acorn@https://registry.npmjs.org/acorn/-/acorn-8.17.0.tgz. Extracting by manifest.
2251 silly tarball no local data for esrecurse@https://registry.npmjs.org/esrecurse/-/esrecurse-4.3.0.tgz. Extracting by manifest.
2252 silly tarball no local data for @types/esrecurse@https://registry.npmjs.org/@types/esrecurse/-/esrecurse-4.3.1.tgz. Extracting by manifest.
2253 silly tarball no local data for iterator.prototype@https://registry.npmjs.org/iterator.prototype/-/iterator.prototype-1.1.5.tgz. Extracting by manifest.
2254 silly tarball no local data for string.prototype.repeat@https://registry.npmjs.org/string.prototype.repeat/-/string.prototype.repeat-1.0.0.tgz. Extracting by manifest.
2255 silly tarball no local data for string.prototype.matchall@https://registry.npmjs.org/string.prototype.matchall/-/string.prototype.matchall-4.0.12.tgz. Extracting by manifest.
2256 silly tarball no local data for prop-types@https://registry.npmjs.org/prop-types/-/prop-types-15.8.1.tgz. Extracting by manifest.
2257 silly tarball no local data for object.entries@https://registry.npmjs.org/object.entries/-/object.entries-1.1.9.tgz. Extracting by manifest.
2258 silly tarball no local data for estraverse@https://registry.npmjs.org/estraverse/-/estraverse-5.3.0.tgz. Extracting by manifest.
2259 silly tarball no local data for es-iterator-helpers@https://registry.npmjs.org/es-iterator-helpers/-/es-iterator-helpers-1.3.3.tgz. Extracting by manifest.
2260 silly tarball no local data for array.prototype.tosorted@https://registry.npmjs.org/array.prototype.tosorted/-/array.prototype.tosorted-1.1.4.tgz. Extracting by manifest.
2261 silly tarball no local data for array.prototype.findlast@https://registry.npmjs.org/array.prototype.findlast/-/array.prototype.findlast-1.2.5.tgz. Extracting by manifest.
2262 silly tarball no local data for string.prototype.includes@https://registry.npmjs.org/string.prototype.includes/-/string.prototype.includes-2.0.1.tgz. Extracting by manifest.
2263 silly tarball no local data for language-tags@https://registry.npmjs.org/language-tags/-/language-tags-1.0.9.tgz. Extracting by manifest.
2264 silly tarball no local data for jsx-ast-utils@https://registry.npmjs.org/jsx-ast-utils/-/jsx-ast-utils-3.3.5.tgz. Extracting by manifest.
2265 silly tarball no local data for emoji-regex@https://registry.npmjs.org/emoji-regex/-/emoji-regex-9.2.2.tgz. Extracting by manifest.
2266 silly tarball no local data for damerau-levenshtein@https://registry.npmjs.org/damerau-levenshtein/-/damerau-levenshtein-1.0.8.tgz. Extracting by manifest.
2267 silly tarball no local data for axobject-query@https://registry.npmjs.org/axobject-query/-/axobject-query-4.1.0.tgz. Extracting by manifest.
2268 silly tarball no local data for axe-core@https://registry.npmjs.org/axe-core/-/axe-core-4.12.1.tgz. Extracting by manifest.
2269 silly tarball no local data for ast-types-flow@https://registry.npmjs.org/ast-types-flow/-/ast-types-flow-0.0.8.tgz. Extracting by manifest.
2270 silly tarball no local data for aria-query@https://registry.npmjs.org/aria-query/-/aria-query-5.3.2.tgz. Extracting by manifest.
2271 silly tarball no local data for is-symbol@https://registry.npmjs.org/is-symbol/-/is-symbol-1.1.1.tgz. Extracting by manifest.
2272 silly tarball no local data for is-date-object@https://registry.npmjs.org/is-date-object/-/is-date-object-1.1.0.tgz. Extracting by manifest.
2273 silly tarball no local data for es-abstract-get@https://registry.npmjs.org/es-abstract-get/-/es-abstract-get-1.0.0.tgz. Extracting by manifest.
2274 silly tarball no local data for has-tostringtag@https://registry.npmjs.org/has-tostringtag/-/has-tostringtag-1.0.2.tgz. Extracting by manifest.
2275 silly tarball no local data for possible-typed-array-names@https://registry.npmjs.org/possible-typed-array-names/-/possible-typed-array-names-1.1.0.tgz. Extracting by manifest.
2276 silly tarball no local data for which-typed-array@https://registry.npmjs.org/which-typed-array/-/which-typed-array-1.1.22.tgz. Extracting by manifest.
2277 silly tarball no local data for unbox-primitive@https://registry.npmjs.org/unbox-primitive/-/unbox-primitive-1.1.0.tgz. Extracting by manifest.
2278 silly tarball no local data for typed-array-length@https://registry.npmjs.org/typed-array-length/-/typed-array-length-1.0.8.tgz. Extracting by manifest.
2279 silly tarball no local data for typed-array-byte-offset@https://registry.npmjs.org/typed-array-byte-offset/-/typed-array-byte-offset-1.0.4.tgz. Extracting by manifest.
2280 silly tarball no local data for typed-array-byte-length@https://registry.npmjs.org/typed-array-byte-length/-/typed-array-byte-length-1.0.3.tgz. Extracting by manifest.
2281 silly tarball no local data for typed-array-buffer@https://registry.npmjs.org/typed-array-buffer/-/typed-array-buffer-1.0.3.tgz. Extracting by manifest.
2282 silly tarball no local data for string.prototype.trimstart@https://registry.npmjs.org/string.prototype.trimstart/-/string.prototype.trimstart-1.0.8.tgz. Extracting by manifest.
2283 silly tarball no local data for string.prototype.trim@https://registry.npmjs.org/string.prototype.trim/-/string.prototype.trim-1.2.11.tgz. Extracting by manifest.
2284 silly tarball no local data for stop-iteration-iterator@https://registry.npmjs.org/stop-iteration-iterator/-/stop-iteration-iterator-1.1.0.tgz. Extracting by manifest.
2285 silly tarball no local data for safe-regex-test@https://registry.npmjs.org/safe-regex-test/-/safe-regex-test-1.1.0.tgz. Extracting by manifest.
2286 silly tarball no local data for safe-push-apply@https://registry.npmjs.org/safe-push-apply/-/safe-push-apply-1.0.0.tgz. Extracting by manifest.
2287 silly tarball no local data for safe-array-concat@https://registry.npmjs.org/safe-array-concat/-/safe-array-concat-1.1.4.tgz. Extracting by manifest.
2288 silly tarball no local data for set-proto@https://registry.npmjs.org/set-proto/-/set-proto-1.0.0.tgz. Extracting by manifest.
2289 silly tarball no local data for regexp.prototype.flags@https://registry.npmjs.org/regexp.prototype.flags/-/regexp.prototype.flags-1.5.4.tgz. Extracting by manifest.
2290 silly tarball no local data for own-keys@https://registry.npmjs.org/own-keys/-/own-keys-1.0.1.tgz. Extracting by manifest.
2291 silly tarball no local data for object.assign@https://registry.npmjs.org/object.assign/-/object.assign-4.1.7.tgz. Extracting by manifest.
2292 silly tarball no local data for object-inspect@https://registry.npmjs.org/object-inspect/-/object-inspect-1.13.4.tgz. Extracting by manifest.
2293 silly tarball no local data for is-weakref@https://registry.npmjs.org/is-weakref/-/is-weakref-1.1.1.tgz. Extracting by manifest.
2294 silly tarball no local data for is-typed-array@https://registry.npmjs.org/is-typed-array/-/is-typed-array-1.1.15.tgz. Extracting by manifest.
2295 silly tarball no local data for is-shared-array-buffer@https://registry.npmjs.org/is-shared-array-buffer/-/is-shared-array-buffer-1.0.4.tgz. Extracting by manifest.
2296 silly tarball no local data for is-set@https://registry.npmjs.org/is-set/-/is-set-2.0.3.tgz. Extracting by manifest.
2297 silly tarball no local data for is-regex@https://registry.npmjs.org/is-regex/-/is-regex-1.2.1.tgz. Extracting by manifest.
2298 silly tarball no local data for is-negative-zero@https://registry.npmjs.org/is-negative-zero/-/is-negative-zero-2.0.3.tgz. Extracting by manifest.
2299 silly tarball no local data for is-data-view@https://registry.npmjs.org/is-data-view/-/is-data-view-1.0.2.tgz. Extracting by manifest.
2300 silly tarball no local data for is-callable@https://registry.npmjs.org/is-callable/-/is-callable-1.2.7.tgz. Extracting by manifest.
2301 silly tarball no local data for is-array-buffer@https://registry.npmjs.org/is-array-buffer/-/is-array-buffer-3.0.5.tgz. Extracting by manifest.
2302 silly tarball no local data for internal-slot@https://registry.npmjs.org/internal-slot/-/internal-slot-1.1.0.tgz. Extracting by manifest.
2303 silly tarball no local data for has-symbols@https://registry.npmjs.org/has-symbols/-/has-symbols-1.1.0.tgz. Extracting by manifest.
2304 silly tarball no local data for has-proto@https://registry.npmjs.org/has-proto/-/has-proto-1.2.0.tgz. Extracting by manifest.
2305 silly tarball no local data for globalthis@https://registry.npmjs.org/globalthis/-/globalthis-1.0.4.tgz. Extracting by manifest.
2306 silly tarball no local data for get-symbol-description@https://registry.npmjs.org/get-symbol-description/-/get-symbol-description-1.1.0.tgz. Extracting by manifest.
2307 silly tarball no local data for get-proto@https://registry.npmjs.org/get-proto/-/get-proto-1.0.1.tgz. Extracting by manifest.
2308 silly tarball no local data for function.prototype.name@https://registry.npmjs.org/function.prototype.name/-/function.prototype.name-1.2.0.tgz. Extracting by manifest.
2309 silly tarball no local data for es-to-primitive@https://registry.npmjs.org/es-to-primitive/-/es-to-primitive-1.3.4.tgz. Extracting by manifest.
2310 silly tarball no local data for es-set-tostringtag@https://registry.npmjs.org/es-set-tostringtag/-/es-set-tostringtag-2.1.0.tgz. Extracting by manifest.
2311 silly tarball no local data for data-view-byte-offset@https://registry.npmjs.org/data-view-byte-offset/-/data-view-byte-offset-1.0.1.tgz. Extracting by manifest.
2312 silly tarball no local data for data-view-buffer@https://registry.npmjs.org/data-view-buffer/-/data-view-buffer-1.0.2.tgz. Extracting by manifest.
2313 silly tarball no local data for available-typed-arrays@https://registry.npmjs.org/available-typed-arrays/-/available-typed-arrays-1.0.7.tgz. Extracting by manifest.
2314 silly tarball no local data for arraybuffer.prototype.slice@https://registry.npmjs.org/arraybuffer.prototype.slice/-/arraybuffer.prototype.slice-1.0.4.tgz. Extracting by manifest.
2315 silly tarball no local data for array-buffer-byte-length@https://registry.npmjs.org/array-buffer-byte-length/-/array-buffer-byte-length-1.0.2.tgz. Extracting by manifest.
2316 silly tarball no local data for object-keys@https://registry.npmjs.org/object-keys/-/object-keys-1.1.1.tgz. Extracting by manifest.
2317 silly tarball no local data for gopd@https://registry.npmjs.org/gopd/-/gopd-1.2.0.tgz. Extracting by manifest.
2318 silly tarball no local data for has-property-descriptors@https://registry.npmjs.org/has-property-descriptors/-/has-property-descriptors-1.0.2.tgz. Extracting by manifest.
2319 silly tarball no local data for define-data-property@https://registry.npmjs.org/define-data-property/-/define-data-property-1.1.4.tgz. Extracting by manifest.
2320 silly tarball no local data for function-bind@https://registry.npmjs.org/function-bind/-/function-bind-1.1.2.tgz. Extracting by manifest.
2321 silly tarball no local data for set-function-length@https://registry.npmjs.org/set-function-length/-/set-function-length-1.2.2.tgz. Extracting by manifest.
2322 silly tarball no local data for es-define-property@https://registry.npmjs.org/es-define-property/-/es-define-property-1.0.1.tgz. Extracting by manifest.
2323 silly tarball no local data for call-bind-apply-helpers@https://registry.npmjs.org/call-bind-apply-helpers/-/call-bind-apply-helpers-1.0.2.tgz. Extracting by manifest.
2324 silly tarball no local data for es-shim-unscopables@https://registry.npmjs.org/es-shim-unscopables/-/es-shim-unscopables-1.1.0.tgz. Extracting by manifest.
2325 silly tarball no local data for es-errors@https://registry.npmjs.org/es-errors/-/es-errors-1.3.0.tgz. Extracting by manifest.
2326 silly tarball no local data for math-intrinsics@https://registry.npmjs.org/math-intrinsics/-/math-intrinsics-1.1.0.tgz. Extracting by manifest.
2327 silly tarball no local data for is-string@https://registry.npmjs.org/is-string/-/is-string-1.1.1.tgz. Extracting by manifest.
2328 silly tarball no local data for get-intrinsic@https://registry.npmjs.org/get-intrinsic/-/get-intrinsic-1.3.0.tgz. Extracting by manifest.
2329 silly tarball no local data for es-object-atoms@https://registry.npmjs.org/es-object-atoms/-/es-object-atoms-1.1.2.tgz. Extracting by manifest.
2330 silly tarball no local data for es-abstract@https://registry.npmjs.org/es-abstract/-/es-abstract-1.24.2.tgz. Extracting by manifest.
2331 silly tarball no local data for define-properties@https://registry.npmjs.org/define-properties/-/define-properties-1.2.1.tgz. Extracting by manifest.
2332 silly tarball no local data for call-bound@https://registry.npmjs.org/call-bound/-/call-bound-1.0.4.tgz. Extracting by manifest.
2333 silly tarball no local data for call-bind@https://registry.npmjs.org/call-bind/-/call-bind-1.0.9.tgz. Extracting by manifest.
2334 silly tarball no local data for tsconfig-paths@https://registry.npmjs.org/tsconfig-paths/-/tsconfig-paths-3.15.0.tgz. Extracting by manifest.
2335 silly tarball no local data for string.prototype.trimend@https://registry.npmjs.org/string.prototype.trimend/-/string.prototype.trimend-1.0.10.tgz. Extracting by manifest.
2336 silly tarball no local data for data-view-byte-length@https://registry.npmjs.org/data-view-byte-length/-/data-view-byte-length-1.0.2.tgz. Extracting by manifest.
2337 silly tarball no local data for object.values@https://registry.npmjs.org/object.values/-/object.values-1.2.1.tgz. Extracting by manifest.
2338 silly tarball no local data for object.groupby@https://registry.npmjs.org/object.groupby/-/object.groupby-1.0.3.tgz. Extracting by manifest.
2339 silly tarball no local data for object.fromentries@https://registry.npmjs.org/object.fromentries/-/object.fromentries-2.0.8.tgz. Extracting by manifest.
2340 silly tarball no local data for hasown@https://registry.npmjs.org/hasown/-/hasown-2.0.4.tgz. Extracting by manifest.
2341 silly tarball no local data for eslint-module-utils@https://registry.npmjs.org/eslint-module-utils/-/eslint-module-utils-2.13.0.tgz. Extracting by manifest.
2342 silly tarball no local data for doctrine@https://registry.npmjs.org/doctrine/-/doctrine-2.1.0.tgz. Extracting by manifest.
2343 silly tarball no local data for array.prototype.flatmap@https://registry.npmjs.org/array.prototype.flatmap/-/array.prototype.flatmap-1.3.3.tgz. Extracting by manifest.
2344 silly tarball no local data for array.prototype.flat@https://registry.npmjs.org/array.prototype.flat/-/array.prototype.flat-1.3.3.tgz. Extracting by manifest.
2345 silly tarball no local data for array.prototype.findlastindex@https://registry.npmjs.org/array.prototype.findlastindex/-/array.prototype.findlastindex-1.2.6.tgz. Extracting by manifest.
2346 silly tarball no local data for array-includes@https://registry.npmjs.org/array-includes/-/array-includes-3.1.9.tgz. Extracting by manifest.
2347 silly tarball no local data for @rtsao/scc@https://registry.npmjs.org/@rtsao/scc/-/scc-1.1.0.tgz. Extracting by manifest.
2348 silly tarball no local data for unrs-resolver@https://registry.npmjs.org/unrs-resolver/-/unrs-resolver-1.12.2.tgz. Extracting by manifest.
2349 silly tarball no local data for stable-hash@https://registry.npmjs.org/stable-hash/-/stable-hash-0.0.5.tgz. Extracting by manifest.
2350 silly tarball no local data for is-bun-module@https://registry.npmjs.org/is-bun-module/-/is-bun-module-2.0.0.tgz. Extracting by manifest.
2351 silly tarball no local data for get-tsconfig@https://registry.npmjs.org/get-tsconfig/-/get-tsconfig-4.14.0.tgz. Extracting by manifest.
2352 silly tarball no local data for @nolyfill/is-core-module@https://registry.npmjs.org/@nolyfill/is-core-module/-/is-core-module-1.0.39.tgz. Extracting by manifest.
2353 silly tarball no local data for resolve@https://registry.npmjs.org/resolve/-/resolve-2.0.0-next.7.tgz. Extracting by manifest.
2354 silly tarball no local data for is-core-module@https://registry.npmjs.org/is-core-module/-/is-core-module-2.16.2.tgz. Extracting by manifest.
2355 silly tarball no local data for tinyglobby@https://registry.npmjs.org/tinyglobby/-/tinyglobby-0.2.17.tgz. Extracting by manifest.
2356 silly tarball no local data for semver@https://registry.npmjs.org/semver/-/semver-7.8.5.tgz. Extracting by manifest.
2357 silly tarball no local data for @typescript-eslint/tsconfig-utils@https://registry.npmjs.org/@typescript-eslint/tsconfig-utils/-/tsconfig-utils-8.62.0.tgz. Extracting by manifest.
2358 silly tarball no local data for @typescript-eslint/project-service@https://registry.npmjs.org/@typescript-eslint/project-service/-/project-service-8.62.0.tgz. Extracting by manifest.
2359 silly tarball no local data for @typescript-eslint/typescript-estree@https://registry.npmjs.org/@typescript-eslint/typescript-estree/-/typescript-estree-8.62.0.tgz. Extracting by manifest.
2360 silly tarball no local data for @typescript-eslint/types@https://registry.npmjs.org/@typescript-eslint/types/-/types-8.62.0.tgz. Extracting by manifest.
2361 silly tarball no local data for ts-api-utils@https://registry.npmjs.org/ts-api-utils/-/ts-api-utils-2.5.0.tgz. Extracting by manifest.
2362 silly tarball no local data for @typescript-eslint/visitor-keys@https://registry.npmjs.org/@typescript-eslint/visitor-keys/-/visitor-keys-8.62.0.tgz. Extracting by manifest.
2363 silly tarball no local data for @typescript-eslint/utils@https://registry.npmjs.org/@typescript-eslint/utils/-/utils-8.62.0.tgz. Extracting by manifest.
2364 silly tarball no local data for @typescript-eslint/type-utils@https://registry.npmjs.org/@typescript-eslint/type-utils/-/type-utils-8.62.0.tgz. Extracting by manifest.
2365 silly tarball no local data for @typescript-eslint/scope-manager@https://registry.npmjs.org/@typescript-eslint/scope-manager/-/scope-manager-8.62.0.tgz. Extracting by manifest.
2366 silly tarball no local data for fast-glob@https://registry.npmjs.org/fast-glob/-/fast-glob-3.3.1.tgz. Extracting by manifest.
2367 silly tarball no local data for eslint-plugin-react-hooks@https://registry.npmjs.org/eslint-plugin-react-hooks/-/eslint-plugin-react-hooks-5.2.0.tgz. Extracting by manifest.
2368 silly tarball no local data for eslint-plugin-react@https://registry.npmjs.org/eslint-plugin-react/-/eslint-plugin-react-7.37.5.tgz. Extracting by manifest.
2369 silly tarball no local data for eslint-plugin-jsx-a11y@https://registry.npmjs.org/eslint-plugin-jsx-a11y/-/eslint-plugin-jsx-a11y-6.10.2.tgz. Extracting by manifest.
2370 silly tarball no local data for eslint-plugin-import@https://registry.npmjs.org/eslint-plugin-import/-/eslint-plugin-import-2.32.0.tgz. Extracting by manifest.
2371 silly tarball no local data for eslint-import-resolver-typescript@https://registry.npmjs.org/eslint-import-resolver-typescript/-/eslint-import-resolver-typescript-3.10.1.tgz. Extracting by manifest.
2372 silly tarball no local data for eslint-import-resolver-node@https://registry.npmjs.org/eslint-import-resolver-node/-/eslint-import-resolver-node-0.3.10.tgz. Extracting by manifest.
2373 silly tarball no local data for @typescript-eslint/parser@https://registry.npmjs.org/@typescript-eslint/parser/-/parser-8.62.0.tgz. Extracting by manifest.
2374 silly tarball no local data for @typescript-eslint/eslint-plugin@https://registry.npmjs.org/@typescript-eslint/eslint-plugin/-/eslint-plugin-8.62.0.tgz. Extracting by manifest.
2375 silly tarball no local data for @rushstack/eslint-patch@https://registry.npmjs.org/@rushstack/eslint-patch/-/eslint-patch-1.16.1.tgz. Extracting by manifest.
2376 silly tarball no local data for @next/eslint-plugin-next@https://registry.npmjs.org/@next/eslint-plugin-next/-/eslint-plugin-next-15.0.3.tgz. Extracting by manifest.
2377 silly tarball no local data for ms@https://registry.npmjs.org/ms/-/ms-2.1.3.tgz. Extracting by manifest.
2378 silly tarball no local data for which@https://registry.npmjs.org/which/-/which-2.0.2.tgz. Extracting by manifest.
2379 silly tarball no local data for shebang-command@https://registry.npmjs.org/shebang-command/-/shebang-command-2.0.0.tgz. Extracting by manifest.
2380 silly tarball no local data for path-key@https://registry.npmjs.org/path-key/-/path-key-3.1.1.tgz. Extracting by manifest.
2381 silly tarball no local data for uri-js@https://registry.npmjs.org/uri-js/-/uri-js-4.4.1.tgz. Extracting by manifest.
2382 silly tarball no local data for json-schema-traverse@https://registry.npmjs.org/json-schema-traverse/-/json-schema-traverse-0.4.1.tgz. Extracting by manifest.
2383 silly tarball no local data for fast-json-stable-stringify@https://registry.npmjs.org/fast-json-stable-stringify/-/fast-json-stable-stringify-2.1.0.tgz. Extracting by manifest.
2384 silly tarball no local data for @humanfs/types@https://registry.npmjs.org/@humanfs/types/-/types-0.15.0.tgz. Extracting by manifest.
2385 silly tarball no local data for @humanfs/core@https://registry.npmjs.org/@humanfs/core/-/core-0.19.2.tgz. Extracting by manifest.
2386 silly tarball no local data for levn@https://registry.npmjs.org/levn/-/levn-0.4.1.tgz. Extracting by manifest.
2387 silly tarball no local data for @types/json-schema@https://registry.npmjs.org/@types/json-schema/-/json-schema-7.0.15.tgz. Extracting by manifest.
2388 silly tarball no local data for @eslint/object-schema@https://registry.npmjs.org/@eslint/object-schema/-/object-schema-3.0.5.tgz. Extracting by manifest.
2389 silly tarball no local data for optionator@https://registry.npmjs.org/optionator/-/optionator-0.9.4.tgz. Extracting by manifest.
2390 silly tarball no local data for natural-compare@https://registry.npmjs.org/natural-compare/-/natural-compare-1.4.0.tgz. Extracting by manifest.
2391 silly tarball no local data for minimatch@https://registry.npmjs.org/minimatch/-/minimatch-10.2.5.tgz. Extracting by manifest.
2392 silly tarball no local data for json-stable-stringify-without-jsonify@https://registry.npmjs.org/json-stable-stringify-without-jsonify/-/json-stable-stringify-without-jsonify-1.0.1.tgz. Extracting by manifest.
2393 silly tarball no local data for is-glob@https://registry.npmjs.org/is-glob/-/is-glob-4.0.3.tgz. Extracting by manifest.
2394 silly tarball no local data for imurmurhash@https://registry.npmjs.org/imurmurhash/-/imurmurhash-0.1.4.tgz. Extracting by manifest.
2395 silly tarball no local data for ignore@https://registry.npmjs.org/ignore/-/ignore-5.3.2.tgz. Extracting by manifest.
2396 silly tarball no local data for glob-parent@https://registry.npmjs.org/glob-parent/-/glob-parent-6.0.2.tgz. Extracting by manifest.
2397 silly tarball no local data for find-up@https://registry.npmjs.org/find-up/-/find-up-5.0.0.tgz. Extracting by manifest.
2398 silly tarball no local data for file-entry-cache@https://registry.npmjs.org/file-entry-cache/-/file-entry-cache-8.0.0.tgz. Extracting by manifest.
2399 silly tarball no local data for fast-deep-equal@https://registry.npmjs.org/fast-deep-equal/-/fast-deep-equal-3.1.3.tgz. Extracting by manifest.
2400 silly tarball no local data for esutils@https://registry.npmjs.org/esutils/-/esutils-2.0.3.tgz. Extracting by manifest.
2401 silly tarball no local data for esquery@https://registry.npmjs.org/esquery/-/esquery-1.7.0.tgz. Extracting by manifest.
2402 silly tarball no local data for espree@https://registry.npmjs.org/espree/-/espree-11.2.0.tgz. Extracting by manifest.
2403 silly tarball no local data for eslint-visitor-keys@https://registry.npmjs.org/eslint-visitor-keys/-/eslint-visitor-keys-5.0.1.tgz. Extracting by manifest.
2404 silly tarball no local data for eslint-scope@https://registry.npmjs.org/eslint-scope/-/eslint-scope-9.1.2.tgz. Extracting by manifest.
2405 silly tarball no local data for escape-string-regexp@https://registry.npmjs.org/escape-string-regexp/-/escape-string-regexp-4.0.0.tgz. Extracting by manifest.
2406 silly tarball no local data for debug@https://registry.npmjs.org/debug/-/debug-4.4.3.tgz. Extracting by manifest.
2407 silly tarball no local data for cross-spawn@https://registry.npmjs.org/cross-spawn/-/cross-spawn-7.0.6.tgz. Extracting by manifest.
2408 silly tarball no local data for ajv@https://registry.npmjs.org/ajv/-/ajv-6.15.0.tgz. Extracting by manifest.
2409 silly tarball no local data for @types/estree@https://registry.npmjs.org/@types/estree/-/estree-1.0.9.tgz. Extracting by manifest.
2410 silly tarball no local data for @humanwhocodes/retry@https://registry.npmjs.org/@humanwhocodes/retry/-/retry-0.4.3.tgz. Extracting by manifest.
2411 silly tarball no local data for @humanwhocodes/module-importer@https://registry.npmjs.org/@humanwhocodes/module-importer/-/module-importer-1.0.1.tgz. Extracting by manifest.
2412 silly tarball no local data for @humanfs/node@https://registry.npmjs.org/@humanfs/node/-/node-0.16.8.tgz. Extracting by manifest.
2413 silly tarball no local data for @eslint/plugin-kit@https://registry.npmjs.org/@eslint/plugin-kit/-/plugin-kit-0.7.2.tgz. Extracting by manifest.
2414 silly tarball no local data for @eslint/core@https://registry.npmjs.org/@eslint/core/-/core-1.2.1.tgz. Extracting by manifest.
2415 silly tarball no local data for @eslint/config-helpers@https://registry.npmjs.org/@eslint/config-helpers/-/config-helpers-0.6.0.tgz. Extracting by manifest.
2416 silly tarball no local data for @eslint/config-array@https://registry.npmjs.org/@eslint/config-array/-/config-array-0.23.5.tgz. Extracting by manifest.
2417 silly tarball no local data for @eslint-community/regexpp@https://registry.npmjs.org/@eslint-community/regexpp/-/regexpp-4.12.2.tgz. Extracting by manifest.
2418 silly tarball no local data for @eslint-community/eslint-utils@https://registry.npmjs.org/@eslint-community/eslint-utils/-/eslint-utils-4.9.1.tgz. Extracting by manifest.
2419 silly tarball no local data for csstype@https://registry.npmjs.org/csstype/-/csstype-3.2.3.tgz. Extracting by manifest.
2420 silly tarball no local data for undici-types@https://registry.npmjs.org/undici-types/-/undici-types-8.3.0.tgz. Extracting by manifest.
2421 silly tarball no local data for vazirmatn@https://registry.npmjs.org/vazirmatn/-/vazirmatn-33.0.3.tgz. Extracting by manifest.
2422 silly tarball no local data for typescript@https://registry.npmjs.org/typescript/-/typescript-6.0.3.tgz. Extracting by manifest.
2423 silly tarball no local data for tailwindcss@https://registry.npmjs.org/tailwindcss/-/tailwindcss-4.3.1.tgz. Extracting by manifest.
2424 silly tarball no local data for react-dom@https://registry.npmjs.org/react-dom/-/react-dom-19.2.7.tgz. Extracting by manifest.
2425 silly tarball no local data for react@https://registry.npmjs.org/react/-/react-19.2.7.tgz. Extracting by manifest.
2426 silly tarball no local data for postcss@https://registry.npmjs.org/postcss/-/postcss-8.5.15.tgz. Extracting by manifest.
2427 silly tarball no local data for next@https://registry.npmjs.org/next/-/next-15.0.3.tgz. Extracting by manifest.
2428 silly tarball no local data for lucide-react@https://registry.npmjs.org/lucide-react/-/lucide-react-1.21.0.tgz. Extracting by manifest.
2429 silly tarball no local data for framer-motion@https://registry.npmjs.org/framer-motion/-/framer-motion-12.42.0.tgz. Extracting by manifest.
2430 silly tarball no local data for eslint-config-next@https://registry.npmjs.org/eslint-config-next/-/eslint-config-next-15.0.3.tgz. Extracting by manifest.
2431 silly tarball no local data for eslint@https://registry.npmjs.org/eslint/-/eslint-10.6.0.tgz. Extracting by manifest.
2432 silly tarball no local data for @types/react-dom@https://registry.npmjs.org/@types/react-dom/-/react-dom-19.2.3.tgz. Extracting by manifest.
2433 silly tarball no local data for @types/react@https://registry.npmjs.org/@types/react/-/react-19.2.17.tgz. Extracting by manifest.
2434 silly tarball no local data for @types/node@https://registry.npmjs.org/@types/node/-/node-26.0.1.tgz. Extracting by manifest.
2435 silly tarball no local data for semver@https://registry.npmjs.org/semver/-/semver-6.3.1.tgz. Extracting by manifest.
2436 silly tarball no local data for debug@https://registry.npmjs.org/debug/-/debug-3.2.7.tgz. Extracting by manifest.
2437 silly tarball no local data for picomatch@https://registry.npmjs.org/picomatch/-/picomatch-4.0.4.tgz. Extracting by manifest.
2438 silly tarball no local data for glob-parent@https://registry.npmjs.org/glob-parent/-/glob-parent-5.1.2.tgz. Extracting by manifest.
2439 silly tarball no local data for balanced-match@https://registry.npmjs.org/balanced-match/-/balanced-match-1.0.2.tgz. Extracting by manifest.
2440 silly tarball no local data for brace-expansion@https://registry.npmjs.org/brace-expansion/-/brace-expansion-1.1.15.tgz. Extracting by manifest.
2441 silly tarball no local data for minimatch@https://registry.npmjs.org/minimatch/-/minimatch-3.1.5.tgz. Extracting by manifest.
2442 silly tarball no local data for semver@https://registry.npmjs.org/semver/-/semver-6.3.1.tgz. Extracting by manifest.
2443 silly tarball no local data for balanced-match@https://registry.npmjs.org/balanced-match/-/balanced-match-1.0.2.tgz. Extracting by manifest.
2444 silly tarball no local data for brace-expansion@https://registry.npmjs.org/brace-expansion/-/brace-expansion-1.1.15.tgz. Extracting by manifest.
2445 silly tarball no local data for minimatch@https://registry.npmjs.org/minimatch/-/minimatch-3.1.5.tgz. Extracting by manifest.
2446 silly tarball no local data for balanced-match@https://registry.npmjs.org/balanced-match/-/balanced-match-1.0.2.tgz. Extracting by manifest.
2447 silly tarball no local data for brace-expansion@https://registry.npmjs.org/brace-expansion/-/brace-expansion-1.1.15.tgz. Extracting by manifest.
2448 silly tarball no local data for semver@https://registry.npmjs.org/semver/-/semver-6.3.1.tgz. Extracting by manifest.
2449 silly tarball no local data for minimatch@https://registry.npmjs.org/minimatch/-/minimatch-3.1.5.tgz. Extracting by manifest.
2450 silly tarball no local data for debug@https://registry.npmjs.org/debug/-/debug-3.2.7.tgz. Extracting by manifest.
2451 silly tarball no local data for debug@https://registry.npmjs.org/debug/-/debug-3.2.7.tgz. Extracting by manifest.
2452 silly tarball no local data for ignore@https://registry.npmjs.org/ignore/-/ignore-7.0.5.tgz. Extracting by manifest.
2453 silly tarball no local data for eslint-visitor-keys@https://registry.npmjs.org/eslint-visitor-keys/-/eslint-visitor-keys-3.4.3.tgz. Extracting by manifest.
2454 http cache postcss@https://registry.npmjs.org/postcss/-/postcss-8.4.31.tgz 0ms (cache hit)
2455 silly tarball no local data for postcss@https://registry.npmjs.org/postcss/-/postcss-8.4.31.tgz. Extracting by manifest.
2456 http fetch POST 200 https://registry.npmjs.org/-/npm/v1/security/advisories/bulk 344ms
2457 silly audit report {
2457 silly audit report   next: [
2457 silly audit report     {
2457 silly audit report       id: 1117931,
2457 silly audit report       url: 'https://github.com/advisories/GHSA-8h8q-6873-q5fj',
2457 silly audit report       title: 'Next.js Vulnerable to Denial of Service with Server Components',
2457 silly audit report       severity: 'high',
2457 silly audit report       vulnerable_versions: '>=13.0.0 <15.5.16',
2457 silly audit report       cwe: [Array],
2457 silly audit report       cvss: [Object]
2457 silly audit report     },
2457 silly audit report     {
2457 silly audit report       id: 1101437,
2457 silly audit report       url: 'https://github.com/advisories/GHSA-7m27-7ghc-44w9',
2457 silly audit report       title: 'Next.js Allows a Denial of Service (DoS) with Server Actions',
2457 silly audit report       severity: 'moderate',
2457 silly audit report       vulnerable_versions: '>=15.0.0 <15.1.2',
2457 silly audit report       cwe: [Array],
2457 silly audit report       cvss: [Object]
2457 silly audit report     },
2457 silly audit report     {
2457 silly audit report       id: 1105462,
2457 silly audit report       url: 'https://github.com/advisories/GHSA-3h52-269p-cp9r',
2457 silly audit report       title: 'Information exposure in Next.js dev server due to lack of origin verification',
2457 silly audit report       severity: 'low',
2457 silly audit report       vulnerable_versions: '>=15.0.0 <15.2.2',
2457 silly audit report       cwe: [Array],
2457 silly audit report       cvss: [Object]
2457 silly audit report     },
2457 silly audit report     {
2457 silly audit report       id: 1111372,
2457 silly audit report       url: 'https://github.com/advisories/GHSA-9qr9-h5gf-34mp',
2457 silly audit report       title: 'Next.js is vulnerable to RCE in React flight protocol',
2457 silly audit report       severity: 'critical',
2457 silly audit report       vulnerable_versions: '>=14.3.0-canary.77 <15.0.5',
2457 silly audit report       cwe: [Array],
2457 silly audit report       cvss: [Object]
2457 silly audit report     },
2457 silly audit report     {
2457 silly audit report       id: 1111381,
2457 silly audit report       url: 'https://github.com/advisories/GHSA-w37m-7fhw-fmv9',
2457 silly audit report       title: 'Next Server Actions Source Code Exposure ',
2457 silly audit report       severity: 'moderate',
2457 silly audit report       vulnerable_versions: '>=15.0.0-canary.0 <15.0.6',
2457 silly audit report       cwe: [Array],
2457 silly audit report       cvss: [Object]
2457 silly audit report     },
2457 silly audit report     {
2457 silly audit report       id: 1111390,
2457 silly audit report       url: 'https://github.com/advisories/GHSA-mwv6-3258-q52c',
2457 silly audit report       title: 'Next Vulnerable to Denial of Service with Server Components',
2457 silly audit report       severity: 'high',
2457 silly audit report       vulnerable_versions: '>=15.0.0-canary.0 <15.0.6',
2457 silly audit report       cwe: [Array],
2457 silly audit report       cvss: [Object]
2457 silly audit report     },
2457 silly audit report     {
2457 silly audit report       id: 1107228,
2457 silly audit report       url: 'https://github.com/advisories/GHSA-g5qg-72qw-gw5v',
2457 silly audit report       title: 'Next.js Affected by Cache Key Confusion for Image Optimization API Routes',
2457 silly audit report       severity: 'moderate',
2457 silly audit report       vulnerable_versions: '>=15.0.0 <=15.4.4',
2457 silly audit report       cwe: [Array],
2457 silly audit report       cvss: [Object]
2457 silly audit report     },
2457 silly audit report     {
2457 silly audit report       id: 1107514,
2457 silly audit report       url: 'https://github.com/advisories/GHSA-xv57-4mr9-wg8v',
2457 silly audit report       title: 'Next.js Content Injection Vulnerability for Image Optimization',
2457 silly audit report       severity: 'moderate',
2457 silly audit report       vulnerable_versions: '>=15.0.0 <=15.4.4',
2457 silly audit report       cwe: [Array],
2457 silly audit report       cvss: [Object]
2457 silly audit report     },
2457 silly audit report     {
2457 silly audit report       id: 1107515,
2457 silly audit report       url: 'https://github.com/advisories/GHSA-4342-x723-ch2f',
2457 silly audit report       title: 'Next.js Improper Middleware Redirect Handling Leads to SSRF',
2457 silly audit report       severity: 'moderate',
2457 silly audit report       vulnerable_versions: '>=15.0.0-canary.0 <15.4.7',
2457 silly audit report       cwe: [Array],
2457 silly audit report       cvss: [Object]
2457 silly audit report     },
2457 silly audit report     {
2457 silly audit report       id: 1108410,
2457 silly audit report       url: 'https://github.com/advisories/GHSA-qpjv-v59x-3qc4',
2457 silly audit report       title: 'Next.js Race Condition to Cache Poisoning',
2457 silly audit report       severity: 'low',
2457 silly audit report       vulnerable_versions: '>=15.0.0 <15.1.6',
2457 silly audit report       cwe: [Array],
2457 silly audit report       cvss: [Object]
2457 silly audit report     },
2457 silly audit report     {
2457 silly audit report       id: 1118942,
2457 silly audit report       url: 'https://github.com/advisories/GHSA-3g8h-86w9-wvmq',
2457 silly audit report       title: "Next.js's Middleware / Proxy redirects can be cache-poisoned",
2457 silly audit report       severity: 'low',
2457 silly audit report       vulnerable_versions: '>=12.2.0 <15.5.16',
2457 silly audit report       cwe: [Array],
2457 silly audit report       cvss: [Object]
2457 silly audit report     },
2457 silly audit report     {
2457 silly audit report       id: 1118944,
2457 silly audit report       url: 'https://github.com/advisories/GHSA-ffhc-5mcf-pf4q',
2457 silly audit report       title: 'Next.js vulnerable to cross-site scripting in App Router applications using CSP nonces',
2457 silly audit report       severity: 'moderate',
2457 silly audit report       vulnerable_versions: '>=13.4.0 <15.5.16',
2457 silly audit report       cwe: [Array],
2457 silly audit report       cvss: [Object]
2457 silly audit report     },
2457 silly audit report     {
2457 silly audit report       id: 1118946,
2457 silly audit report       url: 'https://github.com/advisories/GHSA-vfv6-92ff-j949',
2457 silly audit report       title: 'Next.js vulnerable to cache poisoning via collisions in React Server Component cache-busting',
2457 silly audit report       severity: 'low',
2457 silly audit report       vulnerable_versions: '>=13.4.6 <15.5.16',
2457 silly audit report       cwe: [Array],
2457 silly audit report       cvss: [Object]
2457 silly audit report     },
2457 silly audit report     {
2457 silly audit report       id: 1118948,
2457 silly audit report       url: 'https://github.com/advisories/GHSA-gx5p-jg67-6x7h',
2457 silly audit report       title: 'Next.js has cross-site scripting in beforeInteractive scripts with untrusted input',
2457 silly audit report       severity: 'moderate',
2457 silly audit report       vulnerable_versions: '>=13.0.0 <15.5.16',
2457 silly audit report       cwe: [Array],
2457 silly audit report       cvss: [Object]
2457 silly audit report     },
2457 silly audit report     {
2457 silly audit report       id: 1118950,
2457 silly audit report       url: 'https://github.com/advisories/GHSA-mg66-mrh9-m8jx',
2457 silly audit report       title: 'Next.js vulnerable to Denial of Service via connection exhaustion in applications using Cache Components',
2457 silly audit report       severity: 'high',
2457 silly audit report       vulnerable_versions: '>=15.0.0 <15.5.16',
2457 silly audit report       cwe: [Array],
2457 silly audit report       cvss: [Object]
2457 silly audit report     },
2457 silly audit report     {
2457 silly audit report       id: 1118952,
2457 silly audit report       url: 'https://github.com/advisories/GHSA-h64f-5h5j-jqjh',
2457 silly audit report       title: 'Next.js has a Denial of Service in the Image Optimization API',
2457 silly audit report       severity: 'moderate',
2457 silly audit report       vulnerable_versions: '>=10.0.0 <15.5.16',
2457 silly audit report       cwe: [Array],
2457 silly audit report       cvss: [Object]
2457 silly audit report     },
2457 silly audit report     {
2457 silly audit report       id: 1118954,
2457 silly audit report       url: 'https://github.com/advisories/GHSA-c4j6-fc7j-m34r',
2457 silly audit report       title: 'Next.js vulnerable to server-side request forgery in applications using WebSocket upgrades',
2457 silly audit report       severity: 'high',
2457 silly audit report       vulnerable_versions: '>=13.4.13 <15.5.16',
2457 silly audit report       cwe: [Array],
2457 silly audit report       cvss: [Object]
2457 silly audit report     },
2457 silly audit report     {
2457 silly audit report       id: 1118958,
2457 silly audit report       url: 'https://github.com/advisories/GHSA-wfc6-r584-vfw7',
2457 silly audit report       title: 'Next.js vulnerable to cache poisoning in React Server Component responses',
2457 silly audit report       severity: 'moderate',
2457 silly audit report       vulnerable_versions: '>=14.2.0 <15.5.16',
2457 silly audit report       cwe: [Array],
2457 silly audit report       cvss: [Object]
2457 silly audit report     },
2457 silly audit report     {
2457 silly audit report       id: 1118962,
2457 silly audit report       url: 'https://github.com/advisories/GHSA-36qx-fr4f-26g5',
2457 silly audit report       title: 'Next.js has a Middleware / Proxy bypass in Pages Router applications using i18n',
2457 silly audit report       severity: 'high',
2457 silly audit report       vulnerable_versions: '>=12.2.0 <15.5.16',
2457 silly audit report       cwe: [Array],
2457 silly audit report       cvss: [Object]
2457 silly audit report     },
2457 silly audit report     {
2457 silly audit report       id: 1112593,
2457 silly audit report       url: 'https://github.com/advisories/GHSA-9g9p-9gw9-jx7f',
2457 silly audit report       title: 'Next.js self-hosted applications vulnerable to DoS via Image Optimizer remotePatterns configuration',
2457 silly audit report       severity: 'moderate',
2457 silly audit report       vulnerable_versions: '>=10.0.0 <15.5.10',
2457 silly audit report       cwe: [Array],
2457 silly audit report       cvss: [Object]
2457 silly audit report     },
2457 silly audit report     {
2457 silly audit report       id: 1112653,
2457 silly audit report       url: 'https://github.com/advisories/GHSA-h25m-26qc-wcjf',
2457 silly audit report       title: 'Next.js HTTP request deserialization can lead to DoS when using insecure React Server Components',
2457 silly audit report       severity: 'high',
2457 silly audit report       vulnerable_versions: '>=13.0.0 <15.0.8',
2457 silly audit report       cwe: [Array],
2457 silly audit report       cvss: [Object]
2457 silly audit report     },
2457 silly audit report     {
2457 silly audit report       id: 1113688,
2457 silly audit report       url: 'https://github.com/advisories/GHSA-f82v-jwr5-mffw',
2457 silly audit report       title: 'Authorization Bypass in Next.js Middleware',
2457 silly audit report       severity: 'critical',
2457 silly audit report       vulnerable_versions: '>=15.0.0 <15.2.3',
2457 silly audit report       cwe: [Array],
2457 silly audit report       cvss: [Object]
2457 silly audit report     },
2457 silly audit report     {
2457 silly audit report       id: 1114897,
2457 silly audit report       url: 'https://github.com/advisories/GHSA-ggv3-7p47-pfv8',
2457 silly audit report       title: 'Next.js: HTTP request smuggling in rewrites',
2457 silly audit report       severity: 'moderate',
2457 silly audit report       vulnerable_versions: '>=9.5.0 <15.5.13',
2457 silly audit report       cwe: [Array],
2457 silly audit report       cvss: [Object]
2457 silly audit report     },
2457 silly audit report     {
2457 silly audit report       id: 1114940,
2457 silly audit report       url: 'https://github.com/advisories/GHSA-3x4c-7xq6-9pq8',
2457 silly audit report       title: 'Next.js: Unbounded next/image disk cache growth can exhaust storage',
2457 silly audit report       severity: 'moderate',
2457 silly audit report       vulnerable_versions: '>=10.0.0 <15.5.14',
2457 silly audit report       cwe: [Array],
2457 silly audit report       cvss: [Object]
2457 silly audit report     },
2457 silly audit report     {
2457 silly audit report       id: 1116376,
2457 silly audit report       url: 'https://github.com/advisories/GHSA-q4gf-8mx6-v5v3',
2457 silly audit report       title: 'Next.js has a Denial of Service with Server Components',
2457 silly audit report       severity: 'high',
2457 silly audit report       vulnerable_versions: '>=13.0.0 <15.5.15',
2457 silly audit report       cwe: [Array],
2457 silly audit report       cvss: [Object]
2457 silly audit report     }
2457 silly audit report   ],
2457 silly audit report   postcss: [
2457 silly audit report     {
2457 silly audit report       id: 1117015,
2457 silly audit report       url: 'https://github.com/advisories/GHSA-qx2v-qp2m-jg93',
2457 silly audit report       title: 'PostCSS has XSS via Unescaped </style> in its CSS Stringify Output',
2457 silly audit report       severity: 'moderate',
2457 silly audit report       vulnerable_versions: '<8.5.10',
2457 silly audit report       cwe: [Array],
2457 silly audit report       cvss: [Object]
2457 silly audit report     }
2457 silly audit report   ]
2457 silly audit report }
2458 silly packumentCache corgi:https://registry.npmjs.org/next cache-miss
2459 silly packumentCache corgi:https://registry.npmjs.org/postcss cache-miss
2460 http fetch GET 200 https://registry.npmjs.org/concat-map/-/concat-map-0.0.1.tgz 262ms (cache miss)
2461 http fetch GET 200 https://registry.npmjs.org/napi-postinstall/-/napi-postinstall-0.3.4.tgz 302ms (cache miss)
2462 http fetch GET 200 https://registry.npmjs.org/is-weakset/-/is-weakset-2.0.4.tgz 326ms (cache miss)
2463 http fetch GET 200 https://registry.npmjs.org/is-boolean-object/-/is-boolean-object-1.2.2.tgz 382ms (cache miss)
2464 http fetch GET 200 https://registry.npmjs.org/isexe/-/isexe-2.0.0.tgz 506ms (cache miss)
2465 http fetch GET 200 https://registry.npmjs.org/punycode/-/punycode-2.3.1.tgz 519ms (cache miss)
2466 http fetch GET 200 https://registry.npmjs.org/generator-function/-/generator-function-2.0.1.tgz 627ms (cache miss)
2467 http fetch GET 200 https://registry.npmjs.org/async-function/-/async-function-1.0.0.tgz 680ms (cache miss)
2468 http fetch GET 200 https://registry.npmjs.org/strip-bom/-/strip-bom-3.0.0.tgz 674ms (cache miss)
2469 http fetch GET 200 https://registry.npmjs.org/client-only/-/client-only-0.0.1.tgz 673ms (cache miss)
2470 http fetch GET 200 https://registry.npmjs.org/is-arrayish/-/is-arrayish-0.3.4.tgz 694ms (cache miss)
2471 http fetch GET 200 https://registry.npmjs.org/is-finalizationregistry/-/is-finalizationregistry-1.1.1.tgz 717ms (cache miss)
2472 http fetch GET 200 https://registry.npmjs.org/is-bigint/-/is-bigint-1.1.0.tgz 716ms (cache miss)
2473 http fetch GET 200 https://registry.npmjs.org/which-collection/-/which-collection-1.0.2.tgz 733ms (cache miss)
2474 http fetch GET 200 https://registry.npmjs.org/is-map/-/is-map-2.0.3.tgz 748ms (cache miss)
2475 http fetch GET 200 https://registry.npmjs.org/is-number-object/-/is-number-object-1.1.1.tgz 745ms (cache miss)
2476 http fetch GET 200 https://registry.npmjs.org/has-bigints/-/has-bigints-1.1.0.tgz 743ms (cache miss)
2477 http fetch GET 200 https://registry.npmjs.org/is-number/-/is-number-7.0.0.tgz 741ms (cache miss)
2478 http fetch GET 200 https://registry.npmjs.org/color-name/-/color-name-1.1.4.tgz 738ms (cache miss)
2479 http fetch GET 200 https://registry.npmjs.org/is-weakmap/-/is-weakmap-2.0.2.tgz 770ms (cache miss)
2480 http fetch GET 200 https://registry.npmjs.org/is-async-function/-/is-async-function-2.1.1.tgz 789ms (cache miss)
2481 http fetch GET 200 https://registry.npmjs.org/@types/json5/-/json5-0.0.29.tgz 785ms (cache miss)
2482 http fetch GET 200 https://registry.npmjs.org/simple-swizzle/-/simple-swizzle-0.2.4.tgz 781ms (cache miss)
2483 http fetch GET 200 https://registry.npmjs.org/path-parse/-/path-parse-1.0.7.tgz 779ms (cache miss)
2484 http fetch GET 200 https://registry.npmjs.org/shebang-regex/-/shebang-regex-3.0.0.tgz 797ms (cache miss)
2485 http fetch GET 200 https://registry.npmjs.org/color-string/-/color-string-1.9.1.tgz 796ms (cache miss)
2486 http fetch GET 200 https://registry.npmjs.org/color/-/color-4.2.3.tgz 795ms (cache miss)
2487 http fetch GET 200 https://registry.npmjs.org/which-boxed-primitive/-/which-boxed-primitive-1.1.1.tgz 819ms (cache miss)
2488 http fetch GET 200 https://registry.npmjs.org/isarray/-/isarray-2.0.5.tgz 811ms (cache miss)
2489 http fetch GET 200 https://registry.npmjs.org/supports-preserve-symlinks-flag/-/supports-preserve-symlinks-flag-1.0.0.tgz 832ms (cache miss)
2490 http fetch GET 200 https://registry.npmjs.org/which-builtin-type/-/which-builtin-type-1.2.1.tgz 858ms (cache miss)
2491 http fetch GET 200 https://registry.npmjs.org/fdir/-/fdir-6.5.0.tgz 857ms (cache miss)
2492 http fetch GET 200 https://registry.npmjs.org/side-channel-list/-/side-channel-list-1.0.1.tgz 856ms (cache miss)
2493 http fetch GET 200 https://registry.npmjs.org/yocto-queue/-/yocto-queue-0.1.0.tgz 848ms (cache miss)
2494 http fetch GET 200 https://registry.npmjs.org/picocolors/-/picocolors-1.1.1.tgz 850ms (cache miss)
2495 http fetch GET 200 https://registry.npmjs.org/for-each/-/for-each-0.3.5.tgz 881ms (cache miss)
2496 http fetch GET 200 https://registry.npmjs.org/side-channel-map/-/side-channel-map-1.0.1.tgz 877ms (cache miss)
2497 http fetch GET 200 https://registry.npmjs.org/queue-microtask/-/queue-microtask-1.2.3.tgz 874ms (cache miss)
2498 http fetch GET 200 https://registry.npmjs.org/loose-envify/-/loose-envify-1.4.0.tgz 871ms (cache miss)
2499 http fetch GET 200 https://registry.npmjs.org/p-limit/-/p-limit-3.1.0.tgz 870ms (cache miss)
2500 http fetch GET 200 https://registry.npmjs.org/side-channel-weakmap/-/side-channel-weakmap-1.0.2.tgz 898ms (cache miss)
2501 http fetch GET 200 https://registry.npmjs.org/object-assign/-/object-assign-4.1.1.tgz 893ms (cache miss)
2502 http fetch GET 200 https://registry.npmjs.org/color-convert/-/color-convert-2.0.1.tgz 915ms (cache miss)
2503 http fetch GET 200 https://registry.npmjs.org/js-tokens/-/js-tokens-4.0.0.tgz 912ms (cache miss)
2504 http fetch GET 200 https://registry.npmjs.org/react-is/-/react-is-16.13.1.tgz 912ms (cache miss)
2505 http fetch GET 200 https://registry.npmjs.org/deep-is/-/deep-is-0.1.4.tgz 909ms (cache miss)
2506 http fetch GET 200 https://registry.npmjs.org/p-locate/-/p-locate-5.0.0.tgz 904ms (cache miss)
2507 http fetch GET 200 https://registry.npmjs.org/word-wrap/-/word-wrap-1.2.5.tgz 930ms (cache miss)
2508 http fetch GET 200 https://registry.npmjs.org/@swc/counter/-/counter-0.1.3.tgz 926ms (cache miss)
2509 http fetch GET 200 https://registry.npmjs.org/type-check/-/type-check-0.4.0.tgz 923ms (cache miss)
2510 http fetch GET 200 https://registry.npmjs.org/@next/env/-/env-15.0.3.tgz 947ms (cache miss)
2511 http fetch GET 200 https://registry.npmjs.org/json-buffer/-/json-buffer-3.0.1.tgz 943ms (cache miss)
2512 http fetch GET 200 https://registry.npmjs.org/is-extglob/-/is-extglob-2.1.1.tgz 943ms (cache miss)
2513 http fetch GET 200 https://registry.npmjs.org/functions-have-names/-/functions-have-names-1.2.3.tgz 943ms (cache miss)
2514 http fetch GET 200 https://registry.npmjs.org/fast-levenshtein/-/fast-levenshtein-2.0.6.tgz 968ms (cache miss)
2515 http fetch GET 200 https://registry.npmjs.org/resolve-pkg-maps/-/resolve-pkg-maps-1.0.0.tgz 958ms (cache miss)
2516 http fetch GET 200 https://registry.npmjs.org/path-exists/-/path-exists-4.0.0.tgz 957ms (cache miss)
2517 http fetch GET 200 https://registry.npmjs.org/run-parallel/-/run-parallel-1.2.0.tgz 955ms (cache miss)
2518 http fetch GET 200 https://registry.npmjs.org/is-generator-function/-/is-generator-function-1.1.2.tgz 1003ms (cache miss)
2519 http fetch GET 200 https://registry.npmjs.org/fill-range/-/fill-range-7.1.1.tgz 980ms (cache miss)
2520 http fetch GET 200 https://registry.npmjs.org/locate-path/-/locate-path-6.0.0.tgz 993ms (cache miss)
2521 http fetch GET 200 https://registry.npmjs.org/detect-libc/-/detect-libc-2.1.2.tgz 1066ms (cache miss)
2522 http fetch GET 200 https://registry.npmjs.org/to-regex-range/-/to-regex-range-5.0.1.tgz 1059ms (cache miss)
2523 http fetch GET 200 https://registry.npmjs.org/is-document.all/-/is-document.all-1.0.0.tgz 1056ms (cache miss)
2524 http fetch GET 200 https://registry.npmjs.org/merge2/-/merge2-1.4.1.tgz 1052ms (cache miss)
2525 http fetch GET 200 https://registry.npmjs.org/@types/esrecurse/-/esrecurse-4.3.1.tgz 1051ms (cache miss)
2526 http fetch GET 200 https://registry.npmjs.org/reflect.getprototypeof/-/reflect.getprototypeof-1.0.10.tgz 1144ms (cache miss)
2527 http fetch GET 200 https://registry.npmjs.org/string.prototype.repeat/-/string.prototype.repeat-1.0.0.tgz 1114ms (cache miss)
2528 http fetch GET 200 https://registry.npmjs.org/@nodelib/fs.stat/-/fs.stat-2.0.5.tgz 1116ms (cache miss)
2529 http fetch GET 200 https://registry.npmjs.org/@nodelib/fs.walk/-/fs.walk-1.2.8.tgz 1117ms (cache miss)
2530 http fetch GET 200 https://registry.npmjs.org/keyv/-/keyv-4.5.4.tgz 1144ms (cache miss)
2531 http fetch GET 200 https://registry.npmjs.org/@nodelib/fs.scandir/-/fs.scandir-2.1.5.tgz 1142ms (cache miss)
2532 http fetch GET 200 https://registry.npmjs.org/iterator.prototype/-/iterator.prototype-1.1.5.tgz 1140ms (cache miss)
2533 http fetch GET 200 https://registry.npmjs.org/streamsearch/-/streamsearch-1.1.0.tgz 1177ms (cache miss)
2534 http fetch GET 200 https://registry.npmjs.org/esrecurse/-/esrecurse-4.3.0.tgz 1161ms (cache miss)
2535 http fetch GET 200 https://registry.npmjs.org/set-function-name/-/set-function-name-2.0.2.tgz 1192ms (cache miss)
2536 http fetch GET 200 https://registry.npmjs.org/acorn-jsx/-/acorn-jsx-5.3.2.tgz 1185ms (cache miss)
2537 http fetch GET 200 https://registry.npmjs.org/braces/-/braces-3.0.3.tgz 1217ms (cache miss)
2538 http fetch GET 200 https://registry.npmjs.org/prelude-ls/-/prelude-ls-1.2.1.tgz 1216ms (cache miss)
2539 http fetch GET 200 https://registry.npmjs.org/flat-cache/-/flat-cache-4.0.1.tgz 1210ms (cache miss)
2540 http fetch GET 200 https://registry.npmjs.org/language-tags/-/language-tags-1.0.9.tgz 1201ms (cache miss)
2541 http fetch GET 200 https://registry.npmjs.org/string.prototype.includes/-/string.prototype.includes-2.0.1.tgz 1202ms (cache miss)
2542 http fetch GET 200 https://registry.npmjs.org/ast-types-flow/-/ast-types-flow-0.0.8.tgz 1200ms (cache miss)
2543 http fetch GET 200 https://registry.npmjs.org/is-date-object/-/is-date-object-1.1.0.tgz 1199ms (cache miss)
2544 http fetch GET 200 https://registry.npmjs.org/unbox-primitive/-/unbox-primitive-1.1.0.tgz 1217ms (cache miss)
2545 http fetch GET 200 https://registry.npmjs.org/side-channel/-/side-channel-1.1.1.tgz 1255ms (cache miss)
2546 http fetch GET 200 https://registry.npmjs.org/damerau-levenshtein/-/damerau-levenshtein-1.0.8.tgz 1241ms (cache miss)
2547 http fetch GET 200 https://registry.npmjs.org/string.prototype.trim/-/string.prototype.trim-1.2.11.tgz 1237ms (cache miss)
2548 http fetch GET 200 https://registry.npmjs.org/reusify/-/reusify-1.1.0.tgz 1271ms (cache miss)
2549 http fetch GET 200 https://registry.npmjs.org/is-symbol/-/is-symbol-1.1.1.tgz 1260ms (cache miss)
2550 http fetch GET 200 https://registry.npmjs.org/possible-typed-array-names/-/possible-typed-array-names-1.1.0.tgz 1259ms (cache miss)
2551 http fetch GET 200 https://registry.npmjs.org/typed-array-byte-length/-/typed-array-byte-length-1.0.3.tgz 1258ms (cache miss)
2552 http fetch GET 200 https://registry.npmjs.org/typed-array-buffer/-/typed-array-buffer-1.0.3.tgz 1258ms (cache miss)
2553 http fetch GET 200 https://registry.npmjs.org/stop-iteration-iterator/-/stop-iteration-iterator-1.1.0.tgz 1256ms (cache miss)
2554 http fetch GET 200 https://registry.npmjs.org/safe-array-concat/-/safe-array-concat-1.1.4.tgz 1256ms (cache miss)
2555 http fetch GET 200 https://registry.npmjs.org/safe-push-apply/-/safe-push-apply-1.0.0.tgz 1257ms (cache miss)
2556 http fetch GET 200 https://registry.npmjs.org/tslib/-/tslib-2.8.1.tgz 1294ms (cache miss)
2557 http fetch GET 200 https://registry.npmjs.org/estraverse/-/estraverse-5.3.0.tgz 1286ms (cache miss)
2558 http fetch GET 200 https://registry.npmjs.org/safe-regex-test/-/safe-regex-test-1.1.0.tgz 1277ms (cache miss)
2559 http fetch GET 200 https://registry.npmjs.org/own-keys/-/own-keys-1.0.1.tgz 1276ms (cache miss)
2560 http fetch GET 200 https://registry.npmjs.org/typed-array-length/-/typed-array-length-1.0.8.tgz 1299ms (cache miss)
2561 http fetch GET 200 https://registry.npmjs.org/typed-array-byte-offset/-/typed-array-byte-offset-1.0.4.tgz 1299ms (cache miss)
2562 http fetch GET 200 https://registry.npmjs.org/is-set/-/is-set-2.0.3.tgz 1294ms (cache miss)
2563 http fetch GET 200 https://registry.npmjs.org/is-regex/-/is-regex-1.2.1.tgz 1295ms (cache miss)
2564 http fetch GET 200 https://registry.npmjs.org/is-weakref/-/is-weakref-1.1.1.tgz 1319ms (cache miss)
2565 http fetch GET 200 https://registry.npmjs.org/is-typed-array/-/is-typed-array-1.1.15.tgz 1319ms (cache miss)
2566 http fetch GET 200 https://registry.npmjs.org/is-shared-array-buffer/-/is-shared-array-buffer-1.0.4.tgz 1319ms (cache miss)
2567 http fetch GET 200 https://registry.npmjs.org/micromatch/-/micromatch-4.0.8.tgz 1356ms (cache miss)
2568 http fetch GET 200 https://registry.npmjs.org/which-typed-array/-/which-typed-array-1.1.22.tgz 1345ms (cache miss)
2569 http fetch GET 200 https://registry.npmjs.org/is-callable/-/is-callable-1.2.7.tgz 1338ms (cache miss)
2570 http fetch GET 200 https://registry.npmjs.org/is-data-view/-/is-data-view-1.0.2.tgz 1338ms (cache miss)
2571 http fetch GET 200 https://registry.npmjs.org/is-array-buffer/-/is-array-buffer-3.0.5.tgz 1337ms (cache miss)
2572 http fetch GET 200 https://registry.npmjs.org/has-proto/-/has-proto-1.2.0.tgz 1337ms (cache miss)
2573 http fetch GET 200 https://registry.npmjs.org/globalthis/-/globalthis-1.0.4.tgz 1337ms (cache miss)
2574 http fetch GET 200 https://registry.npmjs.org/get-symbol-description/-/get-symbol-description-1.1.0.tgz 1337ms (cache miss)
2575 http fetch GET 200 https://registry.npmjs.org/scheduler/-/scheduler-0.27.0.tgz 1399ms (cache miss)
2576 http fetch GET 200 https://registry.npmjs.org/dunder-proto/-/dunder-proto-1.0.1.tgz 1385ms (cache miss)
2577 http fetch GET 200 https://registry.npmjs.org/set-proto/-/set-proto-1.0.0.tgz 1364ms (cache miss)
2578 http fetch GET 200 https://registry.npmjs.org/arraybuffer.prototype.slice/-/arraybuffer.prototype.slice-1.0.4.tgz 1357ms (cache miss)
2579 http fetch GET 200 https://registry.npmjs.org/prop-types/-/prop-types-15.8.1.tgz 1401ms (cache miss)
2580 http fetch GET 200 https://registry.npmjs.org/is-negative-zero/-/is-negative-zero-2.0.3.tgz 1386ms (cache miss)
2581 http fetch GET 200 https://registry.npmjs.org/internal-slot/-/internal-slot-1.1.0.tgz 1386ms (cache miss)
2582 http fetch GET 200 https://registry.npmjs.org/data-view-byte-offset/-/data-view-byte-offset-1.0.1.tgz 1383ms (cache miss)
2583 http fetch GET 200 https://registry.npmjs.org/data-view-buffer/-/data-view-buffer-1.0.2.tgz 1384ms (cache miss)
2584 http fetch GET 200 https://registry.npmjs.org/es-set-tostringtag/-/es-set-tostringtag-2.1.0.tgz 1384ms (cache miss)
2585 http fetch GET 200 https://registry.npmjs.org/gopd/-/gopd-1.2.0.tgz 1382ms (cache miss)
2586 http fetch GET 200 https://registry.npmjs.org/available-typed-arrays/-/available-typed-arrays-1.0.7.tgz 1400ms (cache miss)
2587 http fetch GET 200 https://registry.npmjs.org/has-property-descriptors/-/has-property-descriptors-1.0.2.tgz 1398ms (cache miss)
2588 http fetch GET 200 https://registry.npmjs.org/define-data-property/-/define-data-property-1.1.4.tgz 1398ms (cache miss)
2589 http fetch GET 200 https://registry.npmjs.org/function-bind/-/function-bind-1.1.2.tgz 1399ms (cache miss)
2590 http fetch GET 200 https://registry.npmjs.org/call-bind-apply-helpers/-/call-bind-apply-helpers-1.0.2.tgz 1397ms (cache miss)
2591 http fetch GET 200 https://registry.npmjs.org/math-intrinsics/-/math-intrinsics-1.1.0.tgz 1397ms (cache miss)
2592 http fetch GET 200 https://registry.npmjs.org/array.prototype.tosorted/-/array.prototype.tosorted-1.1.4.tgz 1442ms (cache miss)
2593 http fetch GET 200 https://registry.npmjs.org/object-keys/-/object-keys-1.1.1.tgz 1423ms (cache miss)
2594 http fetch GET 200 https://registry.npmjs.org/es-define-property/-/es-define-property-1.0.1.tgz 1420ms (cache miss)
2595 http fetch GET 200 https://registry.npmjs.org/is-string/-/is-string-1.1.1.tgz 1418ms (cache miss)
2596 http fetch GET 200 https://registry.npmjs.org/define-properties/-/define-properties-1.2.1.tgz 1417ms (cache miss)
2597 http fetch GET 200 https://registry.npmjs.org/array-buffer-byte-length/-/array-buffer-byte-length-1.0.2.tgz 1441ms (cache miss)
2598 http fetch GET 200 https://registry.npmjs.org/call-bound/-/call-bound-1.0.4.tgz 1435ms (cache miss)
2599 http fetch GET 200 https://registry.npmjs.org/string.prototype.trimstart/-/string.prototype.trimstart-1.0.8.tgz 1468ms (cache miss)
2600 http fetch GET 200 https://registry.npmjs.org/set-function-length/-/set-function-length-1.2.2.tgz 1455ms (cache miss)
2601 http fetch GET 200 https://registry.npmjs.org/call-bind/-/call-bind-1.0.9.tgz 1452ms (cache miss)
2602 http fetch GET 200 https://registry.npmjs.org/object.values/-/object.values-1.2.1.tgz 1450ms (cache miss)
2603 http fetch GET 200 https://registry.npmjs.org/es-abstract-get/-/es-abstract-get-1.0.0.tgz 1489ms (cache miss)
2604 http fetch GET 200 https://registry.npmjs.org/es-shim-unscopables/-/es-shim-unscopables-1.1.0.tgz 1471ms (cache miss)
2605 http fetch GET 200 https://registry.npmjs.org/get-intrinsic/-/get-intrinsic-1.3.0.tgz 1471ms (cache miss)
2606 http fetch GET 200 https://registry.npmjs.org/array.prototype.findlastindex/-/array.prototype.findlastindex-1.2.6.tgz 1467ms (cache miss)
2607 http fetch GET 200 https://registry.npmjs.org/array.prototype.flatmap/-/array.prototype.flatmap-1.3.3.tgz 1490ms (cache miss)
2608 http fetch GET 200 https://registry.npmjs.org/object.entries/-/object.entries-1.1.9.tgz 1528ms (cache miss)
2609 http fetch GET 200 https://registry.npmjs.org/get-proto/-/get-proto-1.0.1.tgz 1509ms (cache miss)
2610 http fetch GET 200 https://registry.npmjs.org/hasown/-/hasown-2.0.4.tgz 1497ms (cache miss)
2611 http fetch GET 200 https://registry.npmjs.org/unrs-resolver/-/unrs-resolver-1.12.2.tgz 1495ms (cache miss)
2612 http fetch GET 200 https://registry.npmjs.org/@rtsao/scc/-/scc-1.1.0.tgz 1496ms (cache miss)
2613 http fetch GET 200 https://registry.npmjs.org/has-tostringtag/-/has-tostringtag-1.0.2.tgz 1531ms (cache miss)
2614 http fetch GET 200 https://registry.npmjs.org/fastq/-/fastq-1.20.1.tgz 1545ms (cache miss)
2615 http fetch GET 200 https://registry.npmjs.org/array.prototype.findlast/-/array.prototype.findlast-1.2.5.tgz 1538ms (cache miss)
2616 http fetch GET 200 https://registry.npmjs.org/data-view-byte-length/-/data-view-byte-length-1.0.2.tgz 1512ms (cache miss)
2617 http fetch GET 200 https://registry.npmjs.org/stable-hash/-/stable-hash-0.0.5.tgz 1508ms (cache miss)
2618 http fetch GET 200 https://registry.npmjs.org/is-core-module/-/is-core-module-2.16.2.tgz 1505ms (cache miss)
2619 http fetch GET 200 https://registry.npmjs.org/@nolyfill/is-core-module/-/is-core-module-1.0.39.tgz 1527ms (cache miss)
2620 http fetch GET 200 https://registry.npmjs.org/flatted/-/flatted-3.4.2.tgz 1596ms (cache miss)
2621 http fetch GET 200 https://registry.npmjs.org/picomatch/-/picomatch-2.3.2.tgz 1604ms (cache miss)
2622 http fetch GET 200 https://registry.npmjs.org/@typescript-eslint/tsconfig-utils/-/tsconfig-utils-8.62.0.tgz 1558ms (cache miss)
2623 http fetch GET 200 https://registry.npmjs.org/es-object-atoms/-/es-object-atoms-1.1.2.tgz 1607ms (cache miss)
2624 http fetch GET 200 https://registry.npmjs.org/array-includes/-/array-includes-3.1.9.tgz 1603ms (cache miss)
2625 http fetch GET 200 https://registry.npmjs.org/is-bun-module/-/is-bun-module-2.0.0.tgz 1602ms (cache miss)
2626 http fetch GET 200 https://registry.npmjs.org/tinyglobby/-/tinyglobby-0.2.17.tgz 1600ms (cache miss)
2627 http fetch GET 200 https://registry.npmjs.org/@typescript-eslint/project-service/-/project-service-8.62.0.tgz 1600ms (cache miss)
2628 http fetch GET 200 https://registry.npmjs.org/emoji-regex/-/emoji-regex-9.2.2.tgz 1789ms (cache miss)
2629 http fetch GET 200 https://registry.npmjs.org/regexp.prototype.flags/-/regexp.prototype.flags-1.5.4.tgz 1783ms (cache miss)
2630 http fetch GET 200 https://registry.npmjs.org/json5/-/json5-1.0.2.tgz 1853ms (cache miss)
2631 http fetch GET 200 https://registry.npmjs.org/object.fromentries/-/object.fromentries-2.0.8.tgz 1790ms (cache miss)
2632 http fetch GET 200 https://registry.npmjs.org/doctrine/-/doctrine-2.1.0.tgz 1790ms (cache miss)
2633 http fetch GET 200 https://registry.npmjs.org/@typescript-eslint/parser/-/parser-8.62.0.tgz 1778ms (cache miss)
2634 http fetch GET 200 https://registry.npmjs.org/string.prototype.matchall/-/string.prototype.matchall-4.0.12.tgz 1851ms (cache miss)
2635 http fetch GET 200 https://registry.npmjs.org/has-symbols/-/has-symbols-1.1.0.tgz 1834ms (cache miss)
2636 http fetch GET 200 https://registry.npmjs.org/string.prototype.trimend/-/string.prototype.trimend-1.0.10.tgz 1821ms (cache miss)
2637 http fetch GET 200 https://registry.npmjs.org/eslint-import-resolver-node/-/eslint-import-resolver-node-0.3.10.tgz 1809ms (cache miss)
2638 http fetch GET 200 https://registry.npmjs.org/which/-/which-2.0.2.tgz 1806ms (cache miss)
2639 http fetch GET 200 https://registry.npmjs.org/ms/-/ms-2.1.3.tgz 1807ms (cache miss)
2640 http fetch GET 200 https://registry.npmjs.org/path-key/-/path-key-3.1.1.tgz 1806ms (cache miss)
2641 http fetch GET 200 https://registry.npmjs.org/json-schema-traverse/-/json-schema-traverse-0.4.1.tgz 1806ms (cache miss)
2642 http fetch GET 200 https://registry.npmjs.org/es-errors/-/es-errors-1.3.0.tgz 1847ms (cache miss)
2643 http fetch GET 200 https://registry.npmjs.org/nanoid/-/nanoid-3.3.15.tgz 1912ms (cache miss)
2644 http fetch GET 200 https://registry.npmjs.org/object.groupby/-/object.groupby-1.0.3.tgz 1861ms (cache miss)
2645 http fetch GET 200 https://registry.npmjs.org/shebang-command/-/shebang-command-2.0.0.tgz 1846ms (cache miss)
2646 http fetch GET 200 https://registry.npmjs.org/levn/-/levn-0.4.1.tgz 1845ms (cache miss)
2647 http fetch GET 200 https://registry.npmjs.org/@humanfs/core/-/core-0.19.2.tgz 1845ms (cache miss)
2648 http fetch GET 200 https://registry.npmjs.org/balanced-match/-/balanced-match-4.0.4.tgz 1924ms (cache miss)
2649 http fetch GET 200 https://registry.npmjs.org/@humanfs/types/-/types-0.15.0.tgz 1862ms (cache miss)
2650 http fetch GET 200 https://registry.npmjs.org/@types/json-schema/-/json-schema-7.0.15.tgz 1862ms (cache miss)
2651 http fetch GET 200 https://registry.npmjs.org/json-stable-stringify-without-jsonify/-/json-stable-stringify-without-jsonify-1.0.1.tgz 1861ms (cache miss)
2652 http fetch GET 200 https://registry.npmjs.org/glob-parent/-/glob-parent-6.0.2.tgz 1860ms (cache miss)
2653 http fetch GET 200 https://registry.npmjs.org/@typescript-eslint/visitor-keys/-/visitor-keys-8.62.0.tgz 1886ms (cache miss)
2654 http fetch GET 200 https://registry.npmjs.org/array.prototype.flat/-/array.prototype.flat-1.3.3.tgz 1898ms (cache miss)
2655 http fetch GET 200 https://registry.npmjs.org/optionator/-/optionator-0.9.4.tgz 1882ms (cache miss)
2656 http fetch GET 200 https://registry.npmjs.org/find-up/-/find-up-5.0.0.tgz 1879ms (cache miss)
2657 http fetch GET 200 https://registry.npmjs.org/ignore/-/ignore-5.3.2.tgz 1881ms (cache miss)
2658 http fetch GET 200 https://registry.npmjs.org/imurmurhash/-/imurmurhash-0.1.4.tgz 1881ms (cache miss)
2659 http fetch GET 200 https://registry.npmjs.org/object.assign/-/object.assign-4.1.7.tgz 1931ms (cache miss)
2660 http fetch GET 200 https://registry.npmjs.org/natural-compare/-/natural-compare-1.4.0.tgz 1894ms (cache miss)
2661 http fetch GET 200 https://registry.npmjs.org/file-entry-cache/-/file-entry-cache-8.0.0.tgz 1899ms (cache miss)
2662 http fetch GET 200 https://registry.npmjs.org/is-glob/-/is-glob-4.0.3.tgz 1910ms (cache miss)
2663 http fetch GET 200 https://registry.npmjs.org/es-to-primitive/-/es-to-primitive-1.3.4.tgz 1974ms (cache miss)
2664 http fetch GET 200 https://registry.npmjs.org/eslint-import-resolver-typescript/-/eslint-import-resolver-typescript-3.10.1.tgz 1950ms (cache miss)
2665 http fetch GET 200 https://registry.npmjs.org/@types/estree/-/estree-1.0.9.tgz 1938ms (cache miss)
2666 http fetch GET 200 https://registry.npmjs.org/get-tsconfig/-/get-tsconfig-4.14.0.tgz 1979ms (cache miss)
2667 http fetch GET 200 https://registry.npmjs.org/escape-string-regexp/-/escape-string-regexp-4.0.0.tgz 1969ms (cache miss)
2668 http fetch GET 200 https://registry.npmjs.org/debug/-/debug-4.4.3.tgz 1969ms (cache miss)
2669 http fetch GET 200 https://registry.npmjs.org/@humanwhocodes/module-importer/-/module-importer-1.0.1.tgz 1968ms (cache miss)
2670 http fetch GET 200 https://registry.npmjs.org/@humanfs/node/-/node-0.16.8.tgz 1968ms (cache miss)
2671 http fetch GET 200 https://registry.npmjs.org/node-exports-info/-/node-exports-info-1.6.2.tgz 2087ms (cache miss)
2672 http fetch GET 200 https://registry.npmjs.org/brace-expansion/-/brace-expansion-5.0.6.tgz 2078ms (cache miss)
2673 http fetch GET 200 https://registry.npmjs.org/eslint-config-next/-/eslint-config-next-15.0.3.tgz 2010ms (cache miss)
2674 http fetch GET 200 https://registry.npmjs.org/esutils/-/esutils-2.0.3.tgz 2025ms (cache miss)
2675 http fetch GET 200 https://registry.npmjs.org/function.prototype.name/-/function.prototype.name-1.2.0.tgz 2061ms (cache miss)
2676 http fetch GET 200 https://registry.npmjs.org/fast-deep-equal/-/fast-deep-equal-3.1.3.tgz 2028ms (cache miss)
2677 http fetch GET 200 https://registry.npmjs.org/@types/react-dom/-/react-dom-19.2.3.tgz 2019ms (cache miss)
2678 http fetch GET 200 https://registry.npmjs.org/brace-expansion/-/brace-expansion-1.1.15.tgz 2025ms (cache miss)
2679 http fetch GET 200 https://registry.npmjs.org/balanced-match/-/balanced-match-1.0.2.tgz 2026ms (cache miss)
2680 http fetch GET 200 https://registry.npmjs.org/glob-parent/-/glob-parent-5.1.2.tgz 2027ms (cache miss)
2681 http fetch GET 200 https://registry.npmjs.org/minimist/-/minimist-1.2.8.tgz 2132ms (cache miss)
2682 http fetch GET 200 https://registry.npmjs.org/eslint-plugin-react-hooks/-/eslint-plugin-react-hooks-5.2.0.tgz 2064ms (cache miss)
2683 http fetch GET 200 https://registry.npmjs.org/eslint-visitor-keys/-/eslint-visitor-keys-5.0.1.tgz 2053ms (cache miss)
2684 http fetch GET 200 https://registry.npmjs.org/@eslint/core/-/core-1.2.1.tgz 2049ms (cache miss)
2685 http fetch GET 200 https://registry.npmjs.org/minimatch/-/minimatch-3.1.5.tgz 2042ms (cache miss)
2686 http fetch GET 200 https://registry.npmjs.org/semver/-/semver-6.3.1.tgz 2041ms (cache miss)
2687 http fetch GET 200 https://registry.npmjs.org/eslint-visitor-keys/-/eslint-visitor-keys-3.4.3.tgz 2043ms (cache miss)
2688 http fetch GET 200 https://registry.npmjs.org/source-map-js/-/source-map-js-1.2.1.tgz 2142ms (cache miss)
2689 http fetch GET 200 https://registry.npmjs.org/@img/sharp-linux-x64/-/sharp-linux-x64-0.33.5.tgz 2146ms (cache miss)
2690 http fetch GET 200 https://registry.npmjs.org/brace-expansion/-/brace-expansion-1.1.15.tgz 2052ms (cache miss)
2691 http fetch GET 200 https://registry.npmjs.org/brace-expansion/-/brace-expansion-1.1.15.tgz 2050ms (cache miss)
2692 http fetch GET 200 https://registry.npmjs.org/balanced-match/-/balanced-match-1.0.2.tgz 2054ms (cache miss)
2693 http fetch GET 200 https://registry.npmjs.org/balanced-match/-/balanced-match-1.0.2.tgz 2052ms (cache miss)
2694 http fetch GET 200 https://registry.npmjs.org/eslint-module-utils/-/eslint-module-utils-2.13.0.tgz 2092ms (cache miss)
2695 http fetch GET 200 https://registry.npmjs.org/cross-spawn/-/cross-spawn-7.0.6.tgz 2069ms (cache miss)
2696 http fetch GET 200 https://registry.npmjs.org/ignore/-/ignore-7.0.5.tgz 2054ms (cache miss)
2697 http fetch GET 200 https://registry.npmjs.org/minimatch/-/minimatch-3.1.5.tgz 2061ms (cache miss)
2698 http fetch GET 200 https://registry.npmjs.org/debug/-/debug-3.2.7.tgz 2065ms (cache miss)
2699 http fetch GET 200 https://registry.npmjs.org/minimatch/-/minimatch-3.1.5.tgz 2060ms (cache miss)
2700 http fetch GET 200 https://registry.npmjs.org/semver/-/semver-6.3.1.tgz 2067ms (cache miss)
2701 http fetch GET 200 https://registry.npmjs.org/debug/-/debug-3.2.7.tgz 2072ms (cache miss)
2702 http fetch GET 200 https://registry.npmjs.org/debug/-/debug-3.2.7.tgz 2074ms (cache miss)
2703 http fetch GET 200 https://registry.npmjs.org/ts-api-utils/-/ts-api-utils-2.5.0.tgz 2108ms (cache miss)
2704 http fetch GET 200 https://registry.npmjs.org/@humanwhocodes/retry/-/retry-0.4.3.tgz 2091ms (cache miss)
2705 http fetch GET 200 https://registry.npmjs.org/@typescript-eslint/types/-/types-8.62.0.tgz 2114ms (cache miss)
2706 http fetch GET 200 https://registry.npmjs.org/semver/-/semver-6.3.1.tgz 2087ms (cache miss)
2707 http fetch GET 200 https://registry.npmjs.org/fast-json-stable-stringify/-/fast-json-stable-stringify-2.1.0.tgz 2116ms (cache miss)
2708 http fetch GET 200 https://registry.npmjs.org/picomatch/-/picomatch-4.0.4.tgz 2105ms (cache miss)
2709 http fetch GET 200 https://registry.npmjs.org/@eslint/object-schema/-/object-schema-3.0.5.tgz 2137ms (cache miss)
2710 http fetch GET 200 https://registry.npmjs.org/busboy/-/busboy-1.6.0.tgz 2207ms (cache miss)
2711 http fetch GET 200 https://registry.npmjs.org/espree/-/espree-11.2.0.tgz 2139ms (cache miss)
2712 http fetch GET 200 https://registry.npmjs.org/acorn/-/acorn-8.17.0.tgz 2210ms (cache miss)
2713 http fetch GET 200 https://registry.npmjs.org/@eslint/config-helpers/-/config-helpers-0.6.0.tgz 2154ms (cache miss)
2714 http fetch GET 200 https://registry.npmjs.org/@eslint-community/eslint-utils/-/eslint-utils-4.9.1.tgz 2153ms (cache miss)
2715 http fetch GET 200 https://registry.npmjs.org/@eslint-community/regexpp/-/regexpp-4.12.2.tgz 2160ms (cache miss)
2716 http fetch GET 200 https://registry.npmjs.org/eslint-scope/-/eslint-scope-9.1.2.tgz 2170ms (cache miss)
2717 http fetch GET 200 https://registry.npmjs.org/postcss 2035ms (cache miss)
2718 silly packumentCache corgi:https://registry.npmjs.org/postcss set size:undefined disposed:false
2719 http fetch GET 200 https://registry.npmjs.org/@eslint/plugin-kit/-/plugin-kit-0.7.2.tgz 2180ms (cache miss)
2720 http fetch GET 200 https://registry.npmjs.org/object-inspect/-/object-inspect-1.13.4.tgz 2263ms (cache miss)
2721 http fetch GET 200 https://registry.npmjs.org/@types/react/-/react-19.2.17.tgz 2217ms (cache miss)
2722 http fetch GET 200 https://registry.npmjs.org/undici-types/-/undici-types-8.3.0.tgz 2232ms (cache miss)
2723 http fetch GET 200 https://registry.npmjs.org/styled-jsx/-/styled-jsx-5.1.6.tgz 2363ms (cache miss)
2724 http fetch GET 200 https://registry.npmjs.org/react/-/react-19.2.7.tgz 2286ms (cache miss)
2725 http fetch GET 200 https://registry.npmjs.org/@eslint/config-array/-/config-array-0.23.5.tgz 2301ms (cache miss)
2726 http fetch GET 200 https://registry.npmjs.org/csstype/-/csstype-3.2.3.tgz 2303ms (cache miss)
2727 http fetch GET 200 https://registry.npmjs.org/esquery/-/esquery-1.7.0.tgz 2352ms (cache miss)
2728 http fetch GET 200 https://registry.npmjs.org/sharp/-/sharp-0.33.5.tgz 2446ms (cache miss)
2729 http fetch GET 200 https://registry.npmjs.org/@unrs/resolver-binding-linux-x64-gnu/-/resolver-binding-linux-x64-gnu-1.12.2.tgz 2469ms (cache miss)
2730 http fetch GET 200 https://registry.npmjs.org/@next/eslint-plugin-next/-/eslint-plugin-next-15.0.3.tgz 2412ms (cache miss)
2731 http fetch GET 200 https://registry.npmjs.org/language-subtag-registry/-/language-subtag-registry-0.3.23.tgz 2483ms (cache miss)
2732 http fetch GET 200 https://registry.npmjs.org/semver/-/semver-7.8.5.tgz 2448ms (cache miss)
2733 http fetch GET 200 https://registry.npmjs.org/@typescript-eslint/type-utils/-/type-utils-8.62.0.tgz 2472ms (cache miss)
2734 http fetch GET 200 https://registry.npmjs.org/tailwindcss/-/tailwindcss-4.3.1.tgz 2459ms (cache miss)
2735 http fetch GET 200 https://registry.npmjs.org/postcss/-/postcss-8.5.15.tgz 2515ms (cache miss)
2736 http fetch GET 200 https://registry.npmjs.org/postcss/-/postcss-8.4.31.tgz 2414ms (cache miss)
2737 http fetch GET 200 https://registry.npmjs.org/axe-core/-/axe-core-4.12.1.tgz 2757ms (cache miss)
2738 http fetch GET 200 https://registry.npmjs.org/fast-glob/-/fast-glob-3.3.1.tgz 2770ms (cache miss)
2739 http fetch GET 200 https://registry.npmjs.org/uri-js/-/uri-js-4.4.1.tgz 2787ms (cache miss)
2740 http fetch GET 200 https://registry.npmjs.org/minimatch/-/minimatch-10.2.5.tgz 2793ms (cache miss)
2741 http fetch GET 200 https://registry.npmjs.org/tsconfig-paths/-/tsconfig-paths-3.15.0.tgz 2827ms (cache miss)
2742 http fetch GET 200 https://registry.npmjs.org/@types/node/-/node-26.0.1.tgz 2848ms (cache miss)
2743 http fetch GET 200 https://registry.npmjs.org/motion-utils/-/motion-utils-12.39.0.tgz 2951ms (cache miss)
2744 http fetch GET 200 https://registry.npmjs.org/@typescript-eslint/typescript-estree/-/typescript-estree-8.62.0.tgz 2935ms (cache miss)
2745 http fetch GET 200 https://registry.npmjs.org/es-iterator-helpers/-/es-iterator-helpers-1.3.3.tgz 2977ms (cache miss)
2746 http fetch GET 200 https://registry.npmjs.org/@typescript-eslint/utils/-/utils-8.62.0.tgz 2992ms (cache miss)
2747 http fetch GET 200 https://registry.npmjs.org/ajv/-/ajv-6.15.0.tgz 3060ms (cache miss)
2748 http fetch GET 200 https://registry.npmjs.org/jsx-ast-utils/-/jsx-ast-utils-3.3.5.tgz 3135ms (cache miss)
2749 http fetch GET 200 https://registry.npmjs.org/resolve/-/resolve-2.0.0-next.7.tgz 3210ms (cache miss)
2750 http fetch GET 200 https://registry.npmjs.org/react-dom/-/react-dom-19.2.7.tgz 3189ms (cache miss)
2751 http fetch GET 200 https://registry.npmjs.org/eslint-plugin-import/-/eslint-plugin-import-2.32.0.tgz 3391ms (cache miss)
2752 http fetch GET 200 https://registry.npmjs.org/@rushstack/eslint-patch/-/eslint-patch-1.16.1.tgz 3406ms (cache miss)
2753 http fetch GET 200 https://registry.npmjs.org/axobject-query/-/axobject-query-4.1.0.tgz 3585ms (cache miss)
2754 http fetch GET 200 https://registry.npmjs.org/@img/sharp-libvips-linux-x64/-/sharp-libvips-linux-x64-1.0.4.tgz 4069ms (cache miss)
2755 http fetch GET 200 https://registry.npmjs.org/aria-query/-/aria-query-5.3.2.tgz 4165ms (cache miss)
2756 http fetch GET 200 https://registry.npmjs.org/@swc/helpers/-/helpers-0.5.13.tgz 4195ms (cache miss)
2757 http fetch GET 200 https://registry.npmjs.org/eslint-plugin-jsx-a11y/-/eslint-plugin-jsx-a11y-6.10.2.tgz 4228ms (cache miss)
2758 http fetch GET 200 https://registry.npmjs.org/next 4265ms (cache miss)
2759 silly packumentCache corgi:https://registry.npmjs.org/next set size:undefined disposed:false
2760 http fetch GET 200 https://registry.npmjs.org/@typescript-eslint/scope-manager/-/scope-manager-8.62.0.tgz 7025ms (cache miss)
2761 http fetch GET 200 https://registry.npmjs.org/eslint-plugin-react/-/eslint-plugin-react-7.37.5.tgz 7218ms (cache miss)
2762 http fetch GET 200 https://registry.npmjs.org/typescript/-/typescript-6.0.3.tgz 7200ms (cache miss)
2763 http fetch GET 200 https://registry.npmjs.org/eslint/-/eslint-10.6.0.tgz 7397ms (cache miss)
2764 http fetch GET 200 https://registry.npmjs.org/@typescript-eslint/eslint-plugin/-/eslint-plugin-8.62.0.tgz 7513ms (cache miss)
2765 http fetch GET 200 https://registry.npmjs.org/framer-motion/-/framer-motion-12.42.0.tgz 7813ms (cache miss)
2766 http fetch GET 200 https://registry.npmjs.org/motion-dom/-/motion-dom-12.42.0.tgz 8215ms (cache miss)
2767 http fetch GET 200 https://registry.npmjs.org/caniuse-lite/-/caniuse-lite-1.0.30001799.tgz 8283ms (cache miss)
2768 http fetch GET 200 https://registry.npmjs.org/vazirmatn/-/vazirmatn-33.0.3.tgz 8216ms (cache miss)
2769 http fetch GET 200 https://registry.npmjs.org/es-abstract/-/es-abstract-1.24.2.tgz 9090ms (cache miss)
2770 http fetch GET 200 https://registry.npmjs.org/@next/swc-linux-x64-gnu/-/swc-linux-x64-gnu-15.0.3.tgz 9551ms (cache miss)
2771 http fetch GET 200 https://registry.npmjs.org/lucide-react/-/lucide-react-1.21.0.tgz 11098ms (cache miss)
2772 http fetch GET 200 https://registry.npmjs.org/next/-/next-15.0.3.tgz 13519ms (cache miss)
2773 warn deprecated next@15.0.3: This version has a security vulnerability. Please upgrade to a patched version. See https://nextjs.org/blog/CVE-2025-66478 for more details.
2774 info run sharp@0.33.5 install node_modules/sharp node install/check
2775 info run sharp@0.33.5 install { code: 0, signal: null }
2776 info run unrs-resolver@1.12.2 postinstall node_modules/unrs-resolver node postinstall.js
2777 info run unrs-resolver@1.12.2 postinstall { code: 0, signal: null }
2778 silly ADD node_modules/concat-map
2779 silly ADD node_modules/is-weakset
2780 silly ADD node_modules/is-weakmap
2781 silly ADD node_modules/is-map
2782 silly ADD node_modules/generator-function
2783 silly ADD node_modules/async-function
2784 silly ADD node_modules/which-collection
2785 silly ADD node_modules/is-generator-function
2786 silly ADD node_modules/is-finalizationregistry
2787 silly ADD node_modules/is-async-function
2788 silly ADD node_modules/is-number-object
2789 silly ADD node_modules/is-boolean-object
2790 silly ADD node_modules/is-bigint
2791 silly ADD node_modules/isexe
2792 silly ADD node_modules/punycode
2793 silly ADD node_modules/napi-postinstall
2794 silly ADD node_modules/@unrs/resolver-binding-linux-x64-gnu
2795 silly ADD node_modules/which-boxed-primitive
2796 silly ADD node_modules/has-bigints
2797 silly ADD node_modules/which-builtin-type
2798 silly ADD node_modules/reflect.getprototypeof
2799 silly ADD node_modules/for-each
2800 silly ADD node_modules/strip-bom
2801 silly ADD node_modules/minimist
2802 silly ADD node_modules/json5
2803 silly ADD node_modules/@types/json5
2804 silly ADD node_modules/is-number
2805 silly ADD node_modules/fdir
2806 silly ADD node_modules/client-only
2807 silly ADD node_modules/is-arrayish
2808 silly ADD node_modules/side-channel-weakmap
2809 silly ADD node_modules/side-channel-map
2810 silly ADD node_modules/side-channel-list
2811 silly ADD node_modules/shebang-regex
2812 silly ADD node_modules/simple-swizzle
2813 silly ADD node_modules/color-name
2814 silly ADD node_modules/color-string
2815 silly ADD node_modules/color-convert
2816 silly ADD node_modules/detect-libc
2817 silly ADD node_modules/color
2818 silly ADD node_modules/@img/sharp-linux-x64
2819 silly ADD node_modules/@img/sharp-libvips-linux-x64
2820 silly ADD node_modules/isarray
2821 silly ADD node_modules/queue-microtask
2822 silly ADD node_modules/supports-preserve-symlinks-flag
2823 silly ADD node_modules/path-parse
2824 silly ADD node_modules/node-exports-info
2825 silly ADD node_modules/node-exports-info/node_modules/semver
2826 silly ADD node_modules/scheduler
2827 silly ADD node_modules/js-tokens
2828 silly ADD node_modules/react-is
2829 silly ADD node_modules/object-assign
2830 silly ADD node_modules/loose-envify
2831 silly ADD node_modules/source-map-js
2832 silly ADD node_modules/picocolors
2833 silly ADD node_modules/nanoid
2834 silly ADD node_modules/yocto-queue
2835 silly ADD node_modules/p-limit
2836 silly ADD node_modules/word-wrap
2837 silly ADD node_modules/fast-levenshtein
2838 silly ADD node_modules/deep-is
2839 silly ADD node_modules/streamsearch
2840 silly ADD node_modules/styled-jsx
2841 silly ADD node_modules/sharp
2842 silly ADD node_modules/caniuse-lite
2843 silly ADD node_modules/busboy
2844 silly ADD node_modules/@swc/helpers
2845 silly ADD node_modules/@swc/counter
2846 silly ADD node_modules/@next/swc-linux-x64-gnu
2847 silly ADD node_modules/@next/env
2848 silly ADD node_modules/balanced-match
2849 silly ADD node_modules/brace-expansion
2850 silly ADD node_modules/to-regex-range
2851 silly ADD node_modules/fill-range
2852 silly ADD node_modules/picomatch
2853 silly ADD node_modules/braces
2854 silly ADD node_modules/p-locate
2855 silly ADD node_modules/type-check
2856 silly ADD node_modules/prelude-ls
2857 silly ADD node_modules/language-subtag-registry
2858 silly ADD node_modules/json-buffer
2859 silly ADD node_modules/set-function-name
2860 silly ADD node_modules/is-extglob
2861 silly ADD node_modules/side-channel
2862 silly ADD node_modules/resolve-pkg-maps
2863 silly ADD node_modules/dunder-proto
2864 silly ADD node_modules/is-document.all
2865 silly ADD node_modules/functions-have-names
2866 silly ADD node_modules/tslib
2867 silly ADD node_modules/motion-utils
2868 silly ADD node_modules/motion-dom
2869 silly ADD node_modules/keyv
2870 silly ADD node_modules/flatted
2871 silly ADD node_modules/path-exists
2872 silly ADD node_modules/locate-path
2873 silly ADD node_modules/flat-cache
2874 silly ADD node_modules/reusify
2875 silly ADD node_modules/run-parallel
2876 silly ADD node_modules/fastq
2877 silly ADD node_modules/@nodelib/fs.scandir
2878 silly ADD node_modules/micromatch
2879 silly ADD node_modules/merge2
2880 silly ADD node_modules/@nodelib/fs.walk
2881 silly ADD node_modules/@nodelib/fs.stat
2882 silly ADD node_modules/acorn-jsx
2883 silly ADD node_modules/acorn
2884 silly ADD node_modules/esrecurse
2885 silly ADD node_modules/@types/esrecurse
2886 silly ADD node_modules/iterator.prototype
2887 silly ADD node_modules/string.prototype.repeat
2888 silly ADD node_modules/string.prototype.matchall
2889 silly ADD node_modules/prop-types
2890 silly ADD node_modules/object.entries
2891 silly ADD node_modules/estraverse
2892 silly ADD node_modules/es-iterator-helpers
2893 silly ADD node_modules/array.prototype.tosorted
2894 silly ADD node_modules/array.prototype.findlast
2895 silly ADD node_modules/string.prototype.includes
2896 silly ADD node_modules/language-tags
2897 silly ADD node_modules/jsx-ast-utils
2898 silly ADD node_modules/emoji-regex
2899 silly ADD node_modules/damerau-levenshtein
2900 silly ADD node_modules/axobject-query
2901 silly ADD node_modules/axe-core
2902 silly ADD node_modules/ast-types-flow
2903 silly ADD node_modules/aria-query
2904 silly ADD node_modules/is-symbol
2905 silly ADD node_modules/is-date-object
2906 silly ADD node_modules/es-abstract-get
2907 silly ADD node_modules/has-tostringtag
2908 silly ADD node_modules/possible-typed-array-names
2909 silly ADD node_modules/which-typed-array
2910 silly ADD node_modules/unbox-primitive
2911 silly ADD node_modules/typed-array-length
2912 silly ADD node_modules/typed-array-byte-offset
2913 silly ADD node_modules/typed-array-byte-length
2914 silly ADD node_modules/typed-array-buffer
2915 silly ADD node_modules/string.prototype.trimstart
2916 silly ADD node_modules/string.prototype.trim
2917 silly ADD node_modules/stop-iteration-iterator
2918 silly ADD node_modules/set-proto
2919 silly ADD node_modules/safe-regex-test
2920 silly ADD node_modules/safe-push-apply
2921 silly ADD node_modules/safe-array-concat
2922 silly ADD node_modules/regexp.prototype.flags
2923 silly ADD node_modules/own-keys
2924 silly ADD node_modules/object.assign
2925 silly ADD node_modules/object-inspect
2926 silly ADD node_modules/is-weakref
2927 silly ADD node_modules/is-typed-array
2928 silly ADD node_modules/is-shared-array-buffer
2929 silly ADD node_modules/is-set
2930 silly ADD node_modules/is-regex
2931 silly ADD node_modules/is-negative-zero
2932 silly ADD node_modules/is-data-view
2933 silly ADD node_modules/is-callable
2934 silly ADD node_modules/is-array-buffer
2935 silly ADD node_modules/internal-slot
2936 silly ADD node_modules/has-symbols
2937 silly ADD node_modules/has-proto
2938 silly ADD node_modules/globalthis
2939 silly ADD node_modules/get-symbol-description
2940 silly ADD node_modules/get-proto
2941 silly ADD node_modules/function.prototype.name
2942 silly ADD node_modules/es-to-primitive
2943 silly ADD node_modules/es-set-tostringtag
2944 silly ADD node_modules/data-view-byte-offset
2945 silly ADD node_modules/data-view-byte-length
2946 silly ADD node_modules/data-view-buffer
2947 silly ADD node_modules/available-typed-arrays
2948 silly ADD node_modules/arraybuffer.prototype.slice
2949 silly ADD node_modules/array-buffer-byte-length
2950 silly ADD node_modules/gopd
2951 silly ADD node_modules/object-keys
2952 silly ADD node_modules/has-property-descriptors
2953 silly ADD node_modules/define-data-property
2954 silly ADD node_modules/function-bind
2955 silly ADD node_modules/set-function-length
2956 silly ADD node_modules/es-define-property
2957 silly ADD node_modules/call-bind-apply-helpers
2958 silly ADD node_modules/es-shim-unscopables
2959 silly ADD node_modules/es-errors
2960 silly ADD node_modules/math-intrinsics
2961 silly ADD node_modules/is-string
2962 silly ADD node_modules/get-intrinsic
2963 silly ADD node_modules/es-object-atoms
2964 silly ADD node_modules/es-abstract
2965 silly ADD node_modules/define-properties
2966 silly ADD node_modules/call-bound
2967 silly ADD node_modules/call-bind
2968 silly ADD node_modules/tsconfig-paths
2969 silly ADD node_modules/string.prototype.trimend
2970 silly ADD node_modules/object.values
2971 silly ADD node_modules/object.groupby
2972 silly ADD node_modules/object.fromentries
2973 silly ADD node_modules/hasown
2974 silly ADD node_modules/eslint-module-utils
2975 silly ADD node_modules/eslint-module-utils/node_modules/debug
2976 silly ADD node_modules/doctrine
2977 silly ADD node_modules/array.prototype.flatmap
2978 silly ADD node_modules/array.prototype.flat
2979 silly ADD node_modules/array.prototype.findlastindex
2980 silly ADD node_modules/array-includes
2981 silly ADD node_modules/@rtsao/scc
2982 silly ADD node_modules/unrs-resolver
2983 silly ADD node_modules/stable-hash
2984 silly ADD node_modules/is-bun-module
2985 silly ADD node_modules/get-tsconfig
2986 silly ADD node_modules/@nolyfill/is-core-module
2987 silly ADD node_modules/resolve
2988 silly ADD node_modules/is-core-module
2989 silly ADD node_modules/tinyglobby
2990 silly ADD node_modules/tinyglobby/node_modules/picomatch
2991 silly ADD node_modules/semver
2992 silly ADD node_modules/@typescript-eslint/tsconfig-utils
2993 silly ADD node_modules/@typescript-eslint/project-service
2994 silly ADD node_modules/@typescript-eslint/typescript-estree
2995 silly ADD node_modules/@typescript-eslint/types
2996 silly ADD node_modules/ts-api-utils
2997 silly ADD node_modules/@typescript-eslint/visitor-keys
2998 silly ADD node_modules/@typescript-eslint/utils
2999 silly ADD node_modules/@typescript-eslint/type-utils
3000 silly ADD node_modules/@typescript-eslint/scope-manager
3001 silly ADD node_modules/fast-glob
3002 silly ADD node_modules/fast-glob/node_modules/glob-parent
3003 silly ADD node_modules/eslint-plugin-react-hooks
3004 silly ADD node_modules/eslint-plugin-react
3005 silly ADD node_modules/eslint-plugin-react/node_modules/balanced-match
3006 silly ADD node_modules/eslint-plugin-react/node_modules/brace-expansion
3007 silly ADD node_modules/eslint-plugin-react/node_modules/semver
3008 silly ADD node_modules/eslint-plugin-react/node_modules/minimatch
3009 silly ADD node_modules/eslint-plugin-jsx-a11y
3010 silly ADD node_modules/eslint-plugin-jsx-a11y/node_modules/balanced-match
3011 silly ADD node_modules/eslint-plugin-jsx-a11y/node_modules/brace-expansion
3012 silly ADD node_modules/eslint-plugin-jsx-a11y/node_modules/minimatch
3013 silly ADD node_modules/eslint-plugin-import
3014 silly ADD node_modules/eslint-plugin-import/node_modules/balanced-match
3015 silly ADD node_modules/eslint-plugin-import/node_modules/brace-expansion
3016 silly ADD node_modules/eslint-plugin-import/node_modules/semver
3017 silly ADD node_modules/eslint-plugin-import/node_modules/minimatch
3018 silly ADD node_modules/eslint-plugin-import/node_modules/debug
3019 silly ADD node_modules/eslint-import-resolver-typescript
3020 silly ADD node_modules/eslint-import-resolver-node
3021 silly ADD node_modules/eslint-import-resolver-node/node_modules/debug
3022 silly ADD node_modules/@typescript-eslint/parser
3023 silly ADD node_modules/@typescript-eslint/eslint-plugin
3024 silly ADD node_modules/@typescript-eslint/eslint-plugin/node_modules/ignore
3025 silly ADD node_modules/@rushstack/eslint-patch
3026 silly ADD node_modules/@next/eslint-plugin-next
3027 silly ADD node_modules/ms
3028 silly ADD node_modules/which
3029 silly ADD node_modules/shebang-command
3030 silly ADD node_modules/path-key
3031 silly ADD node_modules/uri-js
3032 silly ADD node_modules/json-schema-traverse
3033 silly ADD node_modules/fast-json-stable-stringify
3034 silly ADD node_modules/@humanfs/types
3035 silly ADD node_modules/@humanfs/core
3036 silly ADD node_modules/levn
3037 silly ADD node_modules/@types/json-schema
3038 silly ADD node_modules/@eslint/object-schema
3039 silly ADD node_modules/optionator
3040 silly ADD node_modules/natural-compare
3041 silly ADD node_modules/minimatch
3042 silly ADD node_modules/json-stable-stringify-without-jsonify
3043 silly ADD node_modules/is-glob
3044 silly ADD node_modules/imurmurhash
3045 silly ADD node_modules/ignore
3046 silly ADD node_modules/glob-parent
3047 silly ADD node_modules/find-up
3048 silly ADD node_modules/file-entry-cache
3049 silly ADD node_modules/fast-deep-equal
3050 silly ADD node_modules/esutils
3051 silly ADD node_modules/esquery
3052 silly ADD node_modules/espree
3053 silly ADD node_modules/eslint-visitor-keys
3054 silly ADD node_modules/eslint-scope
3055 silly ADD node_modules/escape-string-regexp
3056 silly ADD node_modules/debug
3057 silly ADD node_modules/cross-spawn
3058 silly ADD node_modules/ajv
3059 silly ADD node_modules/@types/estree
3060 silly ADD node_modules/@humanwhocodes/retry
3061 silly ADD node_modules/@humanwhocodes/module-importer
3062 silly ADD node_modules/@humanfs/node
3063 silly ADD node_modules/@eslint/plugin-kit
3064 silly ADD node_modules/@eslint/core
3065 silly ADD node_modules/@eslint/config-helpers
3066 silly ADD node_modules/@eslint/config-array
3067 silly ADD node_modules/@eslint-community/regexpp
3068 silly ADD node_modules/@eslint-community/eslint-utils
3069 silly ADD node_modules/@eslint-community/eslint-utils/node_modules/eslint-visitor-keys
3070 silly ADD node_modules/csstype
3071 silly ADD node_modules/undici-types
3072 silly ADD node_modules/vazirmatn
3073 silly ADD node_modules/typescript
3074 silly ADD node_modules/tailwindcss
3075 silly ADD node_modules/react-dom
3076 silly ADD node_modules/react
3077 silly ADD node_modules/postcss
3078 silly ADD node_modules/next
3079 silly ADD node_modules/next/node_modules/postcss
3080 silly ADD node_modules/lucide-react
3081 silly ADD node_modules/framer-motion
3082 silly ADD node_modules/eslint-config-next
3083 silly ADD node_modules/eslint
3084 silly ADD node_modules/@types/react-dom
3085 silly ADD node_modules/@types/react
3086 silly ADD node_modules/@types/node
3087 verbose cwd /home/team/shared/site
3088 verbose os Linux 6.1.158+
3089 verbose node v24.16.0
3090 verbose npm  v11.13.0
3091 verbose exit 0
3092 info ok
